timestamp,defer_failsafes_timeout_s,disable_auto_disarm,defer_failsafes,disable_auto_set_home,source_type,source_id
123544000,0,0,0,0,0,0
124048000,0,0,0,0,0,0
124552000,0,0,0,0,0,0
125056000,0,0,0,0,0,0
125560000,0,0,0,0,0,0
126064000,0,0,0,0,0,0
126568000,0,0,0,0,0,0
127072000,0,0,0,0,0,0
127576000,0,0,0,0,0,0
128080000,0,0,0,0,0,0
128584000,0,0,0,0,0,0
129088000,0,0,0,0,0,0
129592000,0,0,0,0,0,0
130096000,0,0,0,0,0,0
130600000,0,0,0,0,0,0
131104000,0,0,0,0,0,0
131608000,0,0,0,0,0,0
132112000,0,0,0,0,0,0
132616000,0,0,0,0,0,0
133120000,0,0,0,0,0,0
133624000,0,0,0,0,0,0
134128000,0,0,0,0,0,0
134632000,0,0,0,0,0,0
135136000,0,0,0,0,0,0
135640000,0,0,0,0,0,0
136144000,0,0,0,0,0,0
136648000,0,0,0,0,0,0
137152000,0,0,0,0,0,0
137656000,0,0,0,0,0,0
138160000,0,0,0,0,0,0
138664000,0,0,0,0,0,0
139168000,0,0,0,0,0,0
139672000,0,0,0,0,0,0
140176000,0,0,0,0,0,0
140680000,0,0,0,0,0,0
141184000,0,0,0,0,0,0
141688000,0,0,0,0,0,0
142192000,0,0,0,0,0,0
142696000,0,0,0,0,0,0
143200000,0,0,0,0,0,0
143704000,0,0,0,0,0,0
144208000,0,0,0,0,0,0
144712000,0,0,0,0,0,0
145216000,0,0,0,0,0,0
145720000,0,0,0,0,0,0
146224000,0,0,0,0,0,0
146728000,0,0,0,0,0,0
147232000,0,0,0,0,0,0
147736000,0,0,0,0,0,0
148240000,0,0,0,0,0,0
148744000,0,0,0,0,0,0
149248000,0,0,0,0,0,0
149752000,0,0,0,0,0,0
150256000,0,0,0,0,0,0
150760000,0,0,0,0,0,0
151264000,0,0,0,0,0,0
151768000,0,0,0,0,0,0
152272000,0,0,0,0,0,0
152776000,0,0,0,0,0,0
153280000,0,0,0,0,0,0
153784000,0,0,0,0,0,0
154288000,0,0,0,0,0,0
154792000,0,0,0,0,0,0
155296000,0,0,0,0,0,0
155800000,0,0,0,0,0,0
156304000,0,0,0,0,0,0
156808000,0,0,0,0,0,0
157312000,0,0,0,0,0,0
157816000,0,0,0,0,0,0
158320000,0,0,0,0,0,0
158824000,0,0,0,0,0,0
159328000,0,0,0,0,0,0
159832000,0,0,0,0,0,0
160336000,0,0,0,0,0,0
160840000,0,0,0,0,0,0
161344000,0,0,0,0,0,0
161848000,0,0,0,0,0,0
162352000,0,0,0,0,0,0
162856000,0,0,0,0,0,0
163360000,0,0,0,0,0,0
163864000,0,0,0,0,0,0
164368000,0,0,0,0,0,0
164872000,0,0,0,0,0,0
165376000,0,0,0,0,0,0
165880000,0,0,0,0,0,0
166384000,0,0,0,0,0,0
166888000,0,0,0,0,0,0
167392000,0,0,0,0,0,0
167896000,0,0,0,0,0,0
168400000,0,0,0,0,0,0
168904000,0,0,0,0,0,0
169408000,0,0,0,0,0,0
169912000,0,0,0,0,0,0
170416000,0,0,0,0,0,0
170920000,0,0,0,0,0,0
171424000,0,0,0,0,0,0
171928000,0,0,0,0,0,0
172432000,0,0,0,0,0,0
172936000,0,0,0,0,0,0
173440000,0,0,0,0,0,0
173944000,0,0,0,0,0,0
174448000,0,0,0,0,0,0
174952000,0,0,0,0,0,0
175456000,0,0,0,0,0,0
175960000,0,0,0,0,0,0
176464000,0,0,0,0,0,0
176968000,0,0,0,0,0,0
177472000,0,0,0,0,0,0
177976000,0,0,0,0,0,0
178480000,0,0,0,0,0,0
178984000,0,0,0,0,0,0
179488000,0,0,0,0,0,0
179992000,0,0,0,0,0,0
180496000,0,0,0,0,0,0
181000000,0,0,0,0,0,0
181504000,0,0,0,0,0,0
182008000,0,0,0,0,0,0
182512000,0,0,0,0,0,0
183016000,0,0,0,0,0,0
183520000,0,0,0,0,0,0
184024000,0,0,0,0,0,0
184528000,0,0,0,0,0,0
185032000,0,0,0,0,0,0
185536000,0,0,0,0,0,0
186040000,0,0,0,0,0,0
186544000,0,0,0,0,0,0
187048000,0,0,0,0,0,0
187552000,0,0,0,0,0,0
188056000,0,0,0,0,0,0
188560000,0,0,0,0,0,0
189064000,0,0,0,0,0,0
189568000,0,0,0,0,0,0
190072000,0,0,0,0,0,0
190576000,0,0,0,0,0,0
191080000,0,0,0,0,0,0
191584000,0,0,0,0,0,0
192088000,0,0,0,0,0,0
192592000,0,0,0,0,0,0
193096000,0,0,0,0,0,0
193600000,0,0,0,0,0,0
194104000,0,0,0,0,0,0
194608000,0,0,0,0,0,0
195112000,0,0,0,0,0,0
195616000,0,0,0,0,0,0
196120000,0,0,0,0,0,0
196624000,0,0,0,0,0,0
197128000,0,0,0,0,0,0
197632000,0,0,0,0,0,0
198136000,0,0,0,0,0,0
198640000,0,0,0,0,0,0
199144000,0,0,0,0,0,0
199648000,0,0,0,0,0,0
200152000,0,0,0,0,0,0
200656000,0,0,0,0,0,0
201160000,0,0,0,0,0,0
201664000,0,0,0,0,0,0
202168000,0,0,0,0,0,0
202672000,0,0,0,0,0,0
203176000,0,0,0,0,0,0
203680000,0,0,0,0,0,0
204184000,0,0,0,0,0,0
204688000,0,0,0,0,0,0
205192000,0,0,0,0,0,0
205696000,0,0,0,0,0,0
206200000,0,0,0,0,0,0
206704000,0,0,0,0,0,0
207208000,0,0,0,0,0,0
207712000,0,0,0,0,0,0
208216000,0,0,0,0,0,0
208720000,0,0,0,0,0,0
209224000,0,0,0,0,0,0
209728000,0,0,0,0,0,0
210232000,0,0,0,0,0,0
210736000,0,0,0,0,0,0
211240000,0,0,0,0,0,0
211744000,0,0,0,0,0,0
212248000,0,0,0,0,0,0
212752000,0,0,0,0,0,0
213256000,0,0,0,0,0,0
213760000,0,0,0,0,0,0
214264000,0,0,0,0,0,0
214768000,0,0,0,0,0,0
215272000,0,0,0,0,0,0
215776000,0,0,0,0,0,0
216280000,0,0,0,0,0,0
216784000,0,0,0,0,0,0
217288000,0,0,0,0,0,0
217792000,0,0,0,0,0,0
218296000,0,0,0,0,0,0
218800000,0,0,0,0,0,0
219304000,0,0,0,0,0,0
219808000,0,0,0,0,0,0
220312000,0,0,0,0,0,0
220816000,0,0,0,0,0,0
221320000,0,0,0,0,0,0
221824000,0,0,0,0,0,0
222328000,0,0,0,0,0,0
222832000,0,0,0,0,0,0
223336000,0,0,0,0,0,0
223840000,0,0,0,0,0,0
224344000,0,0,0,0,0,0
224848000,0,0,0,0,0,0
225352000,0,0,0,0,0,0
225856000,0,0,0,0,0,0
226360000,0,0,0,0,0,0
226864000,0,0,0,0,0,0
227368000,0,0,0,0,0,0
227872000,0,0,0,0,0,0
228376000,0,0,0,0,0,0
228880000,0,0,0,0,0,0
229384000,0,0,0,0,0,0
229888000,0,0,0,0,0,0
230392000,0,0,0,0,0,0
230896000,0,0,0,0,0,0
231400000,0,0,0,0,0,0
231904000,0,0,0,0,0,0
232408000,0,0,0,0,0,0
232912000,0,0,0,0,0,0
233416000,0,0,0,0,0,0
233920000,0,0,0,0,0,0
234424000,0,0,0,0,0,0
234928000,0,0,0,0,0,0
235432000,0,0,0,0,0,0
235936000,0,0,0,0,0,0
236440000,0,0,0,0,0,0
236944000,0,0,0,0,0,0
237448000,0,0,0,0,0,0
237952000,0,0,0,0,0,0
238456000,0,0,0,0,0,0
238960000,0,0,0,0,0,0
239464000,0,0,0,0,0,0
239968000,0,0,0,0,0,0
240472000,0,0,0,0,0,0
240976000,0,0,0,0,0,0
241480000,0,0,0,0,0,0
241984000,0,0,0,0,0,0
242488000,0,0,0,0,0,0
242992000,0,0,0,0,0,0
243496000,0,0,0,0,0,0
244000000,0,0,0,0,0,0
244504000,0,0,0,0,0,0
245008000,0,0,0,0,0,0
245512000,0,0,0,0,0,0
246016000,0,0,0,0,0,0
246520000,0,0,0,0,0,0
247024000,0,0,0,0,0,0
247528000,0,0,0,0,0,0
248032000,0,0,0,0,0,0
248536000,0,0,0,0,0,0
249040000,0,0,0,0,0,0
249544000,0,0,0,0,0,0
250048000,0,0,0,0,0,0
250552000,0,0,0,0,0,0
251056000,0,0,0,0,0,0
251560000,0,0,0,0,0,0
252064000,0,0,0,0,0,0
252568000,0,0,0,0,0,0
253072000,0,0,0,0,0,0
253576000,0,0,0,0,0,0
254080000,0,0,0,0,0,0
254584000,0,0,0,0,0,0
255088000,0,0,0,0,0,0
255592000,0,0,0,0,0,0
256096000,0,0,0,0,0,0
256600000,0,0,0,0,0,0
257104000,0,0,0,0,0,0
257608000,0,0,0,0,0,0
258112000,0,0,0,0,0,0
258616000,0,0,0,0,0,0
259120000,0,0,0,0,0,0
259624000,0,0,0,0,0,0
260128000,0,0,0,0,0,0
260632000,0,0,0,0,0,0
261136000,0,0,0,0,0,0
261640000,0,0,0,0,0,0
262144000,0,0,0,0,0,0
262648000,0,0,0,0,0,0
263152000,0,0,0,0,0,0
263656000,0,0,0,0,0,0
264160000,0,0,0,0,0,0
264664000,0,0,0,0,0,0
265168000,0,0,0,0,0,0
265672000,0,0,0,0,0,0
266176000,0,0,0,0,0,0
266680000,0,0,0,0,0,0
267184000,0,0,0,0,0,0
267688000,0,0,0,0,0,0
268192000,0,0,0,0,0,0
268696000,0,0,0,0,0,0
269200000,0,0,0,0,0,0
269704000,0,0,0,0,0,0
270208000,0,0,0,0,0,0
270712000,0,0,0,0,0,0
271216000,0,0,0,0,0,0
271720000,0,0,0,0,0,0
272224000,0,0,0,0,0,0
272728000,0,0,0,0,0,0
273232000,0,0,0,0,0,0
273736000,0,0,0,0,0,0
274240000,0,0,0,0,0,0
274744000,0,0,0,0,0,0
275248000,0,0,0,0,0,0
275752000,0,0,0,0,0,0
276256000,0,0,0,0,0,0
276760000,0,0,0,0,0,0
277264000,0,0,0,0,0,0
277768000,0,0,0,0,0,0
278272000,0,0,0,0,0,0
278776000,0,0,0,0,0,0
279280000,0,0,0,0,0,0
279784000,0,0,0,0,0,0
280288000,0,0,0,0,0,0
280792000,0,0,0,0,0,0
281296000,0,0,0,0,0,0
281800000,0,0,0,0,0,0
282304000,0,0,0,0,0,0
282808000,0,0,0,0,0,0
283312000,0,0,0,0,0,0
283816000,0,0,0,0,0,0
284320000,0,0,0,0,0,0
284824000,0,0,0,0,0,0
285328000,0,0,0,0,0,0
285832000,0,0,0,0,0,0
286336000,0,0,0,0,0,0
286840000,0,0,0,0,0,0
287344000,0,0,0,0,0,0
287848000,0,0,0,0,0,0
288352000,0,0,0,0,0,0
288856000,0,0,0,0,0,0
289360000,0,0,0,0,0,0
289864000,0,0,0,0,0,0
290368000,0,0,0,0,0,0
290872000,0,0,0,0,0,0
291376000,0,0,0,0,0,0
291880000,0,0,0,0,0,0
292384000,0,0,0,0,0,0
292888000,0,0,0,0,0,0
293392000,0,0,0,0,0,0
293896000,0,0,0,0,0,0
294400000,0,0,0,0,0,0
294904000,0,0,0,0,0,0
295408000,0,0,0,0,0,0
295912000,0,0,0,0,0,0
296416000,0,0,0,0,0,0
296920000,0,0,0,0,0,0
297424000,0,0,0,0,0,0
297928000,0,0,0,0,0,0
298432000,0,0,0,0,0,0
298936000,0,0,0,0,0,0
299440000,0,0,0,0,0,0
299944000,0,0,0,0,0,0
300448000,0,0,0,0,0,0
300952000,0,0,0,0,0,0
301456000,0,0,0,0,0,0
301960000,0,0,0,0,0,0
302464000,0,0,0,0,0,0
302968000,0,0,0,0,0,0
303472000,0,0,0,0,0,0
303976000,0,0,0,0,0,0
304480000,0,0,0,0,0,0
304984000,0,0,0,0,0,0
305488000,0,0,0,0,0,0
305992000,0,0,0,0,0,0
306496000,0,0,0,0,0,0
307000000,0,0,0,0,0,0
307504000,0,0,0,0,0,0
308008000,0,0,0,0,0,0
308512000,0,0,0,0,0,0
309016000,0,0,0,0,0,0
309520000,0,0,0,0,0,0
310024000,0,0,0,0,0,0
310528000,0,0,0,0,0,0
311032000,0,0,0,0,0,0
311536000,0,0,0,0,0,0
312040000,0,0,0,0,0,0
312544000,0,0,0,0,0,0
313048000,0,0,0,0,0,0
313552000,0,0,0,0,0,0
314056000,0,0,0,0,0,0
314560000,0,0,0,0,0,0
315064000,0,0,0,0,0,0
315568000,0,0,0,0,0,0
316072000,0,0,0,0,0,0
316576000,0,0,0,0,0,0
317080000,0,0,0,0,0,0
317584000,0,0,0,0,0,0
318088000,0,0,0,0,0,0
318592000,0,0,0,0,0,0
319096000,0,0,0,0,0,0
319600000,0,0,0,0,0,0
320104000,0,0,0,0,0,0
320608000,0,0,0,0,0,0
321112000,0,0,0,0,0,0
321616000,0,0,0,0,0,0
322120000,0,0,0,0,0,0
322624000,0,0,0,0,0,0
323128000,0,0,0,0,0,0
323632000,0,0,0,0,0,0
324136000,0,0,0,0,0,0
324640000,0,0,0,0,0,0
325144000,0,0,0,0,0,0
325648000,0,0,0,0,0,0
326152000,0,0,0,0,0,0
326656000,0,0,0,0,0,0
327160000,0,0,0,0,0,0
327664000,0,0,0,0,0,0
328168000,0,0,0,0,0,0
328672000,0,0,0,0,0,0
329176000,0,0,0,0,0,0
329680000,0,0,0,0,0,0
330184000,0,0,0,0,0,0
330688000,0,0,0,0,0,0
331192000,0,0,0,0,0,0
331696000,0,0,0,0,0,0
332200000,0,0,0,0,0,0
332704000,0,0,0,0,0,0
333208000,0,0,0,0,0,0
333712000,0,0,0,0,0,0
334216000,0,0,0,0,0,0
334720000,0,0,0,0,0,0
335224000,0,0,0,0,0,0
335728000,0,0,0,0,0,0
336232000,0,0,0,0,0,0
336736000,0,0,0,0,0,0
337240000,0,0,0,0,0,0
337744000,0,0,0,0,0,0
338248000,0,0,0,0,0,0
338752000,0,0,0,0,0,0
339256000,0,0,0,0,0,0
339760000,0,0,0,0,0,0
340264000,0,0,0,0,0,0
340768000,0,0,0,0,0,0
341272000,0,0,0,0,0,0
341776000,0,0,0,0,0,0
342280000,0,0,0,0,0,0
342784000,0,0,0,0,0,0
343288000,0,0,0,0,0,0
343792000,0,0,0,0,0,0
344296000,0,0,0,0,0,0
344800000,0,0,0,0,0,0
345304000,0,0,0,0,0,0
345808000,0,0,0,0,0,0
346312000,0,0,0,0,0,0
346816000,0,0,0,0,0,0
347320000,0,0,0,0,0,0
347824000,0,0,0,0,0,0
348328000,0,0,0,0,0,0
348832000,0,0,0,0,0,0
349336000,0,0,0,0,0,0
349840000,0,0,0,0,0,0
350344000,0,0,0,0,0,0
350848000,0,0,0,0,0,0
351352000,0,0,0,0,0,0
351856000,0,0,0,0,0,0
352360000,0,0,0,0,0,0
352864000,0,0,0,0,0,0
353368000,0,0,0,0,0,0
353872000,0,0,0,0,0,0
354376000,0,0,0,0,0,0
354880000,0,0,0,0,0,0
355384000,0,0,0,0,0,0
355888000,0,0,0,0,0,0
356392000,0,0,0,0,0,0
356896000,0,0,0,0,0,0
357400000,0,0,0,0,0,0
357904000,0,0,0,0,0,0
358408000,0,0,0,0,0,0
358912000,0,0,0,0,0,0
359416000,0,0,0,0,0,0
359920000,0,0,0,0,0,0
360424000,0,0,0,0,0,0
360928000,0,0,0,0,0,0
361432000,0,0,0,0,0,0
361936000,0,0,0,0,0,0
362440000,0,0,0,0,0,0
362944000,0,0,0,0,0,0
363448000,0,0,0,0,0,0
363952000,0,0,0,0,0,0
364456000,0,0,0,0,0,0
364960000,0,0,0,0,0,0
365464000,0,0,0,0,0,0
365968000,0,0,0,0,0,0
366472000,0,0,0,0,0,0
366976000,0,0,0,0,0,0
367480000,0,0,0,0,0,0
367984000,0,0,0,0,0,0
368488000,0,0,0,0,0,0
368992000,0,0,0,0,0,0
369496000,0,0,0,0,0,0
370000000,0,0,0,0,0,0
370504000,0,0,0,0,0,0
371008000,0,0,0,0,0,0
371512000,0,0,0,0,0,0
372016000,0,0,0,0,0,0
372520000,0,0,0,0,0,0
373024000,0,0,0,0,0,0
373528000,0,0,0,0,0,0
374032000,0,0,0,0,0,0
374536000,0,0,0,0,0,0
375040000,0,0,0,0,0,0
375544000,0,0,0,0,0,0
376048000,0,0,0,0,0,0
376552000,0,0,0,0,0,0
377056000,0,0,0,0,0,0
377560000,0,0,0,0,0,0
378064000,0,0,0,0,0,0
378568000,0,0,0,0,0,0
379072000,0,0,0,0,0,0
379576000,0,0,0,0,0,0
380080000,0,0,0,0,0,0
380584000,0,0,0,0,0,0
381088000,0,0,0,0,0,0
381592000,0,0,0,0,0,0
382096000,0,0,0,0,0,0
382600000,0,0,0,0,0,0
383104000,0,0,0,0,0,0
383608000,0,0,0,0,0,0
384112000,0,0,0,0,0,0
384616000,0,0,0,0,0,0
385120000,0,0,0,0,0,0
385624000,0,0,0,0,0,0
386128000,0,0,0,0,0,0
386632000,0,0,0,0,0,0
387136000,0,0,0,0,0,0
387640000,0,0,0,0,0,0
388144000,0,0,0,0,0,0
388648000,0,0,0,0,0,0
389152000,0,0,0,0,0,0
389656000,0,0,0,0,0,0
390160000,0,0,0,0,0,0
390664000,0,0,0,0,0,0
391168000,0,0,0,0,0,0
391672000,0,0,0,0,0,0
392176000,0,0,0,0,0,0
392680000,0,0,0,0,0,0
393184000,0,0,0,0,0,0
393688000,0,0,0,0,0,0
394192000,0,0,0,0,0,0
394696000,0,0,0,0,0,0
395200000,0,0,0,0,0,0
395704000,0,0,0,0,0,0
396208000,0,0,0,0,0,0
396712000,0,0,0,0,0,0
397216000,0,0,0,0,0,0
397720000,0,0,0,0,0,0
398224000,0,0,0,0,0,0
398728000,0,0,0,0,0,0
399232000,0,0,0,0,0,0
399736000,0,0,0,0,0,0
400240000,0,0,0,0,0,0
400744000,0,0,0,0,0,0
401248000,0,0,0,0,0,0
401752000,0,0,0,0,0,0
402256000,0,0,0,0,0,0
402760000,0,0,0,0,0,0
403264000,0,0,0,0,0,0
403768000,0,0,0,0,0,0
404272000,0,0,0,0,0,0
404776000,0,0,0,0,0,0
405280000,0,0,0,0,0,0
405784000,0,0,0,0,0,0
406288000,0,0,0,0,0,0
406792000,0,0,0,0,0,0
407296000,0,0,0,0,0,0
407800000,0,0,0,0,0,0
408304000,0,0,0,0,0,0
408808000,0,0,0,0,0,0
409312000,0,0,0,0,0,0
409816000,0,0,0,0,0,0
410320000,0,0,0,0,0,0
410824000,0,0,0,0,0,0
411328000,0,0,0,0,0,0
411832000,0,0,0,0,0,0
412336000,0,0,0,0,0,0
412840000,0,0,0,0,0,0
413344000,0,0,0,0,0,0
413848000,0,0,0,0,0,0
414352000,0,0,0,0,0,0
414856000,0,0,0,0,0,0
415360000,0,0,0,0,0,0
415864000,0,0,0,0,0,0
416368000,0,0,0,0,0,0
416872000,0,0,0,0,0,0
417376000,0,0,0,0,0,0
417880000,0,0,0,0,0,0
418384000,0,0,0,0,0,0
418888000,0,0,0,0,0,0
419392000,0,0,0,0,0,0
419896000,0,0,0,0,0,0
420400000,0,0,0,0,0,0
420904000,0,0,0,0,0,0
421408000,0,0,0,0,0,0
421912000,0,0,0,0,0,0
422416000,0,0,0,0,0,0
422920000,0,0,0,0,0,0
423424000,0,0,0,0,0,0
423928000,0,0,0,0,0,0
424432000,0,0,0,0,0,0
424936000,0,0,0,0,0,0
425440000,0,0,0,0,0,0
425944000,0,0,0,0,0,0
426448000,0,0,0,0,0,0
426952000,0,0,0,0,0,0
427456000,0,0,0,0,0,0
427960000,0,0,0,0,0,0
428464000,0,0,0,0,0,0
428968000,0,0,0,0,0,0
429472000,0,0,0,0,0,0
429976000,0,0,0,0,0,0
430480000,0,0,0,0,0,0
430984000,0,0,0,0,0,0
431488000,0,0,0,0,0,0
431992000,0,0,0,0,0,0
432496000,0,0,0,0,0,0
433000000,0,0,0,0,0,0
433504000,0,0,0,0,0,0
434008000,0,0,0,0,0,0
434512000,0,0,0,0,0,0
435016000,0,0,0,0,0,0
435520000,0,0,0,0,0,0
436024000,0,0,0,0,0,0
436528000,0,0,0,0,0,0
437032000,0,0,0,0,0,0
437536000,0,0,0,0,0,0
438040000,0,0,0,0,0,0
438544000,0,0,0,0,0,0
439048000,0,0,0,0,0,0
439552000,0,0,0,0,0,0
440056000,0,0,0,0,0,0
440560000,0,0,0,0,0,0
441064000,0,0,0,0,0,0
441568000,0,0,0,0,0,0
442072000,0,0,0,0,0,0
442576000,0,0,0,0,0,0
443080000,0,0,0,0,0,0
443584000,0,0,0,0,0,0
444088000,0,0,0,0,0,0
444592000,0,0,0,0,0,0
445096000,0,0,0,0,0,0
445600000,0,0,0,0,0,0
446104000,0,0,0,0,0,0
446608000,0,0,0,0,0,0
447112000,0,0,0,0,0,0
447616000,0,0,0,0,0,0
448120000,0,0,0,0,0,0
448624000,0,0,0,0,0,0
449128000,0,0,0,0,0,0
449632000,0,0,0,0,0,0
450136000,0,0,0,0,0,0
450640000,0,0,0,0,0,0
451144000,0,0,0,0,0,0
451648000,0,0,0,0,0,0
452152000,0,0,0,0,0,0
452656000,0,0,0,0,0,0
453160000,0,0,0,0,0,0
453664000,0,0,0,0,0,0
454168000,0,0,0,0,0,0
454672000,0,0,0,0,0,0
455176000,0,0,0,0,0,0
455680000,0,0,0,0,0,0
456184000,0,0,0,0,0,0
456688000,0,0,0,0,0,0
457192000,0,0,0,0,0,0
457696000,0,0,0,0,0,0
458200000,0,0,0,0,0,0
458704000,0,0,0,0,0,0
459208000,0,0,0,0,0,0
459712000,0,0,0,0,0,0
460216000,0,0,0,0,0,0
460720000,0,0,0,0,0,0
461224000,0,0,0,0,0,0
461728000,0,0,0,0,0,0
462232000,0,0,0,0,0,0
462736000,0,0,0,0,0,0
463240000,0,0,0,0,0,0
463744000,0,0,0,0,0,0
464248000,0,0,0,0,0,0
464752000,0,0,0,0,0,0
465256000,0,0,0,0,0,0
465760000,0,0,0,0,0,0
466264000,0,0,0,0,0,0
466768000,0,0,0,0,0,0
467272000,0,0,0,0,0,0
467776000,0,0,0,0,0,0
468280000,0,0,0,0,0,0
468784000,0,0,0,0,0,0
469288000,0,0,0,0,0,0
469792000,0,0,0,0,0,0
470296000,0,0,0,0,0,0
470800000,0,0,0,0,0,0
471304000,0,0,0,0,0,0
471808000,0,0,0,0,0,0
472312000,0,0,0,0,0,0
472816000,0,0,0,0,0,0
473320000,0,0,0,0,0,0
473824000,0,0,0,0,0,0
474328000,0,0,0,0,0,0
474832000,0,0,0,0,0,0
475336000,0,0,0,0,0,0
475840000,0,0,0,0,0,0
476344000,0,0,0,0,0,0
476848000,0,0,0,0,0,0
477352000,0,0,0,0,0,0
477856000,0,0,0,0,0,0
478360000,0,0,0,0,0,0
478864000,0,0,0,0,0,0
479368000,0,0,0,0,0,0
479872000,0,0,0,0,0,0
480376000,0,0,0,0,0,0
480880000,0,0,0,0,0,0
481384000,0,0,0,0,0,0
481888000,0,0,0,0,0,0
482392000,0,0,0,0,0,0
482896000,0,0,0,0,0,0
483400000,0,0,0,0,0,0
483904000,0,0,0,0,0,0
484408000,0,0,0,0,0,0
484912000,0,0,0,0,0,0
485416000,0,0,0,0,0,0
485920000,0,0,0,0,0,0
486424000,0,0,0,0,0,0
486928000,0,0,0,0,0,0
487432000,0,0,0,0,0,0
487936000,0,0,0,0,0,0
488440000,0,0,0,0,0,0
488944000,0,0,0,0,0,0
489448000,0,0,0,0,0,0
489952000,0,0,0,0,0,0
490456000,0,0,0,0,0,0
490960000,0,0,0,0,0,0
491464000,0,0,0,0,0,0
491968000,0,0,0,0,0,0
492472000,0,0,0,0,0,0
492976000,0,0,0,0,0,0
493480000,0,0,0,0,0,0
493984000,0,0,0,0,0,0
494488000,0,0,0,0,0,0
494992000,0,0,0,0,0,0
495496000,0,0,0,0,0,0
496000000,0,0,0,0,0,0
496504000,0,0,0,0,0,0
497008000,0,0,0,0,0,0
497512000,0,0,0,0,0,0
498016000,0,0,0,0,0,0
498520000,0,0,0,0,0,0
499024000,0,0,0,0,0,0
499528000,0,0,0,0,0,0
500032000,0,0,0,0,0,0
500536000,0,0,0,0,0,0
501040000,0,0,0,0,0,0
501544000,0,0,0,0,0,0
502048000,0,0,0,0,0,0
502552000,0,0,0,0,0,0
503056000,0,0,0,0,0,0
503560000,0,0,0,0,0,0
504064000,0,0,0,0,0,0
504568000,0,0,0,0,0,0
505072000,0,0,0,0,0,0
505576000,0,0,0,0,0,0
506080000,0,0,0,0,0,0
506584000,0,0,0,0,0,0
507088000,0,0,0,0,0,0
507592000,0,0,0,0,0,0
508096000,0,0,0,0,0,0
508600000,0,0,0,0,0,0
509104000,0,0,0,0,0,0
509608000,0,0,0,0,0,0
510112000,0,0,0,0,0,0
510616000,0,0,0,0,0,0
511120000,0,0,0,0,0,0
511624000,0,0,0,0,0,0
512128000,0,0,0,0,0,0
512632000,0,0,0,0,0,0
513136000,0,0,0,0,0,0
513640000,0,0,0,0,0,0
514144000,0,0,0,0,0,0
514648000,0,0,0,0,0,0
515152000,0,0,0,0,0,0
515656000,0,0,0,0,0,0
516160000,0,0,0,0,0,0
516664000,0,0,0,0,0,0
517168000,0,0,0,0,0,0
517672000,0,0,0,0,0,0
518176000,0,0,0,0,0,0
518680000,0,0,0,0,0,0
519184000,0,0,0,0,0,0
519688000,0,0,0,0,0,0
520192000,0,0,0,0,0,0
520696000,0,0,0,0,0,0
521200000,0,0,0,0,0,0
521704000,0,0,0,0,0,0
522208000,0,0,0,0,0,0
522712000,0,0,0,0,0,0
523216000,0,0,0,0,0,0
523720000,0,0,0,0,0,0
524224000,0,0,0,0,0,0
524728000,0,0,0,0,0,0
525232000,0,0,0,0,0,0
525736000,0,0,0,0,0,0
526240000,0,0,0,0,0,0
526744000,0,0,0,0,0,0
527248000,0,0,0,0,0,0
527752000,0,0,0,0,0,0
528256000,0,0,0,0,0,0
528760000,0,0,0,0,0,0
529264000,0,0,0,0,0,0
529768000,0,0,0,0,0,0
530272000,0,0,0,0,0,0
530776000,0,0,0,0,0,0
531280000,0,0,0,0,0,0
531784000,0,0,0,0,0,0
532288000,0,0,0,0,0,0
532792000,0,0,0,0,0,0
533296000,0,0,0,0,0,0
533800000,0,0,0,0,0,0
534304000,0,0,0,0,0,0
534808000,0,0,0,0,0,0
535312000,0,0,0,0,0,0
535816000,0,0,0,0,0,0
536320000,0,0,0,0,0,0
536824000,0,0,0,0,0,0
537328000,0,0,0,0,0,0
537832000,0,0,0,0,0,0
538336000,0,0,0,0,0,0
538840000,0,0,0,0,0,0
539344000,0,0,0,0,0,0
539848000,0,0,0,0,0,0
540352000,0,0,0,0,0,0
540856000,0,0,0,0,0,0
541360000,0,0,0,0,0,0
541864000,0,0,0,0,0,0
542368000,0,0,0,0,0,0
542872000,0,0,0,0,0,0
543376000,0,0,0,0,0,0
543880000,0,0,0,0,0,0
544384000,0,0,0,0,0,0
544888000,0,0,0,0,0,0
545392000,0,0,0,0,0,0
545896000,0,0,0,0,0,0
546400000,0,0,0,0,0,0
546904000,0,0,0,0,0,0
547408000,0,0,0,0,0,0
547912000,0,0,0,0,0,0
548416000,0,0,0,0,0,0
548920000,0,0,0,0,0,0
549424000,0,0,0,0,0,0
549928000,0,0,0,0,0,0
550432000,0,0,0,0,0,0
550936000,0,0,0,0,0,0
551440000,0,0,0,0,0,0
551944000,0,0,0,0,0,0
552448000,0,0,0,0,0,0
552952000,0,0,0,0,0,0
553456000,0,0,0,0,0,0
553960000,0,0,0,0,0,0
554464000,0,0,0,0,0,0
554968000,0,0,0,0,0,0
555472000,0,0,0,0,0,0
555976000,0,0,0,0,0,0
556480000,0,0,0,0,0,0
556984000,0,0,0,0,0,0
557488000,0,0,0,0,0,0
557992000,0,0,0,0,0,0
558496000,0,0,0,0,0,0
559000000,0,0,0,0,0,0
559504000,0,0,0,0,0,0
560008000,0,0,0,0,0,0
560512000,0,0,0,0,0,0
561016000,0,0,0,0,0,0
561520000,0,0,0,0,0,0
562024000,0,0,0,0,0,0
562528000,0,0,0,0,0,0
563032000,0,0,0,0,0,0
563536000,0,0,0,0,0,0
564040000,0,0,0,0,0,0
564544000,0,0,0,0,0,0
565048000,0,0,0,0,0,0
565552000,0,0,0,0,0,0
566056000,0,0,0,0,0,0
566560000,0,0,0,0,0,0
567064000,0,0,0,0,0,0
567568000,0,0,0,0,0,0
568072000,0,0,0,0,0,0
568576000,0,0,0,0,0,0
569080000,0,0,0,0,0,0
569584000,0,0,0,0,0,0
570088000,0,0,0,0,0,0
570592000,0,0,0,0,0,0
571096000,0,0,0,0,0,0
571600000,0,0,0,0,0,0
572104000,0,0,0,0,0,0
572608000,0,0,0,0,0,0
573112000,0,0,0,0,0,0
573616000,0,0,0,0,0,0
574120000,0,0,0,0,0,0
574624000,0,0,0,0,0,0
575128000,0,0,0,0,0,0
575632000,0,0,0,0,0,0
576136000,0,0,0,0,0,0
576640000,0,0,0,0,0,0
577144000,0,0,0,0,0,0
577648000,0,0,0,0,0,0
578152000,0,0,0,0,0,0
578656000,0,0,0,0,0,0
579160000,0,0,0,0,0,0
579664000,0,0,0,0,0,0
580168000,0,0,0,0,0,0
580672000,0,0,0,0,0,0
581176000,0,0,0,0,0,0
581680000,0,0,0,0,0,0
582184000,0,0,0,0,0,0
582688000,0,0,0,0,0,0
583192000,0,0,0,0,0,0
583696000,0,0,0,0,0,0
584200000,0,0,0,0,0,0
584704000,0,0,0,0,0,0
585208000,0,0,0,0,0,0
585712000,0,0,0,0,0,0
586216000,0,0,0,0,0,0
586720000,0,0,0,0,0,0
587224000,0,0,0,0,0,0
587728000,0,0,0,0,0,0
588232000,0,0,0,0,0,0
588736000,0,0,0,0,0,0
589240000,0,0,0,0,0,0
589744000,0,0,0,0,0,0
590248000,0,0,0,0,0,0
590752000,0,0,0,0,0,0
591256000,0,0,0,0,0,0
591760000,0,0,0,0,0,0
592264000,0,0,0,0,0,0
592768000,0,0,0,0,0,0
593272000,0,0,0,0,0,0
593776000,0,0,0,0,0,0
594280000,0,0,0,0,0,0
594784000,0,0,0,0,0,0
595288000,0,0,0,0,0,0
595792000,0,0,0,0,0,0
596296000,0,0,0,0,0,0
596800000,0,0,0,0,0,0
597304000,0,0,0,0,0,0
597808000,0,0,0,0,0,0
598312000,0,0,0,0,0,0
598816000,0,0,0,0,0,0
599320000,0,0,0,0,0,0
599824000,0,0,0,0,0,0
600328000,0,0,0,0,0,0
600832000,0,0,0,0,0,0
601336000,0,0,0,0,0,0
601840000,0,0,0,0,0,0
602344000,0,0,0,0,0,0
602848000,0,0,0,0,0,0
603352000,0,0,0,0,0,0
603856000,0,0,0,0,0,0
604360000,0,0,0,0,0,0
604864000,0,0,0,0,0,0
605368000,0,0,0,0,0,0
605872000,0,0,0,0,0,0
606376000,0,0,0,0,0,0
606880000,0,0,0,0,0,0
607384000,0,0,0,0,0,0
607888000,0,0,0,0,0,0
608392000,0,0,0,0,0,0
608896000,0,0,0,0,0,0
609400000,0,0,0,0,0,0
609904000,0,0,0,0,0,0
610408000,0,0,0,0,0,0
610912000,0,0,0,0,0,0
611416000,0,0,0,0,0,0
611920000,0,0,0,0,0,0
612424000,0,0,0,0,0,0
612928000,0,0,0,0,0,0
613432000,0,0,0,0,0,0
613936000,0,0,0,0,0,0
614440000,0,0,0,0,0,0
614944000,0,0,0,0,0,0
615448000,0,0,0,0,0,0
615952000,0,0,0,0,0,0
616456000,0,0,0,0,0,0
616960000,0,0,0,0,0,0
617464000,0,0,0,0,0,0
617968000,0,0,0,0,0,0
618472000,0,0,0,0,0,0
618976000,0,0,0,0,0,0
619480000,0,0,0,0,0,0
619984000,0,0,0,0,0,0
620488000,0,0,0,0,0,0
620992000,0,0,0,0,0,0
621496000,0,0,0,0,0,0
622000000,0,0,0,0,0,0
622504000,0,0,0,0,0,0
623008000,0,0,0,0,0,0
623512000,0,0,0,0,0,0
624016000,0,0,0,0,0,0
624520000,0,0,0,0,0,0
625024000,0,0,0,0,0,0
625528000,0,0,0,0,0,0
626032000,0,0,0,0,0,0
626536000,0,0,0,0,0,0
627040000,0,0,0,0,0,0
627544000,0,0,0,0,0,0
628048000,0,0,0,0,0,0
628552000,0,0,0,0,0,0
629056000,0,0,0,0,0,0
629560000,0,0,0,0,0,0
630064000,0,0,0,0,0,0
630568000,0,0,0,0,0,0
631072000,0,0,0,0,0,0
631576000,0,0,0,0,0,0
632080000,0,0,0,0,0,0
632584000,0,0,0,0,0,0
633088000,0,0,0,0,0,0
633592000,0,0,0,0,0,0
634096000,0,0,0,0,0,0
634600000,0,0,0,0,0,0
635104000,0,0,0,0,0,0
635608000,0,0,0,0,0,0
636112000,0,0,0,0,0,0
636616000,0,0,0,0,0,0
637120000,0,0,0,0,0,0
637624000,0,0,0,0,0,0
638128000,0,0,0,0,0,0
638632000,0,0,0,0,0,0
639136000,0,0,0,0,0,0
639640000,0,0,0,0,0,0
640144000,0,0,0,0,0,0
640648000,0,0,0,0,0,0
641152000,0,0,0,0,0,0
641656000,0,0,0,0,0,0
642160000,0,0,0,0,0,0
642664000,0,0,0,0,0,0
643168000,0,0,0,0,0,0
643672000,0,0,0,0,0,0
644176000,0,0,0,0,0,0
644680000,0,0,0,0,0,0
645184000,0,0,0,0,0,0
645688000,0,0,0,0,0,0
646192000,0,0,0,0,0,0
646696000,0,0,0,0,0,0
647200000,0,0,0,0,0,0
647704000,0,0,0,0,0,0
648208000,0,0,0,0,0,0
648712000,0,0,0,0,0,0
649216000,0,0,0,0,0,0
649720000,0,0,0,0,0,0
650224000,0,0,0,0,0,0
650728000,0,0,0,0,0,0
651232000,0,0,0,0,0,0
651736000,0,0,0,0,0,0
652240000,0,0,0,0,0,0
652744000,0,0,0,0,0,0
653248000,0,0,0,0,0,0
653752000,0,0,0,0,0,0
654256000,0,0,0,0,0,0
654760000,0,0,0,0,0,0
655264000,0,0,0,0,0,0
655768000,0,0,0,0,0,0
656272000,0,0,0,0,0,0
656776000,0,0,0,0,0,0
657280000,0,0,0,0,0,0
657784000,0,0,0,0,0,0
658288000,0,0,0,0,0,0
658792000,0,0,0,0,0,0
659296000,0,0,0,0,0,0
659800000,0,0,0,0,0,0
660304000,0,0,0,0,0,0
660808000,0,0,0,0,0,0
661312000,0,0,0,0,0,0
661816000,0,0,0,0,0,0
662320000,0,0,0,0,0,0
662824000,0,0,0,0,0,0
663328000,0,0,0,0,0,0
663832000,0,0,0,0,0,0
664336000,0,0,0,0,0,0
664840000,0,0,0,0,0,0
665344000,0,0,0,0,0,0
665848000,0,0,0,0,0,0
666352000,0,0,0,0,0,0
666856000,0,0,0,0,0,0
667360000,0,0,0,0,0,0
667864000,0,0,0,0,0,0
668368000,0,0,0,0,0,0
668872000,0,0,0,0,0,0
669376000,0,0,0,0,0,0
669880000,0,0,0,0,0,0
670384000,0,0,0,0,0,0
670888000,0,0,0,0,0,0
671392000,0,0,0,0,0,0
671896000,0,0,0,0,0,0
672400000,0,0,0,0,0,0
672904000,0,0,0,0,0,0
673408000,0,0,0,0,0,0
673912000,0,0,0,0,0,0
674416000,0,0,0,0,0,0
674920000,0,0,0,0,0,0
675424000,0,0,0,0,0,0
675928000,0,0,0,0,0,0
676432000,0,0,0,0,0,0
676936000,0,0,0,0,0,0
677440000,0,0,0,0,0,0
677944000,0,0,0,0,0,0
678448000,0,0,0,0,0,0
678952000,0,0,0,0,0,0
679456000,0,0,0,0,0,0
679960000,0,0,0,0,0,0
680464000,0,0,0,0,0,0
680968000,0,0,0,0,0,0
681472000,0,0,0,0,0,0
681976000,0,0,0,0,0,0
682480000,0,0,0,0,0,0
682984000,0,0,0,0,0,0
683488000,0,0,0,0,0,0
683992000,0,0,0,0,0,0
684496000,0,0,0,0,0,0
685000000,0,0,0,0,0,0
685504000,0,0,0,0,0,0
686008000,0,0,0,0,0,0
686512000,0,0,0,0,0,0
687016000,0,0,0,0,0,0
687520000,0,0,0,0,0,0
688024000,0,0,0,0,0,0
688528000,0,0,0,0,0,0
689032000,0,0,0,0,0,0
689536000,0,0,0,0,0,0
690040000,0,0,0,0,0,0
690544000,0,0,0,0,0,0
691048000,0,0,0,0,0,0
691552000,0,0,0,0,0,0
692056000,0,0,0,0,0,0
692560000,0,0,0,0,0,0
693064000,0,0,0,0,0,0
693568000,0,0,0,0,0,0
694072000,0,0,0,0,0,0
694576000,0,0,0,0,0,0
695080000,0,0,0,0,0,0
695584000,0,0,0,0,0,0
696088000,0,0,0,0,0,0
696592000,0,0,0,0,0,0
697096000,0,0,0,0,0,0
697600000,0,0,0,0,0,0
698104000,0,0,0,0,0,0
698608000,0,0,0,0,0,0
699112000,0,0,0,0,0,0
699616000,0,0,0,0,0,0
700120000,0,0,0,0,0,0
700624000,0,0,0,0,0,0
701128000,0,0,0,0,0,0
701632000,0,0,0,0,0,0
702136000,0,0,0,0,0,0
702640000,0,0,0,0,0,0
703144000,0,0,0,0,0,0
703648000,0,0,0,0,0,0
704152000,0,0,0,0,0,0
704656000,0,0,0,0,0,0
705160000,0,0,0,0,0,0
705664000,0,0,0,0,0,0
706168000,0,0,0,0,0,0
706672000,0,0,0,0,0,0
707176000,0,0,0,0,0,0
707680000,0,0,0,0,0,0
708184000,0,0,0,0,0,0
708688000,0,0,0,0,0,0
709192000,0,0,0,0,0,0
709696000,0,0,0,0,0,0
710200000,0,0,0,0,0,0
710704000,0,0,0,0,0,0
711208000,0,0,0,0,0,0
711712000,0,0,0,0,0,0
712216000,0,0,0,0,0,0
712720000,0,0,0,0,0,0
713224000,0,0,0,0,0,0
713728000,0,0,0,0,0,0
714232000,0,0,0,0,0,0
714736000,0,0,0,0,0,0
715240000,0,0,0,0,0,0
715744000,0,0,0,0,0,0
716248000,0,0,0,0,0,0
716752000,0,0,0,0,0,0
717256000,0,0,0,0,0,0
717760000,0,0,0,0,0,0
718264000,0,0,0,0,0,0
718768000,0,0,0,0,0,0
719272000,0,0,0,0,0,0
719776000,0,0,0,0,0,0
720280000,0,0,0,0,0,0
720784000,0,0,0,0,0,0
721288000,0,0,0,0,0,0
721792000,0,0,0,0,0,0
722296000,0,0,0,0,0,0
722800000,0,0,0,0,0,0
723304000,0,0,0,0,0,0
723808000,0,0,0,0,0,0
724312000,0,0,0,0,0,0
724816000,0,0,0,0,0,0
725320000,0,0,0,0,0,0
725824000,0,0,0,0,0,0
726328000,0,0,0,0,0,0
726832000,0,0,0,0,0,0
727336000,0,0,0,0,0,0
727840000,0,0,0,0,0,0
728344000,0,0,0,0,0,0
728848000,0,0,0,0,0,0
729352000,0,0,0,0,0,0
729856000,0,0,0,0,0,0
730360000,0,0,0,0,0,0
730864000,0,0,0,0,0,0
731368000,0,0,0,0,0,0
731872000,0,0,0,0,0,0
732376000,0,0,0,0,0,0
732880000,0,0,0,0,0,0
733384000,0,0,0,0,0,0
733888000,0,0,0,0,0,0
734392000,0,0,0,0,0,0
734896000,0,0,0,0,0,0
735400000,0,0,0,0,0,0
735904000,0,0,0,0,0,0
736408000,0,0,0,0,0,0
736912000,0,0,0,0,0,0
737416000,0,0,0,0,0,0
737920000,0,0,0,0,0,0
738424000,0,0,0,0,0,0
738928000,0,0,0,0,0,0
739432000,0,0,0,0,0,0
739936000,0,0,0,0,0,0
740440000,0,0,0,0,0,0
740944000,0,0,0,0,0,0
741448000,0,0,0,0,0,0
741952000,0,0,0,0,0,0
742456000,0,0,0,0,0,0
742960000,0,0,0,0,0,0
743464000,0,0,0,0,0,0
743968000,0,0,0,0,0,0
744472000,0,0,0,0,0,0
744976000,0,0,0,0,0,0
745480000,0,0,0,0,0,0
745984000,0,0,0,0,0,0
746488000,0,0,0,0,0,0
746992000,0,0,0,0,0,0
747496000,0,0,0,0,0,0
748000000,0,0,0,0,0,0
748504000,0,0,0,0,0,0
749008000,0,0,0,0,0,0
749512000,0,0,0,0,0,0
750016000,0,0,0,0,0,0
750520000,0,0,0,0,0,0
751024000,0,0,0,0,0,0
751528000,0,0,0,0,0,0
752032000,0,0,0,0,0,0
752536000,0,0,0,0,0,0
753040000,0,0,0,0,0,0
753544000,0,0,0,0,0,0
754048000,0,0,0,0,0,0
754552000,0,0,0,0,0,0
755056000,0,0,0,0,0,0
755560000,0,0,0,0,0,0
756064000,0,0,0,0,0,0
756568000,0,0,0,0,0,0
757072000,0,0,0,0,0,0
757576000,0,0,0,0,0,0
758080000,0,0,0,0,0,0
758584000,0,0,0,0,0,0
759088000,0,0,0,0,0,0
759592000,0,0,0,0,0,0
760096000,0,0,0,0,0,0
760600000,0,0,0,0,0,0
761104000,0,0,0,0,0,0
761608000,0,0,0,0,0,0
762112000,0,0,0,0,0,0
762616000,0,0,0,0,0,0
763120000,0,0,0,0,0,0
763624000,0,0,0,0,0,0
764128000,0,0,0,0,0,0
764632000,0,0,0,0,0,0
765136000,0,0,0,0,0,0
765640000,0,0,0,0,0,0
766144000,0,0,0,0,0,0
766648000,0,0,0,0,0,0
767152000,0,0,0,0,0,0
767656000,0,0,0,0,0,0
768160000,0,0,0,0,0,0
768664000,0,0,0,0,0,0
769168000,0,0,0,0,0,0
769672000,0,0,0,0,0,0
770176000,0,0,0,0,0,0
770680000,0,0,0,0,0,0
771184000,0,0,0,0,0,0
771688000,0,0,0,0,0,0
772192000,0,0,0,0,0,0
772696000,0,0,0,0,0,0
773200000,0,0,0,0,0,0
773704000,0,0,0,0,0,0
774208000,0,0,0,0,0,0
774712000,0,0,0,0,0,0
775216000,0,0,0,0,0,0
775720000,0,0,0,0,0,0
776224000,0,0,0,0,0,0
776728000,0,0,0,0,0,0
777232000,0,0,0,0,0,0
777736000,0,0,0,0,0,0
778240000,0,0,0,0,0,0
778744000,0,0,0,0,0,0
779248000,0,0,0,0,0,0
779752000,0,0,0,0,0,0
780256000,0,0,0,0,0,0
780760000,0,0,0,0,0,0
781264000,0,0,0,0,0,0
781768000,0,0,0,0,0,0
782272000,0,0,0,0,0,0
782776000,0,0,0,0,0,0
783280000,0,0,0,0,0,0
783784000,0,0,0,0,0,0
784288000,0,0,0,0,0,0
784792000,0,0,0,0,0,0
785296000,0,0,0,0,0,0
785800000,0,0,0,0,0,0
786304000,0,0,0,0,0,0
786808000,0,0,0,0,0,0
787312000,0,0,0,0,0,0
787816000,0,0,0,0,0,0
788320000,0,0,0,0,0,0
788824000,0,0,0,0,0,0
789328000,0,0,0,0,0,0
789832000,0,0,0,0,0,0
790336000,0,0,0,0,0,0
790840000,0,0,0,0,0,0
791344000,0,0,0,0,0,0
791848000,0,0,0,0,0,0
792352000,0,0,0,0,0,0
792856000,0,0,0,0,0,0
793360000,0,0,0,0,0,0
793864000,0,0,0,0,0,0
794368000,0,0,0,0,0,0
794872000,0,0,0,0,0,0
795376000,0,0,0,0,0,0
795880000,0,0,0,0,0,0
796384000,0,0,0,0,0,0
796888000,0,0,0,0,0,0
797392000,0,0,0,0,0,0
797896000,0,0,0,0,0,0
798400000,0,0,0,0,0,0
798904000,0,0,0,0,0,0
799408000,0,0,0,0,0,0
799912000,0,0,0,0,0,0
800416000,0,0,0,0,0,0
800920000,0,0,0,0,0,0
801424000,0,0,0,0,0,0
801928000,0,0,0,0,0,0
802432000,0,0,0,0,0,0
802936000,0,0,0,0,0,0
803440000,0,0,0,0,0,0
803944000,0,0,0,0,0,0
804448000,0,0,0,0,0,0
804952000,0,0,0,0,0,0
805456000,0,0,0,0,0,0
805960000,0,0,0,0,0,0
806464000,0,0,0,0,0,0
806968000,0,0,0,0,0,0
807472000,0,0,0,0,0,0
807976000,0,0,0,0,0,0
808480000,0,0,0,0,0,0
808984000,0,0,0,0,0,0
809488000,0,0,0,0,0,0
809992000,0,0,0,0,0,0
810496000,0,0,0,0,0,0
811000000,0,0,0,0,0,0
811504000,0,0,0,0,0,0
812008000,0,0,0,0,0,0
812512000,0,0,0,0,0,0
813016000,0,0,0,0,0,0
813520000,0,0,0,0,0,0
814024000,0,0,0,0,0,0
814528000,0,0,0,0,0,0
815032000,0,0,0,0,0,0
815536000,0,0,0,0,0,0
816040000,0,0,0,0,0,0
816544000,0,0,0,0,0,0
817048000,0,0,0,0,0,0
817552000,0,0,0,0,0,0
818056000,0,0,0,0,0,0
818560000,0,0,0,0,0,0
819064000,0,0,0,0,0,0
819568000,0,0,0,0,0,0
820072000,0,0,0,0,0,0
820576000,0,0,0,0,0,0
821080000,0,0,0,0,0,0
821584000,0,0,0,0,0,0
822088000,0,0,0,0,0,0
822592000,0,0,0,0,0,0
823096000,0,0,0,0,0,0
823600000,0,0,0,0,0,0
824104000,0,0,0,0,0,0
824608000,0,0,0,0,0,0
825112000,0,0,0,0,0,0
825616000,0,0,0,0,0,0
826120000,0,0,0,0,0,0
826624000,0,0,0,0,0,0
827128000,0,0,0,0,0,0
827632000,0,0,0,0,0,0
828136000,0,0,0,0,0,0
828640000,0,0,0,0,0,0
829144000,0,0,0,0,0,0
829648000,0,0,0,0,0,0
830152000,0,0,0,0,0,0
830656000,0,0,0,0,0,0
831160000,0,0,0,0,0,0
831664000,0,0,0,0,0,0
832168000,0,0,0,0,0,0
832672000,0,0,0,0,0,0
833176000,0,0,0,0,0,0
833680000,0,0,0,0,0,0
834184000,0,0,0,0,0,0
834688000,0,0,0,0,0,0
835192000,0,0,0,0,0,0
835696000,0,0,0,0,0,0
836200000,0,0,0,0,0,0
836704000,0,0,0,0,0,0
837208000,0,0,0,0,0,0
837712000,0,0,0,0,0,0
838216000,0,0,0,0,0,0
838720000,0,0,0,0,0,0
839224000,0,0,0,0,0,0
839728000,0,0,0,0,0,0
840232000,0,0,0,0,0,0
840736000,0,0,0,0,0,0
841240000,0,0,0,0,0,0
841744000,0,0,0,0,0,0
842248000,0,0,0,0,0,0
842752000,0,0,0,0,0,0
843256000,0,0,0,0,0,0
843760000,0,0,0,0,0,0
844264000,0,0,0,0,0,0
844768000,0,0,0,0,0,0
845272000,0,0,0,0,0,0
845776000,0,0,0,0,0,0
846280000,0,0,0,0,0,0
846784000,0,0,0,0,0,0
847288000,0,0,0,0,0,0
847792000,0,0,0,0,0,0
848296000,0,0,0,0,0,0
848800000,0,0,0,0,0,0
849304000,0,0,0,0,0,0
849808000,0,0,0,0,0,0
850312000,0,0,0,0,0,0
850816000,0,0,0,0,0,0
851320000,0,0,0,0,0,0
851824000,0,0,0,0,0,0
852328000,0,0,0,0,0,0
852832000,0,0,0,0,0,0
853336000,0,0,0,0,0,0
853840000,0,0,0,0,0,0
854344000,0,0,0,0,0,0
854848000,0,0,0,0,0,0
855352000,0,0,0,0,0,0
855856000,0,0,0,0,0,0
856360000,0,0,0,0,0,0
856864000,0,0,0,0,0,0
857368000,0,0,0,0,0,0
857872000,0,0,0,0,0,0
858376000,0,0,0,0,0,0
858880000,0,0,0,0,0,0
859384000,0,0,0,0,0,0
859888000,0,0,0,0,0,0
860392000,0,0,0,0,0,0
860896000,0,0,0,0,0,0
861400000,0,0,0,0,0,0
861904000,0,0,0,0,0,0
862408000,0,0,0,0,0,0
862912000,0,0,0,0,0,0
863416000,0,0,0,0,0,0
863920000,0,0,0,0,0,0
864424000,0,0,0,0,0,0
864928000,0,0,0,0,0,0
865432000,0,0,0,0,0,0
865936000,0,0,0,0,0,0
866440000,0,0,0,0,0,0
866944000,0,0,0,0,0,0
867448000,0,0,0,0,0,0
867952000,0,0,0,0,0,0
868456000,0,0,0,0,0,0
868960000,0,0,0,0,0,0
869464000,0,0,0,0,0,0
869968000,0,0,0,0,0,0
870472000,0,0,0,0,0,0
870976000,0,0,0,0,0,0
871480000,0,0,0,0,0,0
871984000,0,0,0,0,0,0
872488000,0,0,0,0,0,0
872992000,0,0,0,0,0,0
873496000,0,0,0,0,0,0
874000000,0,0,0,0,0,0
874504000,0,0,0,0,0,0
875008000,0,0,0,0,0,0
875512000,0,0,0,0,0,0
876016000,0,0,0,0,0,0
876520000,0,0,0,0,0,0
877024000,0,0,0,0,0,0
877528000,0,0,0,0,0,0
878032000,0,0,0,0,0,0
878536000,0,0,0,0,0,0
879040000,0,0,0,0,0,0
879544000,0,0,0,0,0,0
880048000,0,0,0,0,0,0
880552000,0,0,0,0,0,0
881056000,0,0,0,0,0,0
881560000,0,0,0,0,0,0
882064000,0,0,0,0,0,0
882568000,0,0,0,0,0,0
883072000,0,0,0,0,0,0
883576000,0,0,0,0,0,0
884080000,0,0,0,0,0,0
884584000,0,0,0,0,0,0
885088000,0,0,0,0,0,0
885592000,0,0,0,0,0,0
886096000,0,0,0,0,0,0
886600000,0,0,0,0,0,0
887104000,0,0,0,0,0,0
887608000,0,0,0,0,0,0
888112000,0,0,0,0,0,0
888616000,0,0,0,0,0,0
889120000,0,0,0,0,0,0
889624000,0,0,0,0,0,0
890128000,0,0,0,0,0,0
890632000,0,0,0,0,0,0
891136000,0,0,0,0,0,0
891640000,0,0,0,0,0,0
892144000,0,0,0,0,0,0
892648000,0,0,0,0,0,0
893152000,0,0,0,0,0,0
893656000,0,0,0,0,0,0
894160000,0,0,0,0,0,0
894664000,0,0,0,0,0,0
895168000,0,0,0,0,0,0
895672000,0,0,0,0,0,0
896176000,0,0,0,0,0,0
896680000,0,0,0,0,0,0
897184000,0,0,0,0,0,0
897688000,0,0,0,0,0,0
898192000,0,0,0,0,0,0
898696000,0,0,0,0,0,0
899200000,0,0,0,0,0,0
899704000,0,0,0,0,0,0
900208000,0,0,0,0,0,0
900712000,0,0,0,0,0,0
901216000,0,0,0,0,0,0
901720000,0,0,0,0,0,0
902224000,0,0,0,0,0,0
902728000,0,0,0,0,0,0
903232000,0,0,0,0,0,0
903736000,0,0,0,0,0,0
904240000,0,0,0,0,0,0
904744000,0,0,0,0,0,0
905248000,0,0,0,0,0,0
905752000,0,0,0,0,0,0
906256000,0,0,0,0,0,0
906760000,0,0,0,0,0,0
907264000,0,0,0,0,0,0
907768000,0,0,0,0,0,0
908272000,0,0,0,0,0,0
908776000,0,0,0,0,0,0
909280000,0,0,0,0,0,0
909784000,0,0,0,0,0,0
910288000,0,0,0,0,0,0
910792000,0,0,0,0,0,0
911296000,0,0,0,0,0,0
911800000,0,0,0,0,0,0
912304000,0,0,0,0,0,0
912808000,0,0,0,0,0,0
913312000,0,0,0,0,0,0
913816000,0,0,0,0,0,0
914320000,0,0,0,0,0,0
914824000,0,0,0,0,0,0
915328000,0,0,0,0,0,0
915832000,0,0,0,0,0,0
916336000,0,0,0,0,0,0
916840000,0,0,0,0,0,0
917344000,0,0,0,0,0,0
917848000,0,0,0,0,0,0
918352000,0,0,0,0,0,0
918856000,0,0,0,0,0,0
919360000,0,0,0,0,0,0
919864000,0,0,0,0,0,0
920368000,0,0,0,0,0,0
920872000,0,0,0,0,0,0
921376000,0,0,0,0,0,0
921880000,0,0,0,0,0,0
922384000,0,0,0,0,0,0
922888000,0,0,0,0,0,0
923392000,0,0,0,0,0,0
923896000,0,0,0,0,0,0
924400000,0,0,0,0,0,0
924904000,0,0,0,0,0,0
925408000,0,0,0,0,0,0
925912000,0,0,0,0,0,0
926416000,0,0,0,0,0,0
926920000,0,0,0,0,0,0
927424000,0,0,0,0,0,0
927928000,0,0,0,0,0,0
928432000,0,0,0,0,0,0
928936000,0,0,0,0,0,0
929440000,0,0,0,0,0,0
929944000,0,0,0,0,0,0
930448000,0,0,0,0,0,0
930952000,0,0,0,0,0,0
931456000,0,0,0,0,0,0
931960000,0,0,0,0,0,0
932464000,0,0,0,0,0,0
932968000,0,0,0,0,0,0
933472000,0,0,0,0,0,0
933976000,0,0,0,0,0,0
934480000,0,0,0,0,0,0
934984000,0,0,0,0,0,0
935488000,0,0,0,0,0,0
935992000,0,0,0,0,0,0
936496000,0,0,0,0,0,0
937000000,0,0,0,0,0,0
937504000,0,0,0,0,0,0
938008000,0,0,0,0,0,0
938512000,0,0,0,0,0,0
939016000,0,0,0,0,0,0
939520000,0,0,0,0,0,0
940024000,0,0,0,0,0,0
940528000,0,0,0,0,0,0
941032000,0,0,0,0,0,0
941536000,0,0,0,0,0,0
942040000,0,0,0,0,0,0
942544000,0,0,0,0,0,0
943048000,0,0,0,0,0,0
943552000,0,0,0,0,0,0
944056000,0,0,0,0,0,0
944560000,0,0,0,0,0,0
945064000,0,0,0,0,0,0
945568000,0,0,0,0,0,0
946072000,0,0,0,0,0,0
946576000,0,0,0,0,0,0
947080000,0,0,0,0,0,0
947584000,0,0,0,0,0,0
948088000,0,0,0,0,0,0
948592000,0,0,0,0,0,0
949096000,0,0,0,0,0,0
949600000,0,0,0,0,0,0
950104000,0,0,0,0,0,0
950608000,0,0,0,0,0,0
951112000,0,0,0,0,0,0
951616000,0,0,0,0,0,0
952120000,0,0,0,0,0,0
952624000,0,0,0,0,0,0
953128000,0,0,0,0,0,0
953632000,0,0,0,0,0,0
954136000,0,0,0,0,0,0
954640000,0,0,0,0,0,0
955144000,0,0,0,0,0,0
955648000,0,0,0,0,0,0
956152000,0,0,0,0,0,0
956656000,0,0,0,0,0,0
957160000,0,0,0,0,0,0
957664000,0,0,0,0,0,0
958168000,0,0,0,0,0,0
958672000,0,0,0,0,0,0
959176000,0,0,0,0,0,0
959680000,0,0,0,0,0,0
960184000,0,0,0,0,0,0
960688000,0,0,0,0,0,0
961192000,0,0,0,0,0,0
961696000,0,0,0,0,0,0
962200000,0,0,0,0,0,0
962704000,0,0,0,0,0,0
963208000,0,0,0,0,0,0
963712000,0,0,0,0,0,0
964216000,0,0,0,0,0,0
964720000,0,0,0,0,0,0
965224000,0,0,0,0,0,0
965728000,0,0,0,0,0,0
966232000,0,0,0,0,0,0
966736000,0,0,0,0,0,0
967240000,0,0,0,0,0,0
967744000,0,0,0,0,0,0
968248000,0,0,0,0,0,0
968752000,0,0,0,0,0,0
969256000,0,0,0,0,0,0
969760000,0,0,0,0,0,0
970264000,0,0,0,0,0,0
970768000,0,0,0,0,0,0
971272000,0,0,0,0,0,0
971776000,0,0,0,0,0,0
972280000,0,0,0,0,0,0
972784000,0,0,0,0,0,0
973288000,0,0,0,0,0,0
973792000,0,0,0,0,0,0
974296000,0,0,0,0,0,0
974800000,0,0,0,0,0,0
975304000,0,0,0,0,0,0
975808000,0,0,0,0,0,0
976312000,0,0,0,0,0,0
976816000,0,0,0,0,0,0
977320000,0,0,0,0,0,0
977824000,0,0,0,0,0,0
978328000,0,0,0,0,0,0
978832000,0,0,0,0,0,0
979336000,0,0,0,0,0,0
979840000,0,0,0,0,0,0
980344000,0,0,0,0,0,0
980848000,0,0,0,0,0,0
981352000,0,0,0,0,0,0
981856000,0,0,0,0,0,0
982360000,0,0,0,0,0,0
982864000,0,0,0,0,0,0
983368000,0,0,0,0,0,0
983872000,0,0,0,0,0,0
984376000,0,0,0,0,0,0
984880000,0,0,0,0,0,0
985384000,0,0,0,0,0,0
985888000,0,0,0,0,0,0
986392000,0,0,0,0,0,0
986896000,0,0,0,0,0,0
987400000,0,0,0,0,0,0
987904000,0,0,0,0,0,0
988408000,0,0,0,0,0,0
988912000,0,0,0,0,0,0
989416000,0,0,0,0,0,0
989920000,0,0,0,0,0,0
990424000,0,0,0,0,0,0
990928000,0,0,0,0,0,0
991432000,0,0,0,0,0,0
991936000,0,0,0,0,0,0
992440000,0,0,0,0,0,0
992944000,0,0,0,0,0,0
993448000,0,0,0,0,0,0
993952000,0,0,0,0,0,0
994464000,0,0,0,0,0,0
994972000,0,0,0,0,0,0
995476000,0,0,0,0,0,0
995980000,0,0,0,0,0,0
996484000,0,0,0,0,0,0
996988000,0,0,0,0,0,0
997492000,0,0,0,0,0,0
997996000,0,0,0,0,0,0
998500000,0,0,0,0,0,0
999004000,0,0,0,0,0,0
999508000,0,0,0,0,0,0
1000012000,0,0,0,0,0,0
1000516000,0,0,0,0,0,0
1001020000,0,0,0,0,0,0
1001524000,0,0,0,0,0,0
1002028000,0,0,0,0,0,0
1002532000,0,0,0,0,0,0
1003036000,0,0,0,0,0,0
1003540000,0,0,0,0,0,0
1004044000,0,0,0,0,0,0
1004548000,0,0,0,0,0,0
1005052000,0,0,0,0,0,0
1005556000,0,0,0,0,0,0
1006060000,0,0,0,0,0,0
1006564000,0,0,0,0,0,0
1007068000,0,0,0,0,0,0
1007572000,0,0,0,0,0,0
1008076000,0,0,0,0,0,0
1008580000,0,0,0,0,0,0
1009084000,0,0,0,0,0,0
1009588000,0,0,0,0,0,0
1010092000,0,0,0,0,0,0
1010596000,0,0,0,0,0,0
1011100000,0,0,0,0,0,0
1011604000,0,0,0,0,0,0
1012108000,0,0,0,0,0,0
1012612000,0,0,0,0,0,0
1013116000,0,0,0,0,0,0
1013620000,0,0,0,0,0,0
1014124000,0,0,0,0,0,0
1014628000,0,0,0,0,0,0
1015132000,0,0,0,0,0,0
1015636000,0,0,0,0,0,0
1016140000,0,0,0,0,0,0
1016644000,0,0,0,0,0,0
1017148000,0,0,0,0,0,0
1017652000,0,0,0,0,0,0
1018156000,0,0,0,0,0,0
1018660000,0,0,0,0,0,0
1019164000,0,0,0,0,0,0
1019668000,0,0,0,0,0,0
1020172000,0,0,0,0,0,0
1020676000,0,0,0,0,0,0
1021180000,0,0,0,0,0,0
1021684000,0,0,0,0,0,0
1022188000,0,0,0,0,0,0
1022692000,0,0,0,0,0,0
1023196000,0,0,0,0,0,0
1023700000,0,0,0,0,0,0
1024204000,0,0,0,0,0,0
1024708000,0,0,0,0,0,0
1025212000,0,0,0,0,0,0
1025716000,0,0,0,0,0,0
1026220000,0,0,0,0,0,0
1026724000,0,0,0,0,0,0
1027228000,0,0,0,0,0,0
1027732000,0,0,0,0,0,0
1028236000,0,0,0,0,0,0
1028740000,0,0,0,0,0,0
1029244000,0,0,0,0,0,0
1029748000,0,0,0,0,0,0
1030252000,0,0,0,0,0,0
1030756000,0,0,0,0,0,0
1031260000,0,0,0,0,0,0
1031764000,0,0,0,0,0,0
1032268000,0,0,0,0,0,0
1032772000,0,0,0,0,0,0
1033276000,0,0,0,0,0,0
1033780000,0,0,0,0,0,0
1034284000,0,0,0,0,0,0
1034788000,0,0,0,0,0,0
1035292000,0,0,0,0,0,0
1035796000,0,0,0,0,0,0
1036300000,0,0,0,0,0,0
1036804000,0,0,0,0,0,0
1037308000,0,0,0,0,0,0
1037812000,0,0,0,0,0,0
1038316000,0,0,0,0,0,0
1038820000,0,0,0,0,0,0
1039324000,0,0,0,0,0,0
1039828000,0,0,0,0,0,0
1040332000,0,0,0,0,0,0
1040836000,0,0,0,0,0,0
1041340000,0,0,0,0,0,0
1041844000,0,0,0,0,0,0
1042348000,0,0,0,0,0,0
1042852000,0,0,0,0,0,0
1043356000,0,0,0,0,0,0
1043860000,0,0,0,0,0,0
1044364000,0,0,0,0,0,0
1044868000,0,0,0,0,0,0
1045372000,0,0,0,0,0,0
1045876000,0,0,0,0,0,0
1046380000,0,0,0,0,0,0
1046884000,0,0,0,0,0,0
1047388000,0,0,0,0,0,0
1047892000,0,0,0,0,0,0
1048396000,0,0,0,0,0,0
1048900000,0,0,0,0,0,0
1049404000,0,0,0,0,0,0
1049908000,0,0,0,0,0,0
1050412000,0,0,0,0,0,0
1050916000,0,0,0,0,0,0
1051420000,0,0,0,0,0,0
1051924000,0,0,0,0,0,0
1052428000,0,0,0,0,0,0
1052932000,0,0,0,0,0,0
1053436000,0,0,0,0,0,0
1053940000,0,0,0,0,0,0
1054444000,0,0,0,0,0,0
1054948000,0,0,0,0,0,0
1055452000,0,0,0,0,0,0
1055956000,0,0,0,0,0,0
1056460000,0,0,0,0,0,0
1056964000,0,0,0,0,0,0
1057468000,0,0,0,0,0,0
1057972000,0,0,0,0,0,0
1058476000,0,0,0,0,0,0
1058980000,0,0,0,0,0,0
1059484000,0,0,0,0,0,0
1059988000,0,0,0,0,0,0
1060492000,0,0,0,0,0,0
1060996000,0,0,0,0,0,0
1061500000,0,0,0,0,0,0
1062004000,0,0,0,0,0,0
1062508000,0,0,0,0,0,0
1063012000,0,0,0,0,0,0
1063516000,0,0,0,0,0,0
1064020000,0,0,0,0,0,0
1064524000,0,0,0,0,0,0
1065028000,0,0,0,0,0,0
1065532000,0,0,0,0,0,0
1066036000,0,0,0,0,0,0
1066540000,0,0,0,0,0,0
1067044000,0,0,0,0,0,0
1067548000,0,0,0,0,0,0
1068052000,0,0,0,0,0,0
1068556000,0,0,0,0,0,0
1069060000,0,0,0,0,0,0
1069564000,0,0,0,0,0,0
1070068000,0,0,0,0,0,0
1070572000,0,0,0,0,0,0
1071076000,0,0,0,0,0,0
1071580000,0,0,0,0,0,0
1072084000,0,0,0,0,0,0
1072588000,0,0,0,0,0,0
1073092000,0,0,0,0,0,0
1073596000,0,0,0,0,0,0
1074100000,0,0,0,0,0,0
1074604000,0,0,0,0,0,0
1075108000,0,0,0,0,0,0
1075612000,0,0,0,0,0,0
1076116000,0,0,0,0,0,0
1076620000,0,0,0,0,0,0
1077124000,0,0,0,0,0,0
1077628000,0,0,0,0,0,0
1078132000,0,0,0,0,0,0
1078636000,0,0,0,0,0,0
1079140000,0,0,0,0,0,0
1079644000,0,0,0,0,0,0
1080148000,0,0,0,0,0,0
1080652000,0,0,0,0,0,0
1081156000,0,0,0,0,0,0
1081660000,0,0,0,0,0,0
1082164000,0,0,0,0,0,0
1082668000,0,0,0,0,0,0
1083172000,0,0,0,0,0,0
1083676000,0,0,0,0,0,0
1084180000,0,0,0,0,0,0
1084684000,0,0,0,0,0,0
1085188000,0,0,0,0,0,0
1085692000,0,0,0,0,0,0
1086196000,0,0,0,0,0,0
1086700000,0,0,0,0,0,0
1087204000,0,0,0,0,0,0
1087708000,0,0,0,0,0,0
1088212000,0,0,0,0,0,0
1088716000,0,0,0,0,0,0
1089220000,0,0,0,0,0,0
1089724000,0,0,0,0,0,0
1090228000,0,0,0,0,0,0
1090732000,0,0,0,0,0,0
1091236000,0,0,0,0,0,0
1091740000,0,0,0,0,0,0
1092244000,0,0,0,0,0,0
1092748000,0,0,0,0,0,0
1093252000,0,0,0,0,0,0
1093756000,0,0,0,0,0,0
1094260000,0,0,0,0,0,0
1094764000,0,0,0,0,0,0
1095268000,0,0,0,0,0,0
1095772000,0,0,0,0,0,0
1096276000,0,0,0,0,0,0
1096780000,0,0,0,0,0,0
1097284000,0,0,0,0,0,0
1097788000,0,0,0,0,0,0
1098292000,0,0,0,0,0,0
1098796000,0,0,0,0,0,0
1099300000,0,0,0,0,0,0
1099804000,0,0,0,0,0,0
1100308000,0,0,0,0,0,0
1100812000,0,0,0,0,0,0
1101316000,0,0,0,0,0,0
1101820000,0,0,0,0,0,0
1102324000,0,0,0,0,0,0
1102828000,0,0,0,0,0,0
1103332000,0,0,0,0,0,0
1103836000,0,0,0,0,0,0
1104340000,0,0,0,0,0,0
1104844000,0,0,0,0,0,0
1105348000,0,0,0,0,0,0
1105852000,0,0,0,0,0,0
1106356000,0,0,0,0,0,0
1106860000,0,0,0,0,0,0
1107364000,0,0,0,0,0,0
1107868000,0,0,0,0,0,0
1108372000,0,0,0,0,0,0
1108876000,0,0,0,0,0,0
1109380000,0,0,0,0,0,0
1109884000,0,0,0,0,0,0
1110388000,0,0,0,0,0,0
1110892000,0,0,0,0,0,0
1111396000,0,0,0,0,0,0
1111900000,0,0,0,0,0,0
1112404000,0,0,0,0,0,0
1112908000,0,0,0,0,0,0
1113412000,0,0,0,0,0,0
1113916000,0,0,0,0,0,0
1114420000,0,0,0,0,0,0
1114924000,0,0,0,0,0,0
1115428000,0,0,0,0,0,0
1115932000,0,0,0,0,0,0
1116436000,0,0,0,0,0,0
1116940000,0,0,0,0,0,0
1117444000,0,0,0,0,0,0
1117948000,0,0,0,0,0,0
1118452000,0,0,0,0,0,0
1118956000,0,0,0,0,0,0
1119460000,0,0,0,0,0,0
1119964000,0,0,0,0,0,0
1120468000,0,0,0,0,0,0
1120972000,0,0,0,0,0,0
1121476000,0,0,0,0,0,0
1121980000,0,0,0,0,0,0
1122484000,0,0,0,0,0,0
1122988000,0,0,0,0,0,0
1123492000,0,0,0,0,0,0
1123996000,0,0,0,0,0,0
1124500000,0,0,0,0,0,0
1125004000,0,0,0,0,0,0
1125508000,0,0,0,0,0,0
1126012000,0,0,0,0,0,0
1126516000,0,0,0,0,0,0
1127020000,0,0,0,0,0,0
1127524000,0,0,0,0,0,0
1128028000,0,0,0,0,0,0
1128532000,0,0,0,0,0,0
1129036000,0,0,0,0,0,0
1129540000,0,0,0,0,0,0
1130044000,0,0,0,0,0,0
1130548000,0,0,0,0,0,0
1131052000,0,0,0,0,0,0
1131556000,0,0,0,0,0,0
1132060000,0,0,0,0,0,0
1132564000,0,0,0,0,0,0
1133068000,0,0,0,0,0,0
1133572000,0,0,0,0,0,0
1134076000,0,0,0,0,0,0
1134580000,0,0,0,0,0,0
1135084000,0,0,0,0,0,0
1135588000,0,0,0,0,0,0
1136092000,0,0,0,0,0,0
1136596000,0,0,0,0,0,0
1137100000,0,0,0,0,0,0
1137604000,0,0,0,0,0,0
1138108000,0,0,0,0,0,0
1138612000,0,0,0,0,0,0
1139116000,0,0,0,0,0,0
1139620000,0,0,0,0,0,0
1140124000,0,0,0,0,0,0
1140628000,0,0,0,0,0,0
1141132000,0,0,0,0,0,0
1141636000,0,0,0,0,0,0
1142140000,0,0,0,0,0,0
1142644000,0,0,0,0,0,0
1143148000,0,0,0,0,0,0
1143652000,0,0,0,0,0,0
1144156000,0,0,0,0,0,0
1144660000,0,0,0,0,0,0
1145164000,0,0,0,0,0,0
1145668000,0,0,0,0,0,0
1146172000,0,0,0,0,0,0
1146676000,0,0,0,0,0,0
1147180000,0,0,0,0,0,0
1147684000,0,0,0,0,0,0
1148188000,0,0,0,0,0,0
1148692000,0,0,0,0,0,0
1149196000,0,0,0,0,0,0
1149700000,0,0,0,0,0,0
1150204000,0,0,0,0,0,0
1150708000,0,0,0,0,0,0
1151212000,0,0,0,0,0,0
1151716000,0,0,0,0,0,0
1152220000,0,0,0,0,0,0
1152724000,0,0,0,0,0,0
1153228000,0,0,0,0,0,0
1153732000,0,0,0,0,0,0
1154236000,0,0,0,0,0,0
1154740000,0,0,0,0,0,0
1155244000,0,0,0,0,0,0
1155748000,0,0,0,0,0,0
1156252000,0,0,0,0,0,0
1156756000,0,0,0,0,0,0
1157260000,0,0,0,0,0,0
1157764000,0,0,0,0,0,0
1158268000,0,0,0,0,0,0
1158772000,0,0,0,0,0,0
1159276000,0,0,0,0,0,0
1159780000,0,0,0,0,0,0
1160284000,0,0,0,0,0,0
1160788000,0,0,0,0,0,0
1161292000,0,0,0,0,0,0
1161796000,0,0,0,0,0,0
1162300000,0,0,0,0,0,0
1162804000,0,0,0,0,0,0
1163308000,0,0,0,0,0,0
1163812000,0,0,0,0,0,0
1164316000,0,0,0,0,0,0
1164820000,0,0,0,0,0,0
1165324000,0,0,0,0,0,0
1165828000,0,0,0,0,0,0
1166332000,0,0,0,0,0,0
1166836000,0,0,0,0,0,0
1167340000,0,0,0,0,0,0
1167844000,0,0,0,0,0,0
1168348000,0,0,0,0,0,0
1168852000,0,0,0,0,0,0
1169356000,0,0,0,0,0,0
1169860000,0,0,0,0,0,0
1170364000,0,0,0,0,0,0
1170868000,0,0,0,0,0,0
1171372000,0,0,0,0,0,0
1171876000,0,0,0,0,0,0
1172380000,0,0,0,0,0,0
1172884000,0,0,0,0,0,0
1173388000,0,0,0,0,0,0
1173892000,0,0,0,0,0,0
1174396000,0,0,0,0,0,0
1174900000,0,0,0,0,0,0
1175404000,0,0,0,0,0,0
1175908000,0,0,0,0,0,0
1176412000,0,0,0,0,0,0
1176916000,0,0,0,0,0,0
1177420000,0,0,0,0,0,0
1177924000,0,0,0,0,0,0
1178428000,0,0,0,0,0,0
1178932000,0,0,0,0,0,0
1179436000,0,0,0,0,0,0
1179940000,0,0,0,0,0,0
1180448000,0,0,0,0,0,0
1180952000,0,0,0,0,0,0
1181456000,0,0,0,0,0,0
1181960000,0,0,0,0,0,0
1182464000,0,0,0,0,0,0
1182968000,0,0,0,0,0,0
1183472000,0,0,0,0,0,0
1183976000,0,0,0,0,0,0
1184480000,0,0,0,0,0,0
1184984000,0,0,0,0,0,0
1185488000,0,0,0,0,0,0
1185992000,0,0,0,0,0,0
1186496000,0,0,0,0,0,0
1187000000,0,0,0,0,0,0
1187504000,0,0,0,0,0,0
1188008000,0,0,0,0,0,0
1188512000,0,0,0,0,0,0
1189016000,0,0,0,0,0,0
1189520000,0,0,0,0,0,0
1190024000,0,0,0,0,0,0
1190528000,0,0,0,0,0,0
1191032000,0,0,0,0,0,0
1191536000,0,0,0,0,0,0
1192040000,0,0,0,0,0,0
1192544000,0,0,0,0,0,0
1193048000,0,0,0,0,0,0
1193552000,0,0,0,0,0,0
1194056000,0,0,0,0,0,0
1194560000,0,0,0,0,0,0
1195064000,0,0,0,0,0,0
1195568000,0,0,0,0,0,0
1196072000,0,0,0,0,0,0
1196576000,0,0,0,0,0,0
1197080000,0,0,0,0,0,0
1197584000,0,0,0,0,0,0
1198088000,0,0,0,0,0,0
1198592000,0,0,0,0,0,0
1199096000,0,0,0,0,0,0
1199600000,0,0,0,0,0,0
1200104000,0,0,0,0,0,0
1200608000,0,0,0,0,0,0
1201112000,0,0,0,0,0,0
1201616000,0,0,0,0,0,0
1202120000,0,0,0,0,0,0
1202624000,0,0,0,0,0,0
1203128000,0,0,0,0,0,0
1203632000,0,0,0,0,0,0
1204136000,0,0,0,0,0,0
1204640000,0,0,0,0,0,0
1205144000,0,0,0,0,0,0
1205648000,0,0,0,0,0,0
1206152000,0,0,0,0,0,0
1206656000,0,0,0,0,0,0
1207160000,0,0,0,0,0,0
1207664000,0,0,0,0,0,0
1208168000,0,0,0,0,0,0
1208672000,0,0,0,0,0,0
1209176000,0,0,0,0,0,0
1209680000,0,0,0,0,0,0
1210184000,0,0,0,0,0,0
1210688000,0,0,0,0,0,0
1211192000,0,0,0,0,0,0
1211696000,0,0,0,0,0,0
1212200000,0,0,0,0,0,0
1212704000,0,0,0,0,0,0
1213208000,0,0,0,0,0,0
1213712000,0,0,0,0,0,0
1214216000,0,0,0,0,0,0
1214720000,0,0,0,0,0,0
1215224000,0,0,0,0,0,0
1215728000,0,0,0,0,0,0
1216232000,0,0,0,0,0,0
1216736000,0,0,0,0,0,0
1217240000,0,0,0,0,0,0
1217744000,0,0,0,0,0,0
1218248000,0,0,0,0,0,0
1218752000,0,0,0,0,0,0
1219256000,0,0,0,0,0,0
1219760000,0,0,0,0,0,0
1220264000,0,0,0,0,0,0
1220768000,0,0,0,0,0,0
1221272000,0,0,0,0,0,0
1221776000,0,0,0,0,0,0
1222280000,0,0,0,0,0,0
1222784000,0,0,0,0,0,0
1223288000,0,0,0,0,0,0
1223792000,0,0,0,0,0,0
1224296000,0,0,0,0,0,0
1224800000,0,0,0,0,0,0
1225304000,0,0,0,0,0,0
1225808000,0,0,0,0,0,0
1226312000,0,0,0,0,0,0
1226816000,0,0,0,0,0,0
1227320000,0,0,0,0,0,0
1227824000,0,0,0,0,0,0
1228328000,0,0,0,0,0,0
1228832000,0,0,0,0,0,0
1229336000,0,0,0,0,0,0
1229840000,0,0,0,0,0,0
1230344000,0,0,0,0,0,0
1230848000,0,0,0,0,0,0
1231352000,0,0,0,0,0,0
1231856000,0,0,0,0,0,0
1232360000,0,0,0,0,0,0
1232864000,0,0,0,0,0,0
1233368000,0,0,0,0,0,0
1233872000,0,0,0,0,0,0
1234376000,0,0,0,0,0,0
1234880000,0,0,0,0,0,0
1235384000,0,0,0,0,0,0
1235888000,0,0,0,0,0,0
1236392000,0,0,0,0,0,0
1236896000,0,0,0,0,0,0
1237400000,0,0,0,0,0,0
1237904000,0,0,0,0,0,0
1238408000,0,0,0,0,0,0
1238912000,0,0,0,0,0,0
1239416000,0,0,0,0,0,0
1239920000,0,0,0,0,0,0
1240424000,0,0,0,0,0,0
1240928000,0,0,0,0,0,0
1241432000,0,0,0,0,0,0
1241936000,0,0,0,0,0,0
1242440000,0,0,0,0,0,0
1242944000,0,0,0,0,0,0
1243448000,0,0,0,0,0,0
1243952000,0,0,0,0,0,0
1244456000,0,0,0,0,0,0
1244960000,0,0,0,0,0,0
1245464000,0,0,0,0,0,0
1245968000,0,0,0,0,0,0
1246472000,0,0,0,0,0,0
1246976000,0,0,0,0,0,0
1247480000,0,0,0,0,0,0
1247984000,0,0,0,0,0,0
1248488000,0,0,0,0,0,0
1248992000,0,0,0,0,0,0
1249496000,0,0,0,0,0,0
1250000000,0,0,0,0,0,0
1250504000,0,0,0,0,0,0
1251008000,0,0,0,0,0,0
1251512000,0,0,0,0,0,0
1252016000,0,0,0,0,0,0
1252520000,0,0,0,0,0,0
1253024000,0,0,0,0,0,0
1253528000,0,0,0,0,0,0
1254032000,0,0,0,0,0,0
1254536000,0,0,0,0,0,0
1255040000,0,0,0,0,0,0
1255544000,0,0,0,0,0,0
1256048000,0,0,0,0,0,0
1256552000,0,0,0,0,0,0
1257056000,0,0,0,0,0,0
1257560000,0,0,0,0,0,0
1258064000,0,0,0,0,0,0
1258568000,0,0,0,0,0,0
1259072000,0,0,0,0,0,0
1259576000,0,0,0,0,0,0
1260080000,0,0,0,0,0,0
1260584000,0,0,0,0,0,0
1261088000,0,0,0,0,0,0
1261592000,0,0,0,0,0,0
1262096000,0,0,0,0,0,0
1262600000,0,0,0,0,0,0
1263104000,0,0,0,0,0,0
1263608000,0,0,0,0,0,0
1264112000,0,0,0,0,0,0
1264616000,0,0,0,0,0,0
1265120000,0,0,0,0,0,0
1265624000,0,0,0,0,0,0
1266128000,0,0,0,0,0,0
1266632000,0,0,0,0,0,0
1267136000,0,0,0,0,0,0
1267640000,0,0,0,0,0,0
1268144000,0,0,0,0,0,0
1268648000,0,0,0,0,0,0
1269152000,0,0,0,0,0,0
1269656000,0,0,0,0,0,0
1270160000,0,0,0,0,0,0
1270664000,0,0,0,0,0,0
1271168000,0,0,0,0,0,0
1271672000,0,0,0,0,0,0
1272176000,0,0,0,0,0,0
1272680000,0,0,0,0,0,0
1273184000,0,0,0,0,0,0
1273688000,0,0,0,0,0,0
1274192000,0,0,0,0,0,0
1274696000,0,0,0,0,0,0
1275200000,0,0,0,0,0,0
1275704000,0,0,0,0,0,0
1276208000,0,0,0,0,0,0
1276712000,0,0,0,0,0,0
1277216000,0,0,0,0,0,0
1277720000,0,0,0,0,0,0
1278224000,0,0,0,0,0,0
1278728000,0,0,0,0,0,0
1279232000,0,0,0,0,0,0
1279736000,0,0,0,0,0,0
1280240000,0,0,0,0,0,0
1280744000,0,0,0,0,0,0
1281248000,0,0,0,0,0,0
1281752000,0,0,0,0,0,0
1282256000,0,0,0,0,0,0
1282760000,0,0,0,0,0,0
1283264000,0,0,0,0,0,0
1283768000,0,0,0,0,0,0
1284272000,0,0,0,0,0,0
1284776000,0,0,0,0,0,0
1285280000,0,0,0,0,0,0
1285784000,0,0,0,0,0,0
1286288000,0,0,0,0,0,0
1286792000,0,0,0,0,0,0
1287296000,0,0,0,0,0,0
1287800000,0,0,0,0,0,0
1288304000,0,0,0,0,0,0
1288808000,0,0,0,0,0,0
1289312000,0,0,0,0,0,0
1289816000,0,0,0,0,0,0
1290320000,0,0,0,0,0,0
1290824000,0,0,0,0,0,0
1291328000,0,0,0,0,0,0
1291832000,0,0,0,0,0,0
1292336000,0,0,0,0,0,0
1292840000,0,0,0,0,0,0
1293344000,0,0,0,0,0,0
1293848000,0,0,0,0,0,0
1294352000,0,0,0,0,0,0
1294856000,0,0,0,0,0,0
1295360000,0,0,0,0,0,0
1295864000,0,0,0,0,0,0
1296368000,0,0,0,0,0,0
1296872000,0,0,0,0,0,0
1297376000,0,0,0,0,0,0
1297880000,0,0,0,0,0,0
1298384000,0,0,0,0,0,0
1298888000,0,0,0,0,0,0
1299392000,0,0,0,0,0,0
1299896000,0,0,0,0,0,0
1300400000,0,0,0,0,0,0
1300904000,0,0,0,0,0,0
1301408000,0,0,0,0,0,0
1301912000,0,0,0,0,0,0
1302416000,0,0,0,0,0,0
1302920000,0,0,0,0,0,0
1303424000,0,0,0,0,0,0
1303928000,0,0,0,0,0,0
1304432000,0,0,0,0,0,0
1304936000,0,0,0,0,0,0
1305440000,0,0,0,0,0,0
1305944000,0,0,0,0,0,0
1306448000,0,0,0,0,0,0
1306952000,0,0,0,0,0,0
1307456000,0,0,0,0,0,0
1307960000,0,0,0,0,0,0
1308464000,0,0,0,0,0,0
1308968000,0,0,0,0,0,0
1309472000,0,0,0,0,0,0
1309976000,0,0,0,0,0,0
1310480000,0,0,0,0,0,0
1310984000,0,0,0,0,0,0
1311488000,0,0,0,0,0,0
1311992000,0,0,0,0,0,0
1312496000,0,0,0,0,0,0
1313000000,0,0,0,0,0,0
1313504000,0,0,0,0,0,0
1314008000,0,0,0,0,0,0
1314512000,0,0,0,0,0,0
1315016000,0,0,0,0,0,0
1315520000,0,0,0,0,0,0
1316024000,0,0,0,0,0,0
1316528000,0,0,0,0,0,0
1317032000,0,0,0,0,0,0
1317536000,0,0,0,0,0,0
1318040000,0,0,0,0,0,0
1318544000,0,0,0,0,0,0
1319048000,0,0,0,0,0,0
1319552000,0,0,0,0,0,0
1320056000,0,0,0,0,0,0
1320560000,0,0,0,0,0,0
1321064000,0,0,0,0,0,0
1321568000,0,0,0,0,0,0
1322072000,0,0,0,0,0,0
1322576000,0,0,0,0,0,0
1323080000,0,0,0,0,0,0
1323584000,0,0,0,0,0,0
1324088000,0,0,0,0,0,0
1324592000,0,0,0,0,0,0
1325096000,0,0,0,0,0,0
1325600000,0,0,0,0,0,0
1326104000,0,0,0,0,0,0
1326608000,0,0,0,0,0,0
1327112000,0,0,0,0,0,0
1327616000,0,0,0,0,0,0
1328120000,0,0,0,0,0,0
1328624000,0,0,0,0,0,0
1329128000,0,0,0,0,0,0
1329632000,0,0,0,0,0,0
1330136000,0,0,0,0,0,0
1330640000,0,0,0,0,0,0
1331144000,0,0,0,0,0,0
1331648000,0,0,0,0,0,0
1332152000,0,0,0,0,0,0
1332656000,0,0,0,0,0,0
1333160000,0,0,0,0,0,0
1333664000,0,0,0,0,0,0
1334168000,0,0,0,0,0,0
1334672000,0,0,0,0,0,0
1335176000,0,0,0,0,0,0
1335680000,0,0,0,0,0,0
1336184000,0,0,0,0,0,0
1336688000,0,0,0,0,0,0
1337192000,0,0,0,0,0,0
1337696000,0,0,0,0,0,0
1338200000,0,0,0,0,0,0
1338704000,0,0,0,0,0,0
1339208000,0,0,0,0,0,0
1339712000,0,0,0,0,0,0
1340216000,0,0,0,0,0,0
1340720000,0,0,0,0,0,0
1341224000,0,0,0,0,0,0
1341728000,0,0,0,0,0,0
1342232000,0,0,0,0,0,0
1342736000,0,0,0,0,0,0
1343240000,0,0,0,0,0,0
1343744000,0,0,0,0,0,0
1344248000,0,0,0,0,0,0
1344752000,0,0,0,0,0,0
1345256000,0,0,0,0,0,0
1345760000,0,0,0,0,0,0
1346264000,0,0,0,0,0,0
1346768000,0,0,0,0,0,0
1347272000,0,0,0,0,0,0
1347776000,0,0,0,0,0,0
1348280000,0,0,0,0,0,0
1348784000,0,0,0,0,0,0
1349288000,0,0,0,0,0,0
1349792000,0,0,0,0,0,0
1350296000,0,0,0,0,0,0
1350800000,0,0,0,0,0,0
1351304000,0,0,0,0,0,0
1351808000,0,0,0,0,0,0
1352312000,0,0,0,0,0,0
1352816000,0,0,0,0,0,0
1353320000,0,0,0,0,0,0
1353824000,0,0,0,0,0,0
1354328000,0,0,0,0,0,0
1354832000,0,0,0,0,0,0
1355336000,0,0,0,0,0,0
1355840000,0,0,0,0,0,0
1356344000,0,0,0,0,0,0
1356848000,0,0,0,0,0,0
1357352000,0,0,0,0,0,0
1357856000,0,0,0,0,0,0
1358360000,0,0,0,0,0,0
1358864000,0,0,0,0,0,0
1359368000,0,0,0,0,0,0
1359872000,0,0,0,0,0,0
1360376000,0,0,0,0,0,0
1360880000,0,0,0,0,0,0
1361384000,0,0,0,0,0,0
1361888000,0,0,0,0,0,0
1362392000,0,0,0,0,0,0
1362896000,0,0,0,0,0,0
1363400000,0,0,0,0,0,0
1363904000,0,0,0,0,0,0
1364408000,0,0,0,0,0,0
1364912000,0,0,0,0,0,0
1365416000,0,0,0,0,0,0
1365920000,0,0,0,0,0,0
1366424000,0,0,0,0,0,0
1366928000,0,0,0,0,0,0
1367432000,0,0,0,0,0,0
1367936000,0,0,0,0,0,0
1368440000,0,0,0,0,0,0
1368944000,0,0,0,0,0,0
1369448000,0,0,0,0,0,0
1369952000,0,0,0,0,0,0
1370456000,0,0,0,0,0,0
1370960000,0,0,0,0,0,0
1371464000,0,0,0,0,0,0
1371968000,0,0,0,0,0,0
1372472000,0,0,0,0,0,0
1372976000,0,0,0,0,0,0
1373480000,0,0,0,0,0,0
1373984000,0,0,0,0,0,0
1374488000,0,0,0,0,0,0
1374992000,0,0,0,0,0,0
1375496000,0,0,0,0,0,0
1376000000,0,0,0,0,0,0
1376504000,0,0,0,0,0,0
1377008000,0,0,0,0,0,0
1377512000,0,0,0,0,0,0
1378016000,0,0,0,0,0,0
1378520000,0,0,0,0,0,0
1379024000,0,0,0,0,0,0
1379528000,0,0,0,0,0,0
1380032000,0,0,0,0,0,0
1380536000,0,0,0,0,0,0
1381040000,0,0,0,0,0,0
1381544000,0,0,0,0,0,0
1382048000,0,0,0,0,0,0
1382552000,0,0,0,0,0,0
1383056000,0,0,0,0,0,0
1383560000,0,0,0,0,0,0
1384064000,0,0,0,0,0,0
1384568000,0,0,0,0,0,0
1385072000,0,0,0,0,0,0
1385576000,0,0,0,0,0,0
1386080000,0,0,0,0,0,0
1386584000,0,0,0,0,0,0
1387088000,0,0,0,0,0,0
1387592000,0,0,0,0,0,0
1388096000,0,0,0,0,0,0
1388600000,0,0,0,0,0,0
1389104000,0,0,0,0,0,0
1389608000,0,0,0,0,0,0
1390112000,0,0,0,0,0,0
1390616000,0,0,0,0,0,0
1391120000,0,0,0,0,0,0
1391624000,0,0,0,0,0,0
1392128000,0,0,0,0,0,0
1392632000,0,0,0,0,0,0
1393136000,0,0,0,0,0,0
1393640000,0,0,0,0,0,0
1394144000,0,0,0,0,0,0
1394648000,0,0,0,0,0,0
1395152000,0,0,0,0,0,0
1395656000,0,0,0,0,0,0
1396160000,0,0,0,0,0,0
1396664000,0,0,0,0,0,0
1397168000,0,0,0,0,0,0
1397672000,0,0,0,0,0,0
1398176000,0,0,0,0,0,0
1398680000,0,0,0,0,0,0
1399184000,0,0,0,0,0,0
1399688000,0,0,0,0,0,0
1400192000,0,0,0,0,0,0
1400696000,0,0,0,0,0,0
1401200000,0,0,0,0,0,0
1401704000,0,0,0,0,0,0
1402208000,0,0,0,0,0,0
1402712000,0,0,0,0,0,0
1403216000,0,0,0,0,0,0
1403720000,0,0,0,0,0,0
1404224000,0,0,0,0,0,0
1404728000,0,0,0,0,0,0
1405232000,0,0,0,0,0,0
1405736000,0,0,0,0,0,0
1406240000,0,0,0,0,0,0
1406744000,0,0,0,0,0,0
1407248000,0,0,0,0,0,0
1407752000,0,0,0,0,0,0
1408256000,0,0,0,0,0,0
1408760000,0,0,0,0,0,0
1409264000,0,0,0,0,0,0
1409768000,0,0,0,0,0,0
1410272000,0,0,0,0,0,0
1410776000,0,0,0,0,0,0
1411280000,0,0,0,0,0,0
1411784000,0,0,0,0,0,0
1412288000,0,0,0,0,0,0
1412792000,0,0,0,0,0,0
1413296000,0,0,0,0,0,0
1413800000,0,0,0,0,0,0
1414304000,0,0,0,0,0,0
1414808000,0,0,0,0,0,0
1415312000,0,0,0,0,0,0
1415816000,0,0,0,0,0,0
1416320000,0,0,0,0,0,0
1416824000,0,0,0,0,0,0
1417328000,0,0,0,0,0,0
1417832000,0,0,0,0,0,0
1418336000,0,0,0,0,0,0
1418840000,0,0,0,0,0,0
1419344000,0,0,0,0,0,0
1419848000,0,0,0,0,0,0
1420352000,0,0,0,0,0,0
1420856000,0,0,0,0,0,0
1421360000,0,0,0,0,0,0
1421864000,0,0,0,0,0,0
1422368000,0,0,0,0,0,0
1422872000,0,0,0,0,0,0
1423376000,0,0,0,0,0,0
1423880000,0,0,0,0,0,0
1424384000,0,0,0,0,0,0
1424888000,0,0,0,0,0,0
1425392000,0,0,0,0,0,0
1425896000,0,0,0,0,0,0
1426400000,0,0,0,0,0,0
1426904000,0,0,0,0,0,0
1427408000,0,0,0,0,0,0
1427912000,0,0,0,0,0,0
1428416000,0,0,0,0,0,0
1428920000,0,0,0,0,0,0
1429424000,0,0,0,0,0,0
1429928000,0,0,0,0,0,0
1430432000,0,0,0,0,0,0
1430936000,0,0,0,0,0,0
1431440000,0,0,0,0,0,0
1431944000,0,0,0,0,0,0
1432448000,0,0,0,0,0,0
1432952000,0,0,0,0,0,0
1433456000,0,0,0,0,0,0
1433960000,0,0,0,0,0,0
1434464000,0,0,0,0,0,0
1434968000,0,0,0,0,0,0
1435472000,0,0,0,0,0,0
1435976000,0,0,0,0,0,0
1436480000,0,0,0,0,0,0
1436984000,0,0,0,0,0,0
1437488000,0,0,0,0,0,0
1437992000,0,0,0,0,0,0
1438496000,0,0,0,0,0,0
1439000000,0,0,0,0,0,0
1439504000,0,0,0,0,0,0
1440008000,0,0,0,0,0,0
1440512000,0,0,0,0,0,0
1441016000,0,0,0,0,0,0
1441520000,0,0,0,0,0,0
1442024000,0,0,0,0,0,0
1442528000,0,0,0,0,0,0
1443032000,0,0,0,0,0,0
1443536000,0,0,0,0,0,0
1444040000,0,0,0,0,0,0
1444544000,0,0,0,0,0,0
1445048000,0,0,0,0,0,0
1445552000,0,0,0,0,0,0
1446056000,0,0,0,0,0,0
1446560000,0,0,0,0,0,0
1447064000,0,0,0,0,0,0
1447568000,0,0,0,0,0,0
1448072000,0,0,0,0,0,0
1448576000,0,0,0,0,0,0
1449080000,0,0,0,0,0,0
1449584000,0,0,0,0,0,0
1450088000,0,0,0,0,0,0
1450592000,0,0,0,0,0,0
1451096000,0,0,0,0,0,0
1451600000,0,0,0,0,0,0
1452104000,0,0,0,0,0,0
1452608000,0,0,0,0,0,0
1453112000,0,0,0,0,0,0
1453616000,0,0,0,0,0,0
1454120000,0,0,0,0,0,0
1454624000,0,0,0,0,0,0
1455128000,0,0,0,0,0,0
1455632000,0,0,0,0,0,0
1456136000,0,0,0,0,0,0
1456640000,0,0,0,0,0,0
1457144000,0,0,0,0,0,0
1457648000,0,0,0,0,0,0
1458152000,0,0,0,0,0,0
1458656000,0,0,0,0,0,0
1459160000,0,0,0,0,0,0
1459664000,0,0,0,0,0,0
1460168000,0,0,0,0,0,0
1460672000,0,0,0,0,0,0
1461176000,0,0,0,0,0,0
1461680000,0,0,0,0,0,0
1462184000,0,0,0,0,0,0
1462688000,0,0,0,0,0,0
1463192000,0,0,0,0,0,0
1463696000,0,0,0,0,0,0
1464200000,0,0,0,0,0,0
1464704000,0,0,0,0,0,0
1465208000,0,0,0,0,0,0
1465712000,0,0,0,0,0,0
1466216000,0,0,0,0,0,0
1466720000,0,0,0,0,0,0
1467224000,0,0,0,0,0,0
1467728000,0,0,0,0,0,0
1468232000,0,0,0,0,0,0
1468736000,0,0,0,0,0,0
1469240000,0,0,0,0,0,0
1469744000,0,0,0,0,0,0
1470248000,0,0,0,0,0,0
1470752000,0,0,0,0,0,0
1471256000,0,0,0,0,0,0
1471760000,0,0,0,0,0,0
1472264000,0,0,0,0,0,0
1472768000,0,0,0,0,0,0
1473272000,0,0,0,0,0,0
1473776000,0,0,0,0,0,0
1474280000,0,0,0,0,0,0
1474784000,0,0,0,0,0,0
1475288000,0,0,0,0,0,0
1475792000,0,0,0,0,0,0
1476296000,0,0,0,0,0,0
1476800000,0,0,0,0,0,0
1477304000,0,0,0,0,0,0
1477808000,0,0,0,0,0,0
1478312000,0,0,0,0,0,0
1478816000,0,0,0,0,0,0
1479320000,0,0,0,0,0,0
1479824000,0,0,0,0,0,0
1480328000,0,0,0,0,0,0
1480832000,0,0,0,0,0,0
1481336000,0,0,0,0,0,0
1481840000,0,0,0,0,0,0
1482344000,0,0,0,0,0,0
1482848000,0,0,0,0,0,0
1483352000,0,0,0,0,0,0
1483856000,0,0,0,0,0,0
1484360000,0,0,0,0,0,0
1484864000,0,0,0,0,0,0
1485368000,0,0,0,0,0,0
1485872000,0,0,0,0,0,0
1486376000,0,0,0,0,0,0
1486880000,0,0,0,0,0,0
1487384000,0,0,0,0,0,0
1487888000,0,0,0,0,0,0
1488392000,0,0,0,0,0,0
1488896000,0,0,0,0,0,0
1489400000,0,0,0,0,0,0
1489904000,0,0,0,0,0,0
1490408000,0,0,0,0,0,0
1490912000,0,0,0,0,0,0
1491416000,0,0,0,0,0,0
1491920000,0,0,0,0,0,0
1492424000,0,0,0,0,0,0
1492928000,0,0,0,0,0,0
1493432000,0,0,0,0,0,0
1493936000,0,0,0,0,0,0
1494440000,0,0,0,0,0,0
1494944000,0,0,0,0,0,0
1495448000,0,0,0,0,0,0
1495952000,0,0,0,0,0,0
1496456000,0,0,0,0,0,0
1496960000,0,0,0,0,0,0
1497464000,0,0,0,0,0,0
1497968000,0,0,0,0,0,0
1498472000,0,0,0,0,0,0
1498976000,0,0,0,0,0,0
1499480000,0,0,0,0,0,0
1499984000,0,0,0,0,0,0
1500488000,0,0,0,0,0,0
1500992000,0,0,0,0,0,0
1501496000,0,0,0,0,0,0
1502000000,0,0,0,0,0,0
1502504000,0,0,0,0,0,0
1503008000,0,0,0,0,0,0
1503512000,0,0,0,0,0,0
1504016000,0,0,0,0,0,0
1504520000,0,0,0,0,0,0
1505024000,0,0,0,0,0,0
1505528000,0,0,0,0,0,0
1506032000,0,0,0,0,0,0
1506536000,0,0,0,0,0,0
1507040000,0,0,0,0,0,0
1507544000,0,0,0,0,0,0
1508048000,0,0,0,0,0,0
1508552000,0,0,0,0,0,0
1509056000,0,0,0,0,0,0
1509560000,0,0,0,0,0,0
1510064000,0,0,0,0,0,0
1510568000,0,0,0,0,0,0
1511072000,0,0,0,0,0,0
1511576000,0,0,0,0,0,0
1512080000,0,0,0,0,0,0
1512584000,0,0,0,0,0,0
1513088000,0,0,0,0,0,0
1513592000,0,0,0,0,0,0
1514096000,0,0,0,0,0,0
1514600000,0,0,0,0,0,0
1515104000,0,0,0,0,0,0
1515608000,0,0,0,0,0,0
1516112000,0,0,0,0,0,0
1516616000,0,0,0,0,0,0
1517120000,0,0,0,0,0,0
1517624000,0,0,0,0,0,0
1518128000,0,0,0,0,0,0
1518632000,0,0,0,0,0,0
1519136000,0,0,0,0,0,0
1519640000,0,0,0,0,0,0
1520144000,0,0,0,0,0,0
1520648000,0,0,0,0,0,0
1521152000,0,0,0,0,0,0
1521656000,0,0,0,0,0,0
1522160000,0,0,0,0,0,0
1522664000,0,0,0,0,0,0
1523168000,0,0,0,0,0,0
1523672000,0,0,0,0,0,0
1524176000,0,0,0,0,0,0
1524680000,0,0,0,0,0,0
1525184000,0,0,0,0,0,0
1525688000,0,0,0,0,0,0
1526192000,0,0,0,0,0,0
1526696000,0,0,0,0,0,0
1527200000,0,0,0,0,0,0
1527704000,0,0,0,0,0,0
1528208000,0,0,0,0,0,0
1528712000,0,0,0,0,0,0
1529216000,0,0,0,0,0,0
1529720000,0,0,0,0,0,0
1530224000,0,0,0,0,0,0
1530728000,0,0,0,0,0,0
1531232000,0,0,0,0,0,0
1531736000,0,0,0,0,0,0
1532240000,0,0,0,0,0,0
1532744000,0,0,0,0,0,0
1533248000,0,0,0,0,0,0
1533752000,0,0,0,0,0,0
1534256000,0,0,0,0,0,0
1534760000,0,0,0,0,0,0
1535264000,0,0,0,0,0,0
1535768000,0,0,0,0,0,0
1536272000,0,0,0,0,0,0
1536776000,0,0,0,0,0,0
1537280000,0,0,0,0,0,0
1537784000,0,0,0,0,0,0
1538288000,0,0,0,0,0,0
1538792000,0,0,0,0,0,0
1539296000,0,0,0,0,0,0
1539800000,0,0,0,0,0,0
1540304000,0,0,0,0,0,0
1540808000,0,0,0,0,0,0
1541312000,0,0,0,0,0,0
1541816000,0,0,0,0,0,0
1542320000,0,0,0,0,0,0
1542824000,0,0,0,0,0,0
1543328000,0,0,0,0,0,0
1543832000,0,0,0,0,0,0
1544336000,0,0,0,0,0,0
1544840000,0,0,0,0,0,0
1545344000,0,0,0,0,0,0
1545848000,0,0,0,0,0,0
1546352000,0,0,0,0,0,0
1546856000,0,0,0,0,0,0
1547360000,0,0,0,0,0,0
1547864000,0,0,0,0,0,0
1548368000,0,0,0,0,0,0
1548872000,0,0,0,0,0,0
1549376000,0,0,0,0,0,0
1549880000,0,0,0,0,0,0
1550384000,0,0,0,0,0,0
1550888000,0,0,0,0,0,0
1551392000,0,0,0,0,0,0
1551896000,0,0,0,0,0,0
1552400000,0,0,0,0,0,0
1552904000,0,0,0,0,0,0
1553408000,0,0,0,0,0,0
1553912000,0,0,0,0,0,0
1554416000,0,0,0,0,0,0
1554920000,0,0,0,0,0,0
1555424000,0,0,0,0,0,0
1555928000,0,0,0,0,0,0
1556432000,0,0,0,0,0,0
1556936000,0,0,0,0,0,0
1557440000,0,0,0,0,0,0
1557944000,0,0,0,0,0,0
1558448000,0,0,0,0,0,0
1558952000,0,0,0,0,0,0
1559456000,0,0,0,0,0,0
1559960000,0,0,0,0,0,0
1560464000,0,0,0,0,0,0
1560968000,0,0,0,0,0,0
1561472000,0,0,0,0,0,0
1561976000,0,0,0,0,0,0
1562480000,0,0,0,0,0,0
1562984000,0,0,0,0,0,0
1563488000,0,0,0,0,0,0
1563992000,0,0,0,0,0,0
1564496000,0,0,0,0,0,0
1565000000,0,0,0,0,0,0
1565504000,0,0,0,0,0,0
1566008000,0,0,0,0,0,0
1566512000,0,0,0,0,0,0
1567016000,0,0,0,0,0,0
1567520000,0,0,0,0,0,0
1568024000,0,0,0,0,0,0
1568528000,0,0,0,0,0,0
1569032000,0,0,0,0,0,0
1569536000,0,0,0,0,0,0
1570040000,0,0,0,0,0,0
1570544000,0,0,0,0,0,0
1571048000,0,0,0,0,0,0
1571552000,0,0,0,0,0,0
1572056000,0,0,0,0,0,0
1572560000,0,0,0,0,0,0
1573064000,0,0,0,0,0,0
1573568000,0,0,0,0,0,0
1574072000,0,0,0,0,0,0
1574576000,0,0,0,0,0,0
1575080000,0,0,0,0,0,0
1575584000,0,0,0,0,0,0
1576088000,0,0,0,0,0,0
1576592000,0,0,0,0,0,0
1577096000,0,0,0,0,0,0
1577600000,0,0,0,0,0,0
1578104000,0,0,0,0,0,0
1578608000,0,0,0,0,0,0
1579112000,0,0,0,0,0,0
1579616000,0,0,0,0,0,0
1580120000,0,0,0,0,0,0
1580624000,0,0,0,0,0,0
1581128000,0,0,0,0,0,0
1581632000,0,0,0,0,0,0
1582136000,0,0,0,0,0,0
1582640000,0,0,0,0,0,0
1583144000,0,0,0,0,0,0
1583648000,0,0,0,0,0,0
1584152000,0,0,0,0,0,0
1584656000,0,0,0,0,0,0
1585160000,0,0,0,0,0,0
1585664000,0,0,0,0,0,0
1586168000,0,0,0,0,0,0
1586672000,0,0,0,0,0,0
1587176000,0,0,0,0,0,0
1587680000,0,0,0,0,0,0
1588184000,0,0,0,0,0,0
1588688000,0,0,0,0,0,0
1589192000,0,0,0,0,0,0
1589696000,0,0,0,0,0,0
1590200000,0,0,0,0,0,0
1590704000,0,0,0,0,0,0
1591208000,0,0,0,0,0,0
1591712000,0,0,0,0,0,0
1592216000,0,0,0,0,0,0
1592720000,0,0,0,0,0,0
1593224000,0,0,0,0,0,0
1593728000,0,0,0,0,0,0
1594232000,0,0,0,0,0,0
1594736000,0,0,0,0,0,0
1595240000,0,0,0,0,0,0
1595744000,0,0,0,0,0,0
1596248000,0,0,0,0,0,0
1596752000,0,0,0,0,0,0
1597256000,0,0,0,0,0,0
1597760000,0,0,0,0,0,0
1598264000,0,0,0,0,0,0
1598768000,0,0,0,0,0,0
1599272000,0,0,0,0,0,0
1599776000,0,0,0,0,0,0
1600284000,0,0,0,0,0,0
1600788000,0,0,0,0,0,0
1601292000,0,0,0,0,0,0
1601796000,0,0,0,0,0,0
1602300000,0,0,0,0,0,0
1602804000,0,0,0,0,0,0
1603308000,0,0,0,0,0,0
1603812000,0,0,0,0,0,0
1604316000,0,0,0,0,0,0
1604820000,0,0,0,0,0,0
1605324000,0,0,0,0,0,0
1605828000,0,0,0,0,0,0
1606332000,0,0,0,0,0,0
1606836000,0,0,0,0,0,0
1607340000,0,0,0,0,0,0
1607844000,0,0,0,0,0,0
1608348000,0,0,0,0,0,0
1608852000,0,0,0,0,0,0
1609356000,0,0,0,0,0,0
1609860000,0,0,0,0,0,0
1610364000,0,0,0,0,0,0
1610868000,0,0,0,0,0,0
1611372000,0,0,0,0,0,0
1611876000,0,0,0,0,0,0
1612380000,0,0,0,0,0,0
1612884000,0,0,0,0,0,0
1613388000,0,0,0,0,0,0
1613892000,0,0,0,0,0,0
1614396000,0,0,0,0,0,0
1614900000,0,0,0,0,0,0
1615404000,0,0,0,0,0,0
1615908000,0,0,0,0,0,0
1616412000,0,0,0,0,0,0
1616916000,0,0,0,0,0,0
1617420000,0,0,0,0,0,0
1617924000,0,0,0,0,0,0
1618428000,0,0,0,0,0,0
1618932000,0,0,0,0,0,0
1619436000,0,0,0,0,0,0
1619940000,0,0,0,0,0,0
1620444000,0,0,0,0,0,0
1620948000,0,0,0,0,0,0
1621460000,0,0,0,0,0,0
1621964000,0,0,0,0,0,0
1622468000,0,0,0,0,0,0
1622972000,0,0,0,0,0,0
1623476000,0,0,0,0,0,0
1623980000,0,0,0,0,0,0
1624484000,0,0,0,0,0,0
1624988000,0,0,0,0,0,0
1625492000,0,0,0,0,0,0
1625996000,0,0,0,0,0,0
1626500000,0,0,0,0,0,0
1627004000,0,0,0,0,0,0
1627508000,0,0,0,0,0,0
1628012000,0,0,0,0,0,0
1628516000,0,0,0,0,0,0
1629020000,0,0,0,0,0,0
1629524000,0,0,0,0,0,0
1630028000,0,0,0,0,0,0
1630532000,0,0,0,0,0,0
1631036000,0,0,0,0,0,0
1631540000,0,0,0,0,0,0
1632044000,0,0,0,0,0,0
1632548000,0,0,0,0,0,0
1633052000,0,0,0,0,0,0
1633556000,0,0,0,0,0,0
1634060000,0,0,0,0,0,0
1634564000,0,0,0,0,0,0
1635068000,0,0,0,0,0,0
1635572000,0,0,0,0,0,0
1636076000,0,0,0,0,0,0
1636580000,0,0,0,0,0,0
1637084000,0,0,0,0,0,0
1637588000,0,0,0,0,0,0
1638092000,0,0,0,0,0,0
1638596000,0,0,0,0,0,0
1639100000,0,0,0,0,0,0
1639604000,0,0,0,0,0,0
1640108000,0,0,0,0,0,0
1640612000,0,0,0,0,0,0
1641116000,0,0,0,0,0,0
1641620000,0,0,0,0,0,0
1642124000,0,0,0,0,0,0
1642628000,0,0,0,0,0,0
1643132000,0,0,0,0,0,0
1643636000,0,0,0,0,0,0
1644140000,0,0,0,0,0,0
1644644000,0,0,0,0,0,0
1645148000,0,0,0,0,0,0
1645652000,0,0,0,0,0,0
1646156000,0,0,0,0,0,0
1646660000,0,0,0,0,0,0
1647164000,0,0,0,0,0,0
1647668000,0,0,0,0,0,0
1648172000,0,0,0,0,0,0
1648676000,0,0,0,0,0,0
1649180000,0,0,0,0,0,0
1649684000,0,0,0,0,0,0
1650188000,0,0,0,0,0,0
1650692000,0,0,0,0,0,0
1651196000,0,0,0,0,0,0
1651700000,0,0,0,0,0,0
1652204000,0,0,0,0,0,0
1652708000,0,0,0,0,0,0
1653212000,0,0,0,0,0,0
1653716000,0,0,0,0,0,0
1654220000,0,0,0,0,0,0
1654724000,0,0,0,0,0,0
1655228000,0,0,0,0,0,0
1655732000,0,0,0,0,0,0
1656236000,0,0,0,0,0,0
1656740000,0,0,0,0,0,0
1657244000,0,0,0,0,0,0
1657748000,0,0,0,0,0,0
1658252000,0,0,0,0,0,0
1658756000,0,0,0,0,0,0
1659260000,0,0,0,0,0,0
1659764000,0,0,0,0,0,0
1660268000,0,0,0,0,0,0
1660772000,0,0,0,0,0,0
1661276000,0,0,0,0,0,0
1661780000,0,0,0,0,0,0
1662284000,0,0,0,0,0,0
1662788000,0,0,0,0,0,0
1663292000,0,0,0,0,0,0
1663796000,0,0,0,0,0,0
1664300000,0,0,0,0,0,0
1664804000,0,0,0,0,0,0
1665308000,0,0,0,0,0,0
1665812000,0,0,0,0,0,0
1666316000,0,0,0,0,0,0
1666820000,0,0,0,0,0,0
1667324000,0,0,0,0,0,0
1667828000,0,0,0,0,0,0
1668332000,0,0,0,0,0,0
1668836000,0,0,0,0,0,0
1669340000,0,0,0,0,0,0
1669844000,0,0,0,0,0,0
1670348000,0,0,0,0,0,0
1670852000,0,0,0,0,0,0
1671356000,0,0,0,0,0,0
1671860000,0,0,0,0,0,0
1672364000,0,0,0,0,0,0
1672868000,0,0,0,0,0,0
1673372000,0,0,0,0,0,0
1673876000,0,0,0,0,0,0
1674380000,0,0,0,0,0,0
1674884000,0,0,0,0,0,0
1675388000,0,0,0,0,0,0
1675892000,0,0,0,0,0,0
1676396000,0,0,0,0,0,0
1676900000,0,0,0,0,0,0
1677404000,0,0,0,0,0,0
1677908000,0,0,0,0,0,0
1678412000,0,0,0,0,0,0
1678916000,0,0,0,0,0,0
1679420000,0,0,0,0,0,0
1679924000,0,0,0,0,0,0
1680428000,0,0,0,0,0,0
1680932000,0,0,0,0,0,0
1681436000,0,0,0,0,0,0
1681940000,0,0,0,0,0,0
1682444000,0,0,0,0,0,0
1682948000,0,0,0,0,0,0
1683452000,0,0,0,0,0,0
1683956000,0,0,0,0,0,0
1684460000,0,0,0,0,0,0
1684964000,0,0,0,0,0,0
1685468000,0,0,0,0,0,0
1685972000,0,0,0,0,0,0
1686476000,0,0,0,0,0,0
1686980000,0,0,0,0,0,0
1687484000,0,0,0,0,0,0
1687988000,0,0,0,0,0,0
1688492000,0,0,0,0,0,0
1688996000,0,0,0,0,0,0
1689500000,0,0,0,0,0,0
1690004000,0,0,0,0,0,0
1690508000,0,0,0,0,0,0
1691012000,0,0,0,0,0,0
1691516000,0,0,0,0,0,0
1692020000,0,0,0,0,0,0
1692524000,0,0,0,0,0,0
1693028000,0,0,0,0,0,0
1693532000,0,0,0,0,0,0
1694036000,0,0,0,0,0,0
1694540000,0,0,0,0,0,0
1695044000,0,0,0,0,0,0
1695548000,0,0,0,0,0,0
1696052000,0,0,0,0,0,0
1696556000,0,0,0,0,0,0
1697060000,0,0,0,0,0,0
1697564000,0,0,0,0,0,0
1698068000,0,0,0,0,0,0
1698572000,0,0,0,0,0,0
1699076000,0,0,0,0,0,0
1699580000,0,0,0,0,0,0
1700084000,0,0,0,0,0,0
1700588000,0,0,0,0,0,0
1701092000,0,0,0,0,0,0
1701596000,0,0,0,0,0,0
1702100000,0,0,0,0,0,0
1702604000,0,0,0,0,0,0
1703108000,0,0,0,0,0,0
1703612000,0,0,0,0,0,0
1704116000,0,0,0,0,0,0
1704620000,0,0,0,0,0,0
1705124000,0,0,0,0,0,0
1705628000,0,0,0,0,0,0
1706132000,0,0,0,0,0,0
1706636000,0,0,0,0,0,0
1707140000,0,0,0,0,0,0
1707644000,0,0,0,0,0,0
1708148000,0,0,0,0,0,0
1708652000,0,0,0,0,0,0
1709156000,0,0,0,0,0,0
1709660000,0,0,0,0,0,0
1710164000,0,0,0,0,0,0
1710668000,0,0,0,0,0,0
1711172000,0,0,0,0,0,0
1711676000,0,0,0,0,0,0
1712180000,0,0,0,0,0,0
1712684000,0,0,0,0,0,0
1713188000,0,0,0,0,0,0
1713692000,0,0,0,0,0,0
1714196000,0,0,0,0,0,0
1714700000,0,0,0,0,0,0
1715204000,0,0,0,0,0,0
1715708000,0,0,0,0,0,0
1716212000,0,0,0,0,0,0
1716716000,0,0,0,0,0,0
1717220000,0,0,0,0,0,0
1717724000,0,0,0,0,0,0
1718228000,0,0,0,0,0,0
1718732000,0,0,0,0,0,0
1719236000,0,0,0,0,0,0
1719740000,0,0,0,0,0,0
1720244000,0,0,0,0,0,0
1720748000,0,0,0,0,0,0
1721252000,0,0,0,0,0,0
1721756000,0,0,0,0,0,0
1722260000,0,0,0,0,0,0
1722768000,0,0,0,0,0,0
1723272000,0,0,0,0,0,0
1723776000,0,0,0,0,0,0
1724280000,0,0,0,0,0,0
1724784000,0,0,0,0,0,0
1725288000,0,0,0,0,0,0
1725792000,0,0,0,0,0,0
1726296000,0,0,0,0,0,0
1726800000,0,0,0,0,0,0
1727304000,0,0,0,0,0,0
1727808000,0,0,0,0,0,0
1728312000,0,0,0,0,0,0
1728816000,0,0,0,0,0,0
1729320000,0,0,0,0,0,0
1729824000,0,0,0,0,0,0
1730328000,0,0,0,0,0,0
1730832000,0,0,0,0,0,0
1731336000,0,0,0,0,0,0
1731840000,0,0,0,0,0,0
1732344000,0,0,0,0,0,0
1732848000,0,0,0,0,0,0
1733352000,0,0,0,0,0,0
1733856000,0,0,0,0,0,0
1734360000,0,0,0,0,0,0
1734864000,0,0,0,0,0,0
1735368000,0,0,0,0,0,0
1735872000,0,0,0,0,0,0
1736376000,0,0,0,0,0,0
1736880000,0,0,0,0,0,0
1737384000,0,0,0,0,0,0
1737888000,0,0,0,0,0,0
1738392000,0,0,0,0,0,0
1738896000,0,0,0,0,0,0
1739400000,0,0,0,0,0,0
1739904000,0,0,0,0,0,0
1740408000,0,0,0,0,0,0
1740912000,0,0,0,0,0,0
1741416000,0,0,0,0,0,0
1741920000,0,0,0,0,0,0
1742424000,0,0,0,0,0,0
1742928000,0,0,0,0,0,0
1743432000,0,0,0,0,0,0
1743936000,0,0,0,0,0,0
1744440000,0,0,0,0,0,0
1744944000,0,0,0,0,0,0
1745448000,0,0,0,0,0,0
1745952000,0,0,0,0,0,0
1746456000,0,0,0,0,0,0
1746960000,0,0,0,0,0,0
1747464000,0,0,0,0,0,0
1747968000,0,0,0,0,0,0
1748472000,0,0,0,0,0,0
1748976000,0,0,0,0,0,0
1749480000,0,0,0,0,0,0
1749984000,0,0,0,0,0,0
1750488000,0,0,0,0,0,0
1750992000,0,0,0,0,0,0
1751496000,0,0,0,0,0,0
1752000000,0,0,0,0,0,0
1752504000,0,0,0,0,0,0
1753008000,0,0,0,0,0,0
1753512000,0,0,0,0,0,0
1754016000,0,0,0,0,0,0
1754520000,0,0,0,0,0,0
1755024000,0,0,0,0,0,0
1755528000,0,0,0,0,0,0
1756032000,0,0,0,0,0,0
1756536000,0,0,0,0,0,0
1757040000,0,0,0,0,0,0
1757544000,0,0,0,0,0,0
1758048000,0,0,0,0,0,0
1758552000,0,0,0,0,0,0
1759056000,0,0,0,0,0,0
1759560000,0,0,0,0,0,0
1760064000,0,0,0,0,0,0
1760568000,0,0,0,0,0,0
1761072000,0,0,0,0,0,0
1761576000,0,0,0,0,0,0
1762080000,0,0,0,0,0,0
1762584000,0,0,0,0,0,0
1763088000,0,0,0,0,0,0
1763592000,0,0,0,0,0,0
1764096000,0,0,0,0,0,0
1764600000,0,0,0,0,0,0
1765104000,0,0,0,0,0,0
1765608000,0,0,0,0,0,0
1766112000,0,0,0,0,0,0
1766616000,0,0,0,0,0,0
1767120000,0,0,0,0,0,0
1767624000,0,0,0,0,0,0
1768128000,0,0,0,0,0,0
1768632000,0,0,0,0,0,0
1769136000,0,0,0,0,0,0
1769640000,0,0,0,0,0,0
1770144000,0,0,0,0,0,0
1770648000,0,0,0,0,0,0
1771152000,0,0,0,0,0,0
1771656000,0,0,0,0,0,0
1772160000,0,0,0,0,0,0
1772664000,0,0,0,0,0,0
1773168000,0,0,0,0,0,0
1773672000,0,0,0,0,0,0
1774176000,0,0,0,0,0,0
1774680000,0,0,0,0,0,0
1775184000,0,0,0,0,0,0
1775688000,0,0,0,0,0,0
1776192000,0,0,0,0,0,0
1776696000,0,0,0,0,0,0
1777200000,0,0,0,0,0,0
1777704000,0,0,0,0,0,0
1778208000,0,0,0,0,0,0
1778712000,0,0,0,0,0,0
1779216000,0,0,0,0,0,0
1779720000,0,0,0,0,0,0
1780224000,0,0,0,0,0,0
1780728000,0,0,0,0,0,0
1781232000,0,0,0,0,0,0
1781736000,0,0,0,0,0,0
1782240000,0,0,0,0,0,0
1782744000,0,0,0,0,0,0
1783248000,0,0,0,0,0,0
1783752000,0,0,0,0,0,0
1784256000,0,0,0,0,0,0
1784760000,0,0,0,0,0,0
1785264000,0,0,0,0,0,0
1785768000,0,0,0,0,0,0
1786272000,0,0,0,0,0,0
1786776000,0,0,0,0,0,0
1787280000,0,0,0,0,0,0
1787784000,0,0,0,0,0,0
1788288000,0,0,0,0,0,0
1788792000,0,0,0,0,0,0
1789296000,0,0,0,0,0,0
1789800000,0,0,0,0,0,0
1790304000,0,0,0,0,0,0
1790808000,0,0,0,0,0,0
1791312000,0,0,0,0,0,0
1791816000,0,0,0,0,0,0
1792320000,0,0,0,0,0,0
1792824000,0,0,0,0,0,0
1793328000,0,0,0,0,0,0
1793832000,0,0,0,0,0,0
1794336000,0,0,0,0,0,0
1794840000,0,0,0,0,0,0
1795344000,0,0,0,0,0,0
1795848000,0,0,0,0,0,0
1796352000,0,0,0,0,0,0
1796856000,0,0,0,0,0,0
1797360000,0,0,0,0,0,0
1797864000,0,0,0,0,0,0
1798368000,0,0,0,0,0,0
1798872000,0,0,0,0,0,0
1799376000,0,0,0,0,0,0
1799880000,0,0,0,0,0,0
1800384000,0,0,0,0,0,0
1800888000,0,0,0,0,0,0
1801392000,0,0,0,0,0,0
1801896000,0,0,0,0,0,0
1802400000,0,0,0,0,0,0
1802904000,0,0,0,0,0,0
1803408000,0,0,0,0,0,0
1803912000,0,0,0,0,0,0
1804416000,0,0,0,0,0,0
1804920000,0,0,0,0,0,0
1805424000,0,0,0,0,0,0
1805928000,0,0,0,0,0,0
1806432000,0,0,0,0,0,0
1806936000,0,0,0,0,0,0
1807440000,0,0,0,0,0,0
1807944000,0,0,0,0,0,0
1808448000,0,0,0,0,0,0
1808952000,0,0,0,0,0,0
1809456000,0,0,0,0,0,0
1809960000,0,0,0,0,0,0
1810464000,0,0,0,0,0,0
1810968000,0,0,0,0,0,0
1811472000,0,0,0,0,0,0
1811976000,0,0,0,0,0,0
1812480000,0,0,0,0,0,0
1812984000,0,0,0,0,0,0
1813488000,0,0,0,0,0,0
1813992000,0,0,0,0,0,0
1814496000,0,0,0,0,0,0
1815000000,0,0,0,0,0,0
1815504000,0,0,0,0,0,0
1816008000,0,0,0,0,0,0
1816512000,0,0,0,0,0,0
1817016000,0,0,0,0,0,0
1817520000,0,0,0,0,0,0
1818024000,0,0,0,0,0,0
1818528000,0,0,0,0,0,0
1819032000,0,0,0,0,0,0
1819536000,0,0,0,0,0,0
1820040000,0,0,0,0,0,0
1820544000,0,0,0,0,0,0
1821048000,0,0,0,0,0,0
1821552000,0,0,0,0,0,0
1822056000,0,0,0,0,0,0
1822560000,0,0,0,0,0,0
1823064000,0,0,0,0,0,0
1823568000,0,0,0,0,0,0
1824072000,0,0,0,0,0,0
1824576000,0,0,0,0,0,0
1825080000,0,0,0,0,0,0
1825584000,0,0,0,0,0,0
1826088000,0,0,0,0,0,0
1826592000,0,0,0,0,0,0
1827096000,0,0,0,0,0,0
1827600000,0,0,0,0,0,0
1828104000,0,0,0,0,0,0
1828608000,0,0,0,0,0,0
1829112000,0,0,0,0,0,0
1829616000,0,0,0,0,0,0
1830120000,0,0,0,0,0,0
1830624000,0,0,0,0,0,0
1831128000,0,0,0,0,0,0
1831632000,0,0,0,0,0,0
1832136000,0,0,0,0,0,0
1832640000,0,0,0,0,0,0
1833144000,0,0,0,0,0,0
1833648000,0,0,0,0,0,0
1834152000,0,0,0,0,0,0
1834656000,0,0,0,0,0,0
1835160000,0,0,0,0,0,0
1835664000,0,0,0,0,0,0
1836168000,0,0,0,0,0,0
1836672000,0,0,0,0,0,0
1837176000,0,0,0,0,0,0
1837680000,0,0,0,0,0,0
1838184000,0,0,0,0,0,0
1838688000,0,0,0,0,0,0
1839192000,0,0,0,0,0,0
1839696000,0,0,0,0,0,0
1840200000,0,0,0,0,0,0
1840704000,0,0,0,0,0,0
1841208000,0,0,0,0,0,0
1841712000,0,0,0,0,0,0
1842216000,0,0,0,0,0,0
1842720000,0,0,0,0,0,0
1843224000,0,0,0,0,0,0
1843728000,0,0,0,0,0,0
1844232000,0,0,0,0,0,0
1844736000,0,0,0,0,0,0
1845240000,0,0,0,0,0,0
1845744000,0,0,0,0,0,0
1846248000,0,0,0,0,0,0
1846752000,0,0,0,0,0,0
1847256000,0,0,0,0,0,0
1847760000,0,0,0,0,0,0
1848264000,0,0,0,0,0,0
1848768000,0,0,0,0,0,0
1849272000,0,0,0,0,0,0
1849776000,0,0,0,0,0,0
1850280000,0,0,0,0,0,0
1850784000,0,0,0,0,0,0
1851288000,0,0,0,0,0,0
1851792000,0,0,0,0,0,0
1852296000,0,0,0,0,0,0
1852800000,0,0,0,0,0,0
1853304000,0,0,0,0,0,0
1853808000,0,0,0,0,0,0
1854312000,0,0,0,0,0,0
1854816000,0,0,0,0,0,0
1855320000,0,0,0,0,0,0
1855824000,0,0,0,0,0,0
1856328000,0,0,0,0,0,0
1856832000,0,0,0,0,0,0
1857336000,0,0,0,0,0,0
1857840000,0,0,0,0,0,0
1858344000,0,0,0,0,0,0
1858848000,0,0,0,0,0,0
1859352000,0,0,0,0,0,0
1859856000,0,0,0,0,0,0
1860360000,0,0,0,0,0,0
1860864000,0,0,0,0,0,0
1861368000,0,0,0,0,0,0
1861872000,0,0,0,0,0,0
1862376000,0,0,0,0,0,0
1862880000,0,0,0,0,0,0
1863384000,0,0,0,0,0,0
1863888000,0,0,0,0,0,0
1864392000,0,0,0,0,0,0
1864896000,0,0,0,0,0,0
1865400000,0,0,0,0,0,0
1865904000,0,0,0,0,0,0
1866408000,0,0,0,0,0,0
1866912000,0,0,0,0,0,0
1867416000,0,0,0,0,0,0
1867920000,0,0,0,0,0,0
1868424000,0,0,0,0,0,0
1868928000,0,0,0,0,0,0
1869432000,0,0,0,0,0,0
1869936000,0,0,0,0,0,0
1870440000,0,0,0,0,0,0
1870944000,0,0,0,0,0,0
1871448000,0,0,0,0,0,0
1871952000,0,0,0,0,0,0
1872456000,0,0,0,0,0,0
1872960000,0,0,0,0,0,0
1873464000,0,0,0,0,0,0
1873968000,0,0,0,0,0,0
1874472000,0,0,0,0,0,0
1874976000,0,0,0,0,0,0
1875480000,0,0,0,0,0,0
1875984000,0,0,0,0,0,0
1876488000,0,0,0,0,0,0
1876992000,0,0,0,0,0,0
1877496000,0,0,0,0,0,0
1878000000,0,0,0,0,0,0
1878504000,0,0,0,0,0,0
1879008000,0,0,0,0,0,0
1879512000,0,0,0,0,0,0
1880016000,0,0,0,0,0,0
1880520000,0,0,0,0,0,0
1881024000,0,0,0,0,0,0
1881528000,0,0,0,0,0,0
1882032000,0,0,0,0,0,0
1882536000,0,0,0,0,0,0
1883040000,0,0,0,0,0,0
1883544000,0,0,0,0,0,0
1884048000,0,0,0,0,0,0
1884552000,0,0,0,0,0,0
1885056000,0,0,0,0,0,0
1885560000,0,0,0,0,0,0
1886064000,0,0,0,0,0,0
1886568000,0,0,0,0,0,0
1887072000,0,0,0,0,0,0
1887576000,0,0,0,0,0,0
1888080000,0,0,0,0,0,0
1888584000,0,0,0,0,0,0
1889088000,0,0,0,0,0,0
1889592000,0,0,0,0,0,0
1890096000,0,0,0,0,0,0
1890600000,0,0,0,0,0,0
1891104000,0,0,0,0,0,0
1891608000,0,0,0,0,0,0
1892112000,0,0,0,0,0,0
1892616000,0,0,0,0,0,0
1893120000,0,0,0,0,0,0
1893624000,0,0,0,0,0,0
1894128000,0,0,0,0,0,0
1894632000,0,0,0,0,0,0
1895136000,0,0,0,0,0,0
1895640000,0,0,0,0,0,0
1896144000,0,0,0,0,0,0
1896648000,0,0,0,0,0,0
1897152000,0,0,0,0,0,0
1897656000,0,0,0,0,0,0
1898160000,0,0,0,0,0,0
1898664000,0,0,0,0,0,0
1899168000,0,0,0,0,0,0
1899672000,0,0,0,0,0,0
1900176000,0,0,0,0,0,0
1900680000,0,0,0,0,0,0
1901184000,0,0,0,0,0,0
1901688000,0,0,0,0,0,0
1902192000,0,0,0,0,0,0
1902696000,0,0,0,0,0,0
1903200000,0,0,0,0,0,0
1903704000,0,0,0,0,0,0
1904208000,0,0,0,0,0,0
1904712000,0,0,0,0,0,0
1905216000,0,0,0,0,0,0
1905720000,0,0,0,0,0,0
1906224000,0,0,0,0,0,0
1906728000,0,0,0,0,0,0
1907232000,0,0,0,0,0,0
1907736000,0,0,0,0,0,0
1908240000,0,0,0,0,0,0
1908744000,0,0,0,0,0,0
1909248000,0,0,0,0,0,0
1909752000,0,0,0,0,0,0
1910256000,0,0,0,0,0,0
1910760000,0,0,0,0,0,0
1911264000,0,0,0,0,0,0
1911768000,0,0,0,0,0,0
1912272000,0,0,0,0,0,0
1912776000,0,0,0,0,0,0
1913280000,0,0,0,0,0,0
1913784000,0,0,0,0,0,0
1914288000,0,0,0,0,0,0
1914792000,0,0,0,0,0,0
1915296000,0,0,0,0,0,0
1915800000,0,0,0,0,0,0
1916304000,0,0,0,0,0,0
1916808000,0,0,0,0,0,0
1917312000,0,0,0,0,0,0
1917816000,0,0,0,0,0,0
1918320000,0,0,0,0,0,0
1918824000,0,0,0,0,0,0
1919328000,0,0,0,0,0,0
1919832000,0,0,0,0,0,0
1920336000,0,0,0,0,0,0
1920840000,0,0,0,0,0,0
1921344000,0,0,0,0,0,0
1921848000,0,0,0,0,0,0
1922352000,0,0,0,0,0,0
1922856000,0,0,0,0,0,0
1923360000,0,0,0,0,0,0
1923864000,0,0,0,0,0,0
1924368000,0,0,0,0,0,0
1924872000,0,0,0,0,0,0
1925376000,0,0,0,0,0,0
1925880000,0,0,0,0,0,0
1926384000,0,0,0,0,0,0
1926888000,0,0,0,0,0,0
1927392000,0,0,0,0,0,0
1927896000,0,0,0,0,0,0
1928400000,0,0,0,0,0,0
1928904000,0,0,0,0,0,0
1929408000,0,0,0,0,0,0
1929912000,0,0,0,0,0,0
1930416000,0,0,0,0,0,0
1930920000,0,0,0,0,0,0
1931424000,0,0,0,0,0,0
1931928000,0,0,0,0,0,0
1932432000,0,0,0,0,0,0
1932936000,0,0,0,0,0,0
1933440000,0,0,0,0,0,0
1933944000,0,0,0,0,0,0
1934448000,0,0,0,0,0,0
1934952000,0,0,0,0,0,0
1935456000,0,0,0,0,0,0
1935960000,0,0,0,0,0,0
1936464000,0,0,0,0,0,0
1936968000,0,0,0,0,0,0
1937472000,0,0,0,0,0,0
1937976000,0,0,0,0,0,0
