timestamp,nav_state,failure
123180000,4,0
124156000,4,0
124660000,4,0
125164000,4,0
125668000,4,0
126172000,4,0
126676000,4,0
127180000,4,0
127684000,4,0
128188000,4,0
128692000,4,0
129196000,4,0
129700000,4,0
130204000,4,0
130708000,4,0
131212000,4,0
131716000,4,0
132220000,4,0
132724000,4,0
133228000,4,0
133732000,4,0
134236000,4,0
134740000,4,0
135244000,4,0
135748000,4,0
136252000,4,0
136756000,4,0
137260000,4,0
137764000,4,0
138268000,4,0
138772000,4,0
139276000,4,0
139780000,4,0
140284000,4,0
140788000,4,0
141292000,4,0
141796000,4,0
142300000,4,0
142804000,4,0
143308000,4,0
143812000,4,0
144316000,4,0
144820000,4,0
145324000,4,0
145828000,4,0
146332000,4,0
146836000,4,0
147340000,4,0
147844000,4,0
148348000,4,0
148852000,4,0
149356000,4,0
149860000,4,0
150364000,4,0
150868000,4,0
151372000,4,0
151876000,4,0
152380000,4,0
152884000,4,0
153388000,4,0
153892000,4,0
154396000,4,0
154900000,4,0
155404000,4,0
155908000,4,0
156412000,4,0
156916000,4,0
157420000,4,0
157924000,4,0
158428000,4,0
158932000,4,0
159436000,4,0
159940000,4,0
160444000,4,0
160948000,4,0
161452000,4,0
161956000,4,0
162460000,4,0
162964000,4,0
163468000,4,0
163972000,4,0
164476000,4,0
164980000,4,0
165484000,4,0
165988000,4,0
166492000,4,0
166996000,4,0
167500000,4,0
168004000,4,0
168508000,4,0
169012000,4,0
169516000,4,0
170020000,4,0
170524000,4,0
171028000,4,0
171532000,4,0
172036000,4,0
172540000,4,0
173044000,4,0
173548000,4,0
174052000,4,0
174556000,4,0
175060000,4,0
175564000,4,0
176068000,4,0
176572000,4,0
177076000,4,0
177580000,4,0
178084000,4,0
178588000,4,0
179092000,4,0
179596000,4,0
180100000,4,0
180604000,4,0
181108000,4,0
181612000,4,0
182116000,4,0
182620000,4,0
183124000,4,0
183628000,4,0
184132000,4,0
184636000,4,0
185140000,4,0
185644000,4,0
186148000,4,0
186652000,4,0
187156000,4,0
187660000,4,0
188164000,4,0
188668000,4,0
189172000,4,0
189676000,4,0
190180000,4,0
190684000,4,0
191188000,4,0
191692000,4,0
192196000,4,0
192700000,4,0
193204000,4,0
193708000,4,0
194212000,4,0
194716000,4,0
195220000,4,0
195724000,4,0
196228000,4,0
196732000,4,0
197236000,4,0
197740000,4,0
198244000,4,0
198748000,4,0
199252000,4,0
199756000,4,0
200260000,4,0
200764000,4,0
201268000,4,0
201772000,4,0
202276000,4,0
202780000,4,0
203284000,4,0
203788000,4,0
204292000,4,0
204796000,4,0
205300000,4,0
205804000,4,0
206308000,4,0
206812000,4,0
207316000,4,0
207820000,4,0
208324000,4,0
208828000,4,0
209332000,4,0
209836000,4,0
210340000,4,0
210844000,4,0
211348000,4,0
211852000,4,0
212356000,4,0
212860000,4,0
213364000,4,0
213868000,4,0
214372000,4,0
214876000,4,0
215380000,4,0
215884000,4,0
216388000,4,0
216892000,4,0
217396000,4,0
217900000,4,0
218404000,4,0
218908000,4,0
219412000,4,0
219916000,4,0
220420000,4,0
220924000,4,0
221428000,4,0
221932000,4,0
222436000,4,0
222940000,4,0
223444000,4,0
223948000,4,0
224452000,4,0
224956000,4,0
225460000,4,0
225964000,4,0
226468000,4,0
226972000,4,0
227476000,4,0
227980000,4,0
228484000,4,0
228988000,4,0
229492000,4,0
229996000,4,0
230500000,4,0
231004000,4,0
231508000,4,0
232012000,4,0
232516000,4,0
233020000,4,0
233524000,4,0
234028000,4,0
234532000,4,0
235036000,4,0
235540000,4,0
236044000,4,0
236548000,4,0
237052000,4,0
237556000,4,0
238060000,4,0
238564000,4,0
239068000,4,0
239572000,4,0
240076000,4,0
240580000,4,0
241084000,4,0
241588000,4,0
242092000,4,0
242596000,4,0
243100000,4,0
243604000,4,0
244108000,4,0
244612000,4,0
245116000,4,0
245620000,4,0
246124000,4,0
246628000,4,0
247132000,4,0
247636000,4,0
248140000,4,0
248644000,4,0
249148000,4,0
249652000,4,0
250156000,4,0
250660000,4,0
251164000,4,0
251668000,4,0
252172000,4,0
252676000,4,0
253180000,4,0
253684000,4,0
254188000,4,0
254692000,4,0
255196000,4,0
255700000,4,0
256204000,4,0
256708000,4,0
257212000,4,0
257716000,4,0
258220000,4,0
258724000,4,0
259228000,4,0
259732000,4,0
260236000,4,0
260740000,4,0
261244000,4,0
261748000,4,0
262252000,4,0
262756000,4,0
263260000,4,0
263764000,4,0
264268000,4,0
264772000,4,0
265276000,4,0
265780000,4,0
266284000,4,0
266788000,4,0
267292000,4,0
267796000,4,0
268300000,4,0
268804000,4,0
269308000,4,0
269812000,4,0
270316000,4,0
270820000,4,0
271324000,4,0
271828000,4,0
272332000,4,0
272836000,4,0
273340000,4,0
273844000,4,0
274348000,4,0
274852000,4,0
275356000,4,0
275860000,4,0
276364000,4,0
276868000,4,0
277372000,4,0
277876000,4,0
278380000,4,0
278884000,4,0
279388000,4,0
279892000,4,0
280396000,4,0
280900000,4,0
281404000,4,0
281908000,4,0
282412000,4,0
282916000,4,0
283420000,4,0
283924000,4,0
284428000,4,0
284932000,4,0
285436000,4,0
285940000,4,0
286444000,4,0
286948000,4,0
287452000,4,0
287956000,4,0
288460000,4,0
288964000,4,0
289468000,4,0
289972000,4,0
290476000,4,0
290980000,4,0
291484000,4,0
291988000,4,0
292492000,4,0
292996000,4,0
293500000,4,0
294004000,4,0
294508000,4,0
295012000,4,0
295516000,4,0
296020000,4,0
296524000,4,0
297028000,4,0
297532000,4,0
298036000,4,0
298540000,4,0
299044000,4,0
299548000,4,0
300052000,4,0
300556000,4,0
301060000,4,0
301564000,4,0
302068000,4,0
302572000,4,0
303076000,4,0
303580000,4,0
304084000,4,0
304588000,4,0
305092000,4,0
305596000,4,0
306100000,4,0
306604000,4,0
307108000,4,0
307612000,4,0
308116000,4,0
308620000,4,0
309124000,4,0
309628000,4,0
310132000,4,0
310636000,4,0
311140000,4,0
311644000,4,0
312148000,4,0
312652000,4,0
313156000,4,0
313660000,4,0
314164000,4,0
314668000,4,0
315172000,4,0
315676000,4,0
316180000,4,0
316684000,4,0
317188000,4,0
317692000,4,0
318196000,4,0
318700000,4,0
319204000,4,0
319708000,4,0
320212000,4,0
320716000,4,0
321220000,4,0
321724000,4,0
322228000,4,0
322732000,4,0
323236000,4,0
323740000,4,0
324244000,4,0
324748000,4,0
325252000,4,0
325756000,4,0
326260000,4,0
326764000,4,0
327268000,4,0
327772000,4,0
328276000,4,0
328780000,4,0
329284000,4,0
329788000,4,0
330292000,4,0
330796000,4,0
331300000,4,0
331804000,4,0
332308000,4,0
332812000,4,0
333316000,4,0
333820000,4,0
334324000,4,0
334828000,4,0
335332000,4,0
335836000,4,0
336340000,4,0
336844000,4,0
337348000,4,0
337852000,4,0
338356000,4,0
338860000,4,0
339364000,4,0
339868000,4,0
340372000,4,0
340876000,4,0
341380000,4,0
341884000,4,0
342388000,4,0
342892000,4,0
343396000,4,0
343900000,4,0
344404000,4,0
344908000,4,0
345412000,4,0
345916000,4,0
346420000,4,0
346924000,4,0
347428000,4,0
347932000,4,0
348436000,4,0
348940000,4,0
349444000,4,0
349948000,4,0
350452000,4,0
350956000,4,0
351460000,4,0
351964000,4,0
352468000,4,0
352972000,4,0
353476000,4,0
353980000,4,0
354484000,4,0
354988000,4,0
355492000,4,0
355996000,4,0
356500000,4,0
357004000,4,0
357508000,4,0
358012000,4,0
358516000,4,0
359020000,4,0
359524000,4,0
360028000,4,0
360532000,4,0
361036000,4,0
361540000,4,0
362044000,4,0
362548000,4,0
363052000,4,0
363556000,4,0
364060000,4,0
364564000,4,0
365068000,4,0
365572000,4,0
366076000,4,0
366580000,4,0
367084000,4,0
367588000,4,0
368092000,4,0
368596000,4,0
369100000,4,0
369604000,4,0
370108000,4,0
370612000,4,0
371116000,4,0
371620000,4,0
372124000,4,0
372628000,4,0
373132000,4,0
373636000,4,0
374140000,4,0
374644000,4,0
375148000,4,0
375652000,4,0
376156000,4,0
376660000,4,0
377164000,4,0
377668000,4,0
378172000,4,0
378676000,4,0
379180000,4,0
379684000,4,0
380188000,4,0
380692000,4,0
381196000,4,0
381700000,4,0
382204000,4,0
382708000,4,0
383212000,4,0
383716000,4,0
384220000,4,0
384724000,4,0
385228000,4,0
385732000,4,0
386236000,4,0
386740000,4,0
387244000,4,0
387748000,4,0
388252000,4,0
388756000,4,0
389260000,4,0
389764000,4,0
390268000,4,0
390772000,4,0
391276000,4,0
391780000,4,0
392284000,4,0
392788000,4,0
393292000,4,0
393796000,4,0
394300000,4,0
394804000,4,0
395308000,4,0
395812000,4,0
396316000,4,0
396820000,4,0
397324000,4,0
397828000,4,0
398332000,4,0
398836000,4,0
399340000,4,0
399844000,4,0
400348000,4,0
400852000,4,0
401356000,4,0
401860000,4,0
402364000,4,0
402868000,4,0
403372000,4,0
403876000,4,0
404380000,4,0
404884000,4,0
405388000,4,0
405892000,4,0
406396000,4,0
406900000,4,0
407404000,4,0
407908000,4,0
408412000,4,0
408916000,4,0
409420000,4,0
410176000,4,0
410680000,4,0
411184000,4,0
411688000,4,0
412192000,4,0
412696000,4,0
413200000,4,0
413704000,4,0
414208000,4,0
414712000,4,0
415216000,4,0
415720000,4,0
416224000,4,0
416728000,4,0
417232000,4,0
417736000,4,0
418240000,4,0
418744000,4,0
419248000,4,0
419752000,4,0
420256000,4,0
420760000,4,0
421264000,4,0
421768000,4,0
422272000,4,0
422776000,4,0
423280000,4,0
423784000,4,0
424288000,4,0
424792000,4,0
425296000,4,0
425800000,4,0
426304000,4,0
426808000,4,0
427312000,4,0
427816000,4,0
428320000,4,0
428824000,4,0
429328000,4,0
429832000,4,0
430336000,4,0
430840000,4,0
431344000,4,0
431848000,4,0
432352000,4,0
432856000,4,0
433360000,4,0
433864000,4,0
434368000,4,0
434872000,4,0
435376000,4,0
435880000,4,0
436384000,4,0
436888000,4,0
437392000,4,0
437896000,4,0
438400000,4,0
438904000,4,0
439408000,4,0
439912000,4,0
440416000,4,0
440920000,4,0
441424000,4,0
441928000,4,0
442432000,4,0
442936000,4,0
443440000,4,0
443944000,4,0
444448000,4,0
444952000,4,0
445456000,4,0
445960000,4,0
446464000,4,0
446968000,4,0
447472000,4,0
447976000,4,0
448480000,4,0
448984000,4,0
449488000,4,0
449992000,4,0
450496000,4,0
451000000,4,0
451504000,4,0
452008000,4,0
452512000,4,0
453016000,4,0
453520000,4,0
454024000,4,0
454528000,4,0
455032000,4,0
455536000,4,0
456040000,4,0
456544000,4,0
457048000,4,0
457552000,4,0
458056000,4,0
458560000,4,0
459064000,4,0
459568000,4,0
460072000,4,0
460576000,4,0
461080000,4,0
461584000,4,0
462088000,4,0
462592000,4,0
463096000,4,0
463600000,4,0
464104000,4,0
464608000,4,0
465112000,4,0
465616000,4,0
466120000,4,0
466624000,4,0
467128000,4,0
467632000,4,0
468136000,4,0
468640000,4,0
469144000,4,0
469648000,4,0
470152000,4,0
470656000,4,0
471160000,4,0
471664000,4,0
472168000,4,0
472672000,4,0
473176000,4,0
473680000,4,0
474184000,4,0
474688000,4,0
475192000,4,0
475696000,4,0
476200000,4,0
476704000,4,0
477208000,4,0
477712000,4,0
478216000,4,0
478720000,4,0
479224000,4,0
479728000,4,0
480232000,4,0
480736000,4,0
481240000,4,0
481744000,4,0
482248000,4,0
482752000,4,0
483256000,4,0
483760000,4,0
484264000,4,0
484768000,4,0
485272000,4,0
485776000,4,0
486280000,4,0
486784000,4,0
487288000,4,0
487792000,4,0
488296000,4,0
488800000,4,0
489304000,4,0
489808000,4,0
490312000,4,0
490816000,4,0
491320000,4,0
491824000,4,0
492328000,4,0
492832000,4,0
493336000,4,0
493840000,4,0
494344000,4,0
494848000,4,0
495352000,4,0
495856000,4,0
496360000,4,0
496864000,4,0
497368000,4,0
497872000,4,0
498376000,4,0
498880000,4,0
499384000,4,0
499888000,4,0
500392000,4,0
500896000,4,0
501400000,4,0
501904000,4,0
502408000,4,0
502912000,4,0
503416000,4,0
503920000,4,0
504424000,4,0
504928000,4,0
505432000,4,0
505936000,4,0
506440000,4,0
506944000,4,0
507448000,4,0
507952000,4,0
508456000,4,0
508960000,4,0
509464000,4,0
509968000,4,0
510472000,4,0
510976000,4,0
511480000,4,0
511984000,4,0
512488000,4,0
512992000,4,0
513496000,4,0
514000000,4,0
514504000,4,0
515008000,4,0
515512000,4,0
516016000,4,0
516520000,4,0
517024000,4,0
517528000,4,0
518032000,4,0
518536000,4,0
519040000,4,0
519544000,4,0
520048000,4,0
520552000,4,0
521056000,4,0
521560000,4,0
522064000,4,0
522568000,4,0
523072000,4,0
523576000,4,0
524080000,4,0
524584000,4,0
525088000,4,0
525592000,4,0
526096000,4,0
526600000,4,0
527104000,4,0
527608000,4,0
528112000,4,0
528616000,4,0
529120000,4,0
529624000,4,0
530128000,4,0
530632000,4,0
531136000,4,0
531640000,4,0
532144000,4,0
532648000,4,0
533152000,4,0
533656000,4,0
534160000,4,0
534664000,4,0
535168000,4,0
535672000,4,0
536176000,4,0
536680000,4,0
537184000,4,0
537688000,4,0
538192000,4,0
538696000,4,0
539200000,4,0
539704000,4,0
540208000,4,0
540712000,4,0
541216000,4,0
541720000,4,0
542224000,4,0
542728000,4,0
543232000,4,0
543736000,4,0
544240000,4,0
544744000,4,0
545248000,4,0
545752000,4,0
546256000,4,0
546760000,4,0
547264000,4,0
547768000,4,0
548272000,4,0
548776000,4,0
549280000,4,0
549784000,4,0
550288000,4,0
550792000,4,0
551296000,4,0
551800000,4,0
552304000,4,0
552808000,4,0
553312000,4,0
553816000,4,0
554320000,4,0
554824000,4,0
555328000,4,0
555832000,4,0
556336000,4,0
556840000,4,0
557344000,4,0
557848000,4,0
558352000,4,0
558856000,4,0
559360000,4,0
559864000,4,0
560368000,4,0
560872000,4,0
561376000,4,0
561880000,4,0
562384000,4,0
562888000,4,0
563392000,4,0
563896000,4,0
564400000,4,0
564904000,4,0
565408000,4,0
565912000,4,0
566416000,4,0
566920000,4,0
567424000,4,0
567928000,4,0
568432000,4,0
568936000,4,0
569440000,4,0
569944000,4,0
570448000,4,0
570952000,4,0
571456000,4,0
571960000,4,0
572464000,4,0
572968000,4,0
573472000,4,0
573976000,4,0
574480000,4,0
574984000,4,0
575488000,4,0
575992000,4,0
576496000,4,0
577000000,4,0
577504000,4,0
578008000,4,0
578512000,4,0
579016000,4,0
579520000,4,0
580024000,4,0
580528000,4,0
581032000,4,0
581536000,4,0
582040000,4,0
582544000,4,0
583048000,4,0
583552000,4,0
584056000,4,0
584560000,4,0
585064000,4,0
585568000,4,0
586072000,4,0
586576000,4,0
587080000,4,0
587584000,4,0
588088000,4,0
588592000,4,0
589096000,4,0
589600000,4,0
590104000,4,0
590608000,4,0
591112000,4,0
591616000,4,0
592120000,4,0
592624000,4,0
593128000,4,0
593632000,4,0
594136000,4,0
594640000,4,0
595144000,4,0
595648000,4,0
596152000,4,0
596656000,4,0
597160000,4,0
597664000,4,0
598168000,4,0
598672000,4,0
599176000,4,0
599680000,4,0
600184000,4,0
600688000,4,0
601192000,4,0
601696000,4,0
602200000,4,0
602704000,4,0
603208000,4,0
603712000,4,0
604216000,4,0
604720000,4,0
605224000,4,0
605728000,4,0
606232000,4,0
606736000,4,0
607240000,4,0
607744000,4,0
608248000,4,0
608752000,4,0
609256000,4,0
609760000,4,0
610264000,4,0
610768000,4,0
611272000,4,0
611776000,4,0
612280000,4,0
612784000,4,0
613288000,4,0
613792000,4,0
614296000,4,0
614800000,4,0
615304000,4,0
615808000,4,0
616312000,4,0
616816000,4,0
617320000,4,0
617824000,4,0
618328000,4,0
618832000,4,0
619336000,4,0
619840000,4,0
620344000,4,0
620848000,4,0
621352000,4,0
621856000,4,0
622360000,4,0
622864000,4,0
623368000,4,0
623872000,4,0
624376000,4,0
624880000,4,0
625384000,4,0
625888000,4,0
626392000,4,0
626896000,4,0
627400000,4,0
627904000,4,0
628408000,4,0
628912000,4,0
629416000,4,0
629920000,4,0
630424000,4,0
630928000,4,0
631432000,4,0
631936000,4,0
632440000,4,0
632944000,4,0
633448000,4,0
633952000,4,0
634456000,4,0
634960000,4,0
635464000,4,0
635968000,4,0
636472000,4,0
636976000,4,0
637480000,4,0
637984000,4,0
638488000,4,0
638992000,4,0
639496000,4,0
640000000,4,0
640504000,4,0
641008000,4,0
641512000,4,0
642016000,4,0
642520000,4,0
643024000,4,0
643528000,4,0
644032000,4,0
644536000,4,0
645040000,4,0
645544000,4,0
646048000,4,0
646552000,4,0
647056000,4,0
647560000,4,0
648064000,4,0
648568000,4,0
649072000,4,0
649576000,4,0
650080000,4,0
650584000,4,0
651088000,4,0
651592000,4,0
652096000,4,0
652600000,4,0
653104000,4,0
653608000,4,0
654112000,4,0
654616000,4,0
655120000,4,0
655624000,4,0
656128000,4,0
656632000,4,0
657136000,4,0
657640000,4,0
658144000,4,0
658648000,4,0
659152000,4,0
659656000,4,0
660160000,4,0
660664000,4,0
661168000,4,0
661672000,4,0
662176000,4,0
662680000,4,0
663184000,4,0
663688000,4,0
664192000,4,0
664696000,4,0
665200000,4,0
665704000,4,0
666208000,4,0
666712000,4,0
667216000,4,0
667720000,4,0
668224000,4,0
668728000,4,0
669232000,4,0
669736000,4,0
670240000,4,0
670744000,4,0
671248000,4,0
671752000,4,0
672256000,4,0
672760000,4,0
673264000,4,0
673768000,4,0
674272000,4,0
674776000,4,0
675280000,4,0
675784000,4,0
676288000,4,0
676792000,4,0
677296000,4,0
677800000,4,0
678304000,4,0
678808000,4,0
679312000,4,0
679816000,4,0
680320000,4,0
680824000,4,0
681328000,4,0
681832000,4,0
682336000,4,0
682840000,4,0
683344000,4,0
683848000,4,0
684352000,4,0
684856000,4,0
685360000,4,0
685864000,4,0
686368000,4,0
686872000,4,0
687376000,4,0
687880000,4,0
688384000,4,0
688888000,4,0
689392000,4,0
689896000,4,0
690400000,4,0
690904000,4,0
691408000,4,0
691912000,4,0
692416000,4,0
692920000,4,0
693424000,4,0
693928000,4,0
694432000,4,0
694936000,4,0
695440000,4,0
695944000,4,0
696448000,4,0
696952000,4,0
697456000,4,0
697960000,4,0
698464000,4,0
698968000,4,0
699472000,4,0
699976000,4,0
700480000,4,0
700984000,4,0
701488000,4,0
701992000,4,0
702496000,4,0
703000000,4,0
703504000,4,0
704008000,4,0
704512000,4,0
705016000,4,0
705520000,4,0
706024000,4,0
706528000,4,0
707032000,4,0
707536000,4,0
708040000,4,0
708544000,4,0
709048000,4,0
709552000,4,0
710056000,4,0
710560000,4,0
711064000,4,0
711568000,4,0
712072000,4,0
712576000,4,0
713080000,4,0
713584000,4,0
714088000,4,0
714592000,4,0
715096000,4,0
715600000,4,0
716104000,4,0
716608000,4,0
717112000,4,0
717616000,4,0
718120000,4,0
718624000,4,0
719128000,4,0
719632000,4,0
720136000,4,0
720640000,4,0
721144000,4,0
721648000,4,0
722152000,4,0
722656000,4,0
723160000,4,0
723664000,4,0
724168000,4,0
724672000,4,0
725176000,4,0
725680000,4,0
726184000,4,0
726688000,4,0
727192000,4,0
727696000,4,0
728200000,4,0
728704000,4,0
729208000,4,0
729712000,4,0
730216000,4,0
730720000,4,0
731224000,4,0
731728000,4,0
732232000,4,0
732736000,4,0
733240000,4,0
733744000,4,0
734248000,4,0
734752000,4,0
735256000,4,0
735760000,4,0
736264000,4,0
736768000,4,0
737272000,4,0
737776000,4,0
738280000,4,0
738784000,4,0
739288000,4,0
739792000,4,0
740296000,4,0
740800000,4,0
741304000,4,0
741808000,4,0
742312000,4,0
742816000,4,0
743320000,4,0
743824000,4,0
744328000,4,0
744832000,4,0
745336000,4,0
745840000,4,0
746344000,4,0
746848000,4,0
747352000,4,0
747856000,4,0
748360000,4,0
748864000,4,0
749368000,4,0
749872000,4,0
750376000,4,0
750880000,4,0
751384000,4,0
751888000,4,0
752392000,4,0
752896000,4,0
753400000,4,0
753904000,4,0
754408000,4,0
754912000,4,0
755416000,4,0
755920000,4,0
756424000,4,0
756928000,4,0
757432000,4,0
757936000,4,0
758440000,4,0
758944000,4,0
759448000,4,0
759952000,4,0
760456000,4,0
760960000,4,0
761464000,4,0
761968000,4,0
762472000,4,0
762976000,4,0
763480000,4,0
763984000,4,0
764488000,4,0
764992000,4,0
765496000,4,0
766000000,4,0
766504000,4,0
767008000,4,0
767512000,4,0
768016000,4,0
768520000,4,0
769024000,4,0
769528000,4,0
770032000,4,0
770536000,4,0
771040000,4,0
771544000,4,0
772048000,4,0
772552000,4,0
773056000,4,0
773560000,4,0
774064000,4,0
774568000,4,0
775072000,4,0
775576000,4,0
776080000,4,0
776584000,4,0
777088000,4,0
777592000,4,0
778096000,4,0
778600000,4,0
779104000,4,0
779608000,4,0
780112000,4,0
780616000,4,0
781120000,4,0
781624000,4,0
782128000,4,0
782632000,4,0
783136000,4,0
783640000,4,0
784144000,4,0
784648000,4,0
785152000,4,0
785656000,4,0
786160000,4,0
786664000,4,0
787168000,4,0
787672000,4,0
788176000,4,0
788680000,4,0
789184000,4,0
789688000,4,0
790192000,4,0
790696000,4,0
791200000,4,0
791704000,4,0
792208000,4,0
792712000,4,0
793216000,4,0
793720000,4,0
794224000,4,0
794728000,4,0
795232000,4,0
795736000,4,0
796240000,4,0
796744000,4,0
797248000,4,0
797752000,4,0
798256000,4,0
798760000,4,0
799264000,4,0
799768000,4,0
800272000,4,0
800776000,4,0
801280000,4,0
801784000,4,0
802288000,4,0
802792000,4,0
803296000,4,0
803800000,4,0
804304000,4,0
804808000,4,0
805312000,4,0
805816000,4,0
806320000,4,0
806824000,4,0
807328000,4,0
807832000,4,0
808336000,4,0
808840000,4,0
809344000,4,0
809848000,4,0
810352000,4,0
810856000,4,0
811360000,4,0
811864000,4,0
812368000,4,0
812872000,4,0
813376000,4,0
813880000,4,0
814384000,4,0
814888000,4,0
815392000,4,0
815896000,4,0
816400000,4,0
816904000,4,0
817408000,4,0
817912000,4,0
818416000,4,0
818920000,4,0
819424000,4,0
819928000,4,0
820432000,4,0
820936000,4,0
821440000,4,0
821944000,4,0
822448000,4,0
822952000,4,0
823456000,4,0
823960000,4,0
824464000,4,0
824968000,4,0
825472000,4,0
825976000,4,0
826480000,4,0
826984000,4,0
827488000,4,0
827992000,4,0
828496000,4,0
829000000,4,0
829504000,4,0
830008000,4,0
830512000,4,0
831016000,4,0
831520000,4,0
832024000,4,0
832528000,4,0
833032000,4,0
833536000,4,0
834040000,4,0
834544000,4,0
835048000,4,0
835552000,4,0
836056000,4,0
836560000,4,0
837064000,4,0
837568000,4,0
838072000,4,0
838576000,4,0
839080000,4,0
839584000,4,0
840088000,4,0
840592000,4,0
841096000,4,0
841600000,4,0
842104000,4,0
842608000,4,0
843112000,4,0
843616000,4,0
844120000,4,0
844624000,4,0
845128000,4,0
845632000,4,0
846136000,4,0
846640000,4,0
847144000,4,0
847648000,4,0
848152000,4,0
848656000,4,0
849160000,4,0
849664000,4,0
850168000,4,0
850672000,4,0
851176000,4,0
851680000,4,0
852184000,4,0
852688000,4,0
853192000,4,0
853696000,4,0
854200000,4,0
854704000,4,0
855208000,4,0
855712000,4,0
856216000,4,0
856720000,4,0
857224000,4,0
857728000,4,0
858232000,4,0
858736000,4,0
859240000,4,0
859744000,4,0
860248000,4,0
860752000,4,0
861256000,4,0
861760000,4,0
862264000,4,0
862768000,4,0
863272000,4,0
863776000,4,0
864280000,4,0
864784000,4,0
865288000,4,0
865792000,4,0
866296000,4,0
866800000,4,0
867304000,4,0
867808000,4,0
868312000,4,0
868816000,4,0
869320000,4,0
869824000,4,0
870328000,4,0
870832000,4,0
871336000,4,0
871840000,4,0
872344000,4,0
872848000,4,0
873352000,4,0
873856000,4,0
874360000,4,0
874864000,4,0
875368000,4,0
875872000,4,0
876376000,4,0
876880000,4,0
877384000,4,0
877888000,4,0
878392000,4,0
878896000,4,0
879400000,4,0
879904000,4,0
880408000,4,0
880912000,4,0
881416000,4,0
881920000,4,0
882424000,4,0
882928000,4,0
883432000,4,0
883936000,4,0
884440000,4,0
884944000,4,0
885448000,4,0
885952000,4,0
886456000,4,0
886960000,4,0
887464000,4,0
887968000,4,0
888472000,4,0
888976000,4,0
889480000,4,0
889984000,4,0
890488000,4,0
890992000,4,0
891496000,4,0
892000000,4,0
892504000,4,0
893008000,4,0
893512000,4,0
894016000,4,0
894520000,4,0
895024000,4,0
895528000,4,0
896032000,4,0
896536000,4,0
897040000,4,0
897544000,4,0
898048000,4,0
898552000,4,0
899056000,4,0
899560000,4,0
900064000,4,0
900568000,4,0
901072000,4,0
901576000,4,0
902080000,4,0
902584000,4,0
903088000,4,0
903592000,4,0
904096000,4,0
904600000,4,0
905104000,4,0
905608000,4,0
906112000,4,0
906616000,4,0
907120000,4,0
907624000,4,0
908128000,4,0
908632000,4,0
909136000,4,0
909640000,4,0
910144000,4,0
910648000,4,0
911152000,4,0
911656000,4,0
912160000,4,0
912664000,4,0
913168000,4,0
913672000,4,0
914176000,4,0
914680000,4,0
915184000,4,0
915688000,4,0
916192000,4,0
916696000,4,0
917200000,4,0
917704000,4,0
918208000,4,0
918712000,4,0
919216000,4,0
919720000,4,0
920224000,4,0
920728000,4,0
921232000,4,0
921736000,4,0
922240000,4,0
922744000,4,0
923248000,4,0
923752000,4,0
924256000,4,0
924760000,4,0
925264000,4,0
925768000,4,0
926272000,4,0
926776000,4,0
927280000,4,0
927784000,4,0
928288000,4,0
928792000,4,0
929296000,4,0
929800000,4,0
930304000,4,0
930808000,4,0
931312000,4,0
931816000,4,0
932320000,4,0
932824000,4,0
933328000,4,0
933832000,4,0
934336000,4,0
934840000,4,0
935344000,4,0
935848000,4,0
936352000,4,0
936856000,4,0
937360000,4,0
937864000,4,0
938368000,4,0
938872000,4,0
939376000,4,0
939880000,4,0
940384000,4,0
940888000,4,0
941392000,4,0
941896000,4,0
942400000,4,0
942904000,4,0
943408000,4,0
943912000,4,0
944416000,4,0
944920000,4,0
945424000,4,0
945928000,4,0
946432000,4,0
946936000,4,0
947440000,4,0
947944000,4,0
948448000,4,0
948952000,4,0
949456000,4,0
949960000,4,0
950464000,4,0
950968000,4,0
951472000,4,0
951976000,4,0
952480000,4,0
952984000,4,0
953488000,4,0
953992000,4,0
954496000,4,0
955000000,4,0
955504000,4,0
956008000,4,0
956512000,4,0
957016000,4,0
957520000,4,0
958024000,4,0
958528000,4,0
959032000,4,0
959536000,4,0
960040000,4,0
960544000,4,0
961048000,4,0
961552000,4,0
962056000,4,0
962560000,4,0
963064000,4,0
963568000,4,0
964072000,4,0
964576000,4,0
965080000,4,0
965584000,4,0
966088000,4,0
966592000,4,0
967096000,4,0
967600000,4,0
968104000,4,0
968608000,4,0
969112000,4,0
969616000,4,0
970120000,4,0
970624000,4,0
971128000,4,0
971632000,4,0
972136000,4,0
972640000,4,0
973144000,4,0
973648000,4,0
974152000,4,0
974656000,4,0
975160000,4,0
975664000,4,0
976168000,4,0
976672000,4,0
977176000,4,0
977680000,4,0
978184000,4,0
978688000,4,0
979192000,4,0
979696000,4,0
980200000,4,0
980704000,4,0
981208000,4,0
981712000,4,0
982216000,4,0
982720000,4,0
983224000,4,0
983728000,4,0
984232000,4,0
984736000,4,0
985240000,4,0
985744000,4,0
986248000,4,0
986752000,4,0
987256000,4,0
987760000,4,0
988264000,4,0
988768000,4,0
989272000,4,0
989776000,4,0
990280000,4,0
990784000,4,0
991288000,4,0
991792000,4,0
992296000,4,0
992800000,4,0
993304000,4,0
993808000,4,0
994816000,4,0
995320000,4,0
995824000,4,0
996328000,4,0
996832000,4,0
997336000,4,0
997840000,4,0
998344000,4,0
998848000,4,0
999352000,4,0
999856000,4,0
1000360000,4,0
1000864000,4,0
1001368000,4,0
1001872000,4,0
1002376000,4,0
1002880000,4,0
1003384000,4,0
1003888000,4,0
1004392000,4,0
1004896000,4,0
1005400000,4,0
1005904000,4,0
1006408000,4,0
1006912000,4,0
1007416000,4,0
1007920000,4,0
1008424000,4,0
1008928000,4,0
1009432000,4,0
1009936000,4,0
1010440000,4,0
1010944000,4,0
1011448000,4,0
1011952000,4,0
1012456000,4,0
1012960000,4,0
1013464000,4,0
1013968000,4,0
1014472000,4,0
1014976000,4,0
1015480000,4,0
1015984000,4,0
1016488000,4,0
1016992000,4,0
1017496000,4,0
1018000000,4,0
1018504000,4,0
1019008000,4,0
1019512000,4,0
1020016000,4,0
1020520000,4,0
1021024000,4,0
1021528000,4,0
1022032000,4,0
1022536000,4,0
1023040000,4,0
1023544000,4,0
1024048000,4,0
1024552000,4,0
1025056000,4,0
1025560000,4,0
1026064000,4,0
1026568000,4,0
1027072000,4,0
1027576000,4,0
1028080000,4,0
1028584000,4,0
1029088000,4,0
1029592000,4,0
1030096000,4,0
1030600000,4,0
1031104000,4,0
1031608000,4,0
1032112000,4,0
1032616000,4,0
1033120000,4,0
1033624000,4,0
1034128000,4,0
1034632000,4,0
1035136000,4,0
1035640000,4,0
1036144000,4,0
1036648000,4,0
1037152000,4,0
1037656000,4,0
1038160000,4,0
1038664000,4,0
1039168000,4,0
1039672000,4,0
1040176000,4,0
1040680000,4,0
1041184000,4,0
1041688000,4,0
1042192000,4,0
1042696000,4,0
1043200000,4,0
1043704000,4,0
1044208000,4,0
1044712000,4,0
1045216000,4,0
1045720000,4,0
1046224000,4,0
1046728000,4,0
1047232000,4,0
1047736000,4,0
1048240000,4,0
1048744000,4,0
1049248000,4,0
1049752000,4,0
1050256000,4,0
1050760000,4,0
1051264000,4,0
1051768000,4,0
1052272000,4,0
1052776000,4,0
1053280000,4,0
1053784000,4,0
1054288000,4,0
1054792000,4,0
1055296000,4,0
1055800000,4,0
1056304000,4,0
1056808000,4,0
1057312000,4,0
1057816000,4,0
1058320000,4,0
1058824000,4,0
1059328000,4,0
1059832000,4,0
1060336000,4,0
1060840000,4,0
1061344000,4,0
1061848000,4,0
1062352000,4,0
1062856000,4,0
1063360000,4,0
1063864000,4,0
1064368000,4,0
1064872000,4,0
1065376000,4,0
1065880000,4,0
1066384000,4,0
1066888000,4,0
1067392000,4,0
1067896000,4,0
1068400000,4,0
1068904000,4,0
1069408000,4,0
1069912000,4,0
1070416000,4,0
1070920000,4,0
1071424000,4,0
1071928000,4,0
1072432000,4,0
1072936000,4,0
1073440000,4,0
1073944000,4,0
1074448000,4,0
1074952000,4,0
1075456000,4,0
1075960000,4,0
1076464000,4,0
1076968000,4,0
1077472000,4,0
1077976000,4,0
1078480000,4,0
1078984000,4,0
1079488000,4,0
1079992000,4,0
1080496000,4,0
1081000000,4,0
1081504000,4,0
1082008000,4,0
1082512000,4,0
1083016000,4,0
1083520000,4,0
1084024000,4,0
1084528000,4,0
1085032000,4,0
1085536000,4,0
1086040000,4,0
1086544000,4,0
1087048000,4,0
1087552000,4,0
1088056000,4,0
1088560000,4,0
1089064000,4,0
1089568000,4,0
1090072000,4,0
1090576000,4,0
1091080000,4,0
1091584000,4,0
1092088000,4,0
1092592000,4,0
1093096000,4,0
1093600000,4,0
1094104000,4,0
1094608000,4,0
1095112000,4,0
1095616000,4,0
1096120000,4,0
1096624000,4,0
1097128000,4,0
1097632000,4,0
1098136000,4,0
1098640000,4,0
1099144000,4,0
1099648000,4,0
1100152000,4,0
1100656000,4,0
1101160000,4,0
1101664000,4,0
1102168000,4,0
1102672000,4,0
1103176000,4,0
1103680000,4,0
1104184000,4,0
1104688000,4,0
1105192000,4,0
1105696000,4,0
1106200000,4,0
1106704000,4,0
1107208000,4,0
1107712000,4,0
1108216000,4,0
1108720000,4,0
1109224000,4,0
1109728000,4,0
1110232000,4,0
1110736000,4,0
1111240000,4,0
1111744000,4,0
1112248000,4,0
1112752000,4,0
1113256000,4,0
1113760000,4,0
1114264000,4,0
1114768000,4,0
1115272000,4,0
1115776000,4,0
1116280000,4,0
1116784000,4,0
1117288000,4,0
1117792000,4,0
1118296000,4,0
1118800000,4,0
1119304000,4,0
1119808000,4,0
1120312000,4,0
1120816000,4,0
1121320000,4,0
1121824000,4,0
1122328000,4,0
1122832000,4,0
1123336000,4,0
1123840000,4,0
1124344000,4,0
1124848000,4,0
1125352000,4,0
1125856000,4,0
1126360000,4,0
1126864000,4,0
1127368000,4,0
1127872000,4,0
1128376000,4,0
1128880000,4,0
1129384000,4,0
1129888000,4,0
1130392000,4,0
1130896000,4,0
1131400000,4,0
1131904000,4,0
1132408000,4,0
1132912000,4,0
1133416000,4,0
1133920000,4,0
1134424000,4,0
1134928000,4,0
1135432000,4,0
1135936000,4,0
1136440000,4,0
1136944000,4,0
1137448000,4,0
1137952000,4,0
1138456000,4,0
1138960000,4,0
1139464000,4,0
1139968000,4,0
1140472000,4,0
1140976000,4,0
1141480000,4,0
1141984000,4,0
1142488000,4,0
1142992000,4,0
1143496000,4,0
1144000000,4,0
1144504000,4,0
1145008000,4,0
1145512000,4,0
1146016000,4,0
1146520000,4,0
1147024000,4,0
1147528000,4,0
1148032000,4,0
1148536000,4,0
1149040000,4,0
1149544000,4,0
1150048000,4,0
1150552000,4,0
1151056000,4,0
1151560000,4,0
1152064000,4,0
1152568000,4,0
1153072000,4,0
1153576000,4,0
1154080000,4,0
1154584000,4,0
1155088000,4,0
1155592000,4,0
1156096000,4,0
1156600000,4,0
1157104000,4,0
1157608000,4,0
1158112000,4,0
1158616000,4,0
1159120000,4,0
1159624000,4,0
1160128000,4,0
1160632000,4,0
1161136000,4,0
1161640000,4,0
1162144000,4,0
1162648000,4,0
1163152000,4,0
1163656000,4,0
1164160000,4,0
1164664000,4,0
1165168000,4,0
1165672000,4,0
1166176000,4,0
1166680000,4,0
1167184000,4,0
1167688000,4,0
1168192000,4,0
1168696000,4,0
1169200000,4,0
1169704000,4,0
1170208000,4,0
1170712000,4,0
1171216000,4,0
1171720000,4,0
1172224000,4,0
1172728000,4,0
1173232000,4,0
1173736000,4,0
1174240000,4,0
1174744000,4,0
1175248000,4,0
1175752000,4,0
1176256000,4,0
1176760000,4,0
1177264000,4,0
1177768000,4,0
1178272000,4,0
1178776000,4,0
1179280000,4,0
1179784000,4,0
1180292000,4,0
1180796000,4,0
1181300000,4,0
1181804000,4,0
1182308000,4,0
1182812000,4,0
1183316000,4,0
1183820000,4,0
1184324000,4,0
1184828000,4,0
1185332000,4,0
1185836000,4,0
1186340000,4,0
1186844000,4,0
1187348000,4,0
1187852000,4,0
1188356000,4,0
1188860000,4,0
1189364000,4,0
1189868000,4,0
1190372000,4,0
1190876000,4,0
1191380000,4,0
1191884000,4,0
1192388000,4,0
1192892000,4,0
1193396000,4,0
1193900000,4,0
1194404000,4,0
1194908000,4,0
1195412000,4,0
1195916000,4,0
1196420000,4,0
1196924000,4,0
1197428000,4,0
1197932000,4,0
1198436000,4,0
1198940000,4,0
1199444000,4,0
1199948000,4,0
1200452000,4,0
1200956000,4,0
1201460000,4,0
1201964000,4,0
1202468000,4,0
1202972000,4,0
1203476000,4,0
1203980000,4,0
1204484000,4,0
1204988000,4,0
1205492000,4,0
1205996000,4,0
1206500000,4,0
1207004000,4,0
1207508000,4,0
1208012000,4,0
1208516000,4,0
1209020000,4,0
1209524000,4,0
1210028000,4,0
1210532000,4,0
1211036000,4,0
1211540000,4,0
1212044000,4,0
1212548000,4,0
1213052000,4,0
1213556000,4,0
1214060000,4,0
1214564000,4,0
1215068000,4,0
1215572000,4,0
1216076000,4,0
1216580000,4,0
1217084000,4,0
1217588000,4,0
1218092000,4,0
1218596000,4,0
1219100000,4,0
1219604000,4,0
1220108000,4,0
1220612000,4,0
1221116000,4,0
1221620000,4,0
1222124000,4,0
1222628000,4,0
1223132000,4,0
1223636000,4,0
1224140000,4,0
1224644000,4,0
1225148000,4,0
1225652000,4,0
1226156000,4,0
1226660000,4,0
1227164000,4,0
1227668000,4,0
1228172000,4,0
1228676000,4,0
1229180000,4,0
1229684000,4,0
1230188000,4,0
1230692000,4,0
1231196000,4,0
1231700000,4,0
1232204000,4,0
1232708000,4,0
1233212000,4,0
1233716000,4,0
1234220000,4,0
1234724000,4,0
1235228000,4,0
1235732000,4,0
1236236000,4,0
1236740000,4,0
1237244000,4,0
1237748000,4,0
1238252000,4,0
1238756000,4,0
1239260000,4,0
1239764000,4,0
1240268000,4,0
1240772000,4,0
1241276000,4,0
1241780000,4,0
1242284000,4,0
1242788000,4,0
1243292000,4,0
1243796000,4,0
1244300000,4,0
1244804000,4,0
1245308000,4,0
1245812000,4,0
1246316000,4,0
1246820000,4,0
1247324000,4,0
1247828000,4,0
1248332000,4,0
1248836000,4,0
1249340000,4,0
1249844000,4,0
1250348000,4,0
1250852000,4,0
1251356000,4,0
1251860000,4,0
1252364000,4,0
1252868000,4,0
1253372000,4,0
1253876000,4,0
1254380000,4,0
1254884000,4,0
1255388000,4,0
1255892000,4,0
1256396000,4,0
1256900000,4,0
1257404000,4,0
1257908000,4,0
1258412000,4,0
1258916000,4,0
1259420000,4,0
1259924000,4,0
1260428000,4,0
1260932000,4,0
1261436000,4,0
1261940000,4,0
1262444000,4,0
1262948000,4,0
1263452000,4,0
1263956000,4,0
1264460000,4,0
1264964000,4,0
1265468000,4,0
1265972000,4,0
1266476000,4,0
1266980000,4,0
1267484000,4,0
1267988000,4,0
1268492000,4,0
1268996000,4,0
1269500000,4,0
1270004000,4,0
1270508000,4,0
1271012000,4,0
1271516000,4,0
1272020000,4,0
1272524000,4,0
1273028000,4,0
1273532000,4,0
1274036000,4,0
1274540000,4,0
1275044000,4,0
1275548000,4,0
1276052000,4,0
1276556000,4,0
1277060000,4,0
1277564000,4,0
1278068000,4,0
1278572000,4,0
1279076000,4,0
1279580000,4,0
1280084000,4,0
1280588000,4,0
1281092000,4,0
1281596000,4,0
1282100000,4,0
1282604000,4,0
1283108000,4,0
1283612000,4,0
1284116000,4,0
1284620000,4,0
1285124000,4,0
1285628000,4,0
1286132000,4,0
1286636000,4,0
1287140000,4,0
1287644000,4,0
1288148000,4,0
1288652000,4,0
1289156000,4,0
1289660000,4,0
1290164000,4,0
1290668000,4,0
1291172000,4,0
1291676000,4,0
1292180000,4,0
1292684000,4,0
1293188000,4,0
1293692000,4,0
1294196000,4,0
1294700000,4,0
1295204000,4,0
1295708000,4,0
1296212000,4,0
1296716000,4,0
1297220000,4,0
1297724000,4,0
1298228000,4,0
1298732000,4,0
1299236000,4,0
1299740000,4,0
1300244000,4,0
1300748000,4,0
1301252000,4,0
1301756000,4,0
1302260000,4,0
1302764000,4,0
1303268000,4,0
1303772000,4,0
1304276000,4,0
1304780000,4,0
1305284000,4,0
1305788000,4,0
1306292000,4,0
1306796000,4,0
1307300000,4,0
1307804000,4,0
1308308000,4,0
1308812000,4,0
1309316000,4,0
1309820000,4,0
1310324000,4,0
1310828000,4,0
1311332000,4,0
1311836000,4,0
1312340000,4,0
1312844000,4,0
1313348000,4,0
1313852000,4,0
1314356000,4,0
1314860000,4,0
1315364000,4,0
1315868000,4,0
1316372000,4,0
1316876000,4,0
1317380000,4,0
1317884000,4,0
1318388000,4,0
1318892000,4,0
1319396000,4,0
1319900000,4,0
1320404000,4,0
1320908000,4,0
1321412000,4,0
1321916000,4,0
1322420000,4,0
1322924000,4,0
1323428000,4,0
1323932000,4,0
1324436000,4,0
1324940000,4,0
1325444000,4,0
1325948000,4,0
1326452000,4,0
1326956000,4,0
1327460000,4,0
1327964000,4,0
1328468000,4,0
1328972000,4,0
1329476000,4,0
1329980000,4,0
1330484000,4,0
1330988000,4,0
1331492000,4,0
1331996000,4,0
1332500000,4,0
1333004000,4,0
1333508000,4,0
1334012000,4,0
1334516000,4,0
1335020000,4,0
1335524000,4,0
1336028000,4,0
1336532000,4,0
1337036000,4,0
1337540000,4,0
1338044000,4,0
1338548000,4,0
1339052000,4,0
1339556000,4,0
1340060000,4,0
1340564000,4,0
1341068000,4,0
1341572000,4,0
1342076000,4,0
1342580000,4,0
1343084000,4,0
1343588000,4,0
1344092000,4,0
1344596000,4,0
1345100000,4,0
1345604000,4,0
1346108000,4,0
1346612000,4,0
1347116000,4,0
1347620000,4,0
1348124000,4,0
1348628000,4,0
1349132000,4,0
1349636000,4,0
1350140000,4,0
1350644000,4,0
1351148000,4,0
1351652000,4,0
1352156000,4,0
1352660000,4,0
1353164000,4,0
1353668000,4,0
1354172000,4,0
1354676000,4,0
1355180000,4,0
1355684000,4,0
1356188000,4,0
1356692000,4,0
1357196000,4,0
1357700000,4,0
1358204000,4,0
1358708000,4,0
1359212000,4,0
1359716000,4,0
1360220000,4,0
1360724000,4,0
1361228000,4,0
1361732000,4,0
1362236000,4,0
1362740000,4,0
1363244000,4,0
1363748000,4,0
1364252000,4,0
1364756000,4,0
1365260000,4,0
1365764000,4,0
1366268000,4,0
1366772000,4,0
1367276000,4,0
1367780000,4,0
1368284000,4,0
1368788000,4,0
1369292000,4,0
1369796000,4,0
1370300000,4,0
1370804000,4,0
1371308000,4,0
1371812000,4,0
1372316000,4,0
1372820000,4,0
1373324000,4,0
1373828000,4,0
1374332000,4,0
1374836000,4,0
1375340000,4,0
1375844000,4,0
1376348000,4,0
1376852000,4,0
1377356000,4,0
1377860000,4,0
1378364000,4,0
1378868000,4,0
1379372000,4,0
1379876000,4,0
1380380000,4,0
1380884000,4,0
1381388000,4,0
1381892000,4,0
1382396000,4,0
1382900000,4,0
1383404000,4,0
1383908000,4,0
1384412000,4,0
1384916000,4,0
1385420000,4,0
1385924000,4,0
1386428000,4,0
1386932000,4,0
1387436000,4,0
1387940000,4,0
1388444000,4,0
1388948000,4,0
1389452000,4,0
1389956000,4,0
1390460000,4,0
1390964000,4,0
1391468000,4,0
1391972000,4,0
1392476000,4,0
1392980000,4,0
1393484000,4,0
1393988000,4,0
1394492000,4,0
1394996000,4,0
1395500000,4,0
1396004000,4,0
1396508000,4,0
1397012000,4,0
1397516000,4,0
1398020000,4,0
1398524000,4,0
1399028000,4,0
1399532000,4,0
1400036000,4,0
1400540000,4,0
1401044000,4,0
1401548000,4,0
1402052000,4,0
1402556000,4,0
1403060000,4,0
1403564000,4,0
1404068000,4,0
1404572000,4,0
1405076000,4,0
1405580000,4,0
1406084000,4,0
1406588000,4,0
1407092000,4,0
1407596000,4,0
1408100000,4,0
1408604000,4,0
1409108000,4,0
1409612000,4,0
1410116000,4,0
1410620000,4,0
1411124000,4,0
1411628000,4,0
1412132000,4,0
1412636000,4,0
1413140000,4,0
1413644000,4,0
1414148000,4,0
1414652000,4,0
1415156000,4,0
1415660000,4,0
1416164000,4,0
1416668000,4,0
1417172000,4,0
1417676000,4,0
1418180000,4,0
1418684000,4,0
1419188000,4,0
1419692000,4,0
1420196000,4,0
1420700000,4,0
1421204000,4,0
1421708000,4,0
1422212000,4,0
1422716000,4,0
1423220000,4,0
1423724000,4,0
1424228000,4,0
1424732000,4,0
1425236000,4,0
1425740000,4,0
1426244000,4,0
1426748000,4,0
1427252000,4,0
1427756000,4,0
1428260000,4,0
1428764000,4,0
1429268000,4,0
1429772000,4,0
1430276000,4,0
1430780000,4,0
1431284000,4,0
1431788000,4,0
1432292000,4,0
1432796000,4,0
1433300000,4,0
1433804000,4,0
1434308000,4,0
1434812000,4,0
1435316000,4,0
1435820000,4,0
1436324000,4,0
1436828000,4,0
1437332000,4,0
1437836000,4,0
1438340000,4,0
1438844000,4,0
1439348000,4,0
1439852000,4,0
1440356000,4,0
1440860000,4,0
1441364000,4,0
1441868000,4,0
1442372000,4,0
1442876000,4,0
1443380000,4,0
1443884000,4,0
1444388000,4,0
1444892000,4,0
1445396000,4,0
1445900000,4,0
1446404000,4,0
1446908000,4,0
1447412000,4,0
1447916000,4,0
1448420000,4,0
1448924000,4,0
1449428000,4,0
1449932000,4,0
1450436000,4,0
1450940000,4,0
1451444000,4,0
1451948000,4,0
1452452000,4,0
1452956000,4,0
1453460000,4,0
1453964000,4,0
1454468000,4,0
1454972000,4,0
1455476000,4,0
1455980000,4,0
1456484000,4,0
1456988000,4,0
1457492000,4,0
1457996000,4,0
1458500000,4,0
1459004000,4,0
1459508000,4,0
1460012000,4,0
1460516000,4,0
1461020000,4,0
1461524000,4,0
1462028000,4,0
1462532000,4,0
1463036000,4,0
1463540000,4,0
1464044000,4,0
1464548000,4,0
1465052000,4,0
1465556000,4,0
1466060000,4,0
1466564000,4,0
1467068000,4,0
1467572000,4,0
1468076000,4,0
1468580000,4,0
1469084000,4,0
1469588000,4,0
1470092000,4,0
1470596000,4,0
1471100000,4,0
1471604000,4,0
1472108000,4,0
1472612000,4,0
1473116000,4,0
1473620000,4,0
1474124000,4,0
1474628000,4,0
1475132000,4,0
1475636000,4,0
1476140000,4,0
1476644000,4,0
1477148000,4,0
1477652000,4,0
1478156000,4,0
1478660000,4,0
1479164000,4,0
1479668000,4,0
1480172000,4,0
1480676000,4,0
1481180000,4,0
1481684000,4,0
1482188000,4,0
1482692000,4,0
1483196000,4,0
1483700000,4,0
1484204000,4,0
1484708000,4,0
1485212000,4,0
1485716000,4,0
1486220000,4,0
1486724000,4,0
1487228000,4,0
1487732000,4,0
1488236000,4,0
1488740000,4,0
1489244000,4,0
1489748000,4,0
1490252000,4,0
1490756000,4,0
1491260000,4,0
1491764000,4,0
1492268000,4,0
1492772000,4,0
1493276000,4,0
1493780000,4,0
1494284000,4,0
1494788000,4,0
1495292000,4,0
1495796000,4,0
1496300000,4,0
1496804000,4,0
1497308000,4,0
1497812000,4,0
1498316000,4,0
1498820000,4,0
1499324000,4,0
1499828000,4,0
1500332000,4,0
1500836000,4,0
1501340000,4,0
1501844000,4,0
1502348000,4,0
1502852000,4,0
1503356000,4,0
1503860000,4,0
1504364000,4,0
1504868000,4,0
1505372000,4,0
1505876000,4,0
1506380000,4,0
1506884000,4,0
1507388000,4,0
1507892000,4,0
1508396000,4,0
1508900000,4,0
1509404000,4,0
1509908000,4,0
1510412000,4,0
1510916000,4,0
1511420000,4,0
1511924000,4,0
1512428000,4,0
1512932000,4,0
1513436000,4,0
1513940000,4,0
1514444000,4,0
1514948000,4,0
1515452000,4,0
1515956000,4,0
1516460000,4,0
1516964000,4,0
1517468000,4,0
1517972000,4,0
1518476000,4,0
1518980000,4,0
1519484000,4,0
1519988000,4,0
1520492000,4,0
1520996000,4,0
1521500000,4,0
1522004000,4,0
1522508000,4,0
1523012000,4,0
1523516000,4,0
1524020000,4,0
1524524000,4,0
1525028000,4,0
1525532000,4,0
1526036000,4,0
1526540000,4,0
1527044000,4,0
1527548000,4,0
1528052000,4,0
1528556000,4,0
1529060000,4,0
1529564000,4,0
1530068000,4,0
1530572000,4,0
1531076000,4,0
1531580000,4,0
1532084000,4,0
1532588000,4,0
1533092000,4,0
1533596000,4,0
1534100000,4,0
1534604000,4,0
1535108000,4,0
1535612000,4,0
1536116000,4,0
1536620000,4,0
1537124000,4,0
1537628000,4,0
1538132000,4,0
1538636000,4,0
1539140000,4,0
1539644000,4,0
1540148000,4,0
1540652000,4,0
1541156000,4,0
1541660000,4,0
1542164000,4,0
1542668000,4,0
1543172000,4,0
1543676000,4,0
1544180000,4,0
1544684000,4,0
1545188000,4,0
1545692000,4,0
1546196000,4,0
1546700000,4,0
1547204000,4,0
1547708000,4,0
1548212000,4,0
1548716000,4,0
1549220000,4,0
1549724000,4,0
1550228000,4,0
1550732000,4,0
1551236000,4,0
1551740000,4,0
1552244000,4,0
1552748000,4,0
1553252000,4,0
1553756000,4,0
1554260000,4,0
1554764000,4,0
1555268000,4,0
1555772000,4,0
1556276000,4,0
1556780000,4,0
1557284000,4,0
1557788000,4,0
1558292000,4,0
1558796000,4,0
1559300000,4,0
1559804000,4,0
1560308000,4,0
1560812000,4,0
1561316000,4,0
1561820000,4,0
1562324000,4,0
1562828000,4,0
1563332000,4,0
1563836000,4,0
1564340000,4,0
1564844000,4,0
1565348000,4,0
1565852000,4,0
1566356000,4,0
1566860000,4,0
1567364000,4,0
1567868000,4,0
1568372000,4,0
1568876000,4,0
1569380000,4,0
1569884000,4,0
1570388000,4,0
1570892000,4,0
1571396000,4,0
1571900000,4,0
1572404000,4,0
1572908000,4,0
1573412000,4,0
1573916000,4,0
1574420000,4,0
1574924000,4,0
1575428000,4,0
1575932000,4,0
1576436000,4,0
1576940000,4,0
1577444000,4,0
1577948000,4,0
1578452000,4,0
1578956000,4,0
1579460000,4,0
1579964000,4,0
1580468000,4,0
1580972000,4,0
1581476000,4,0
1581980000,4,0
1582484000,4,0
1582988000,4,0
1583492000,4,0
1583996000,4,0
1584500000,4,0
1585004000,4,0
1585508000,4,0
1586012000,4,0
1586516000,4,0
1587020000,4,0
1587524000,4,0
1588028000,4,0
1588532000,4,0
1589036000,4,0
1589540000,4,0
1590044000,4,0
1590548000,4,0
1591052000,4,0
1591556000,4,0
1592060000,4,0
1592564000,4,0
1593068000,4,0
1593572000,4,0
1594076000,4,0
1594580000,4,0
1595084000,4,0
1595588000,4,0
1596092000,4,0
1596596000,4,0
1597100000,4,0
1597604000,4,0
1598108000,4,0
1598612000,4,0
1599116000,4,0
1599620000,4,0
1600124000,4,0
1600632000,4,0
1601136000,4,0
1601640000,4,0
1602144000,4,0
1602648000,4,0
1603152000,4,0
1603656000,4,0
1604160000,4,0
1604664000,4,0
1605168000,4,0
1605672000,4,0
1606176000,4,0
1606680000,4,0
1607184000,4,0
1607688000,4,0
1608192000,4,0
1608696000,4,0
1609200000,4,0
1609704000,4,0
1610208000,4,0
1610712000,4,0
1611216000,4,0
1611720000,4,0
1612224000,4,0
1612728000,4,0
1613232000,4,0
1613736000,4,0
1614240000,4,0
1614744000,4,0
1615248000,4,0
1615752000,4,0
1616256000,4,0
1616760000,4,0
1617264000,4,0
1617768000,4,0
1618272000,4,0
1618776000,4,0
1619280000,4,0
1619784000,4,0
1620288000,4,0
1620792000,4,0
1621796000,4,0
1622300000,4,0
1622804000,4,0
1623308000,4,0
1623812000,4,0
1624316000,4,0
1624820000,4,0
1625324000,4,0
1625828000,4,0
1626332000,4,0
1626836000,4,0
1627340000,4,0
1627844000,4,0
1628348000,4,0
1628852000,4,0
1629356000,4,0
1629860000,4,0
1630364000,4,0
1630868000,4,0
1631372000,4,0
1631876000,4,0
1632380000,4,0
1632884000,4,0
1633388000,4,0
1633892000,4,0
1634396000,4,0
1634900000,4,0
1635404000,4,0
1635908000,4,0
1636412000,4,0
1636916000,4,0
1637420000,4,0
1637924000,4,0
1638428000,4,0
1638932000,4,0
1639436000,4,0
1639940000,4,0
1640444000,4,0
1640948000,4,0
1641452000,4,0
1641956000,4,0
1642460000,4,0
1642964000,4,0
1643468000,4,0
1643972000,4,0
1644476000,4,0
1644980000,4,0
1645484000,4,0
1645988000,4,0
1646492000,4,0
1646996000,4,0
1647500000,4,0
1648004000,4,0
1648508000,4,0
1649012000,4,0
1649516000,4,0
1650020000,4,0
1650524000,4,0
1651028000,4,0
1651532000,4,0
1652036000,4,0
1652540000,4,0
1653044000,4,0
1653548000,4,0
1654052000,4,0
1654556000,4,0
1655060000,4,0
1655564000,4,0
1656068000,4,0
1656572000,4,0
1657076000,4,0
1657580000,4,0
1658084000,4,0
1658588000,4,0
1659092000,4,0
1659596000,4,0
1660100000,4,0
1660604000,4,0
1661108000,4,0
1661612000,4,0
1662116000,4,0
1662620000,4,0
1663124000,4,0
1663628000,4,0
1664132000,4,0
1664636000,4,0
1665140000,4,0
1665644000,4,0
1666148000,4,0
1666652000,4,0
1667156000,4,0
1667660000,4,0
1668164000,4,0
1668668000,4,0
1669172000,4,0
1669676000,4,0
1670180000,4,0
1670684000,4,0
1671188000,4,0
1671692000,4,0
1672196000,4,0
1672700000,4,0
1673204000,4,0
1673708000,4,0
1674212000,4,0
1674716000,4,0
1675220000,4,0
1675724000,4,0
1676228000,4,0
1676732000,4,0
1677236000,4,0
1677740000,4,0
1678244000,4,0
1678748000,4,0
1679252000,4,0
1679756000,4,0
1680260000,4,0
1680764000,4,0
1681268000,4,0
1681772000,4,0
1682276000,4,0
1682780000,4,0
1683284000,4,0
1683788000,4,0
1684292000,4,0
1684796000,4,0
1685300000,4,0
1685804000,4,0
1686308000,4,0
1686812000,4,0
1687316000,4,0
1687820000,4,0
1688324000,4,0
1688828000,4,0
1689332000,4,0
1689836000,4,0
1690340000,4,0
1690844000,4,0
1691348000,4,0
1691852000,4,0
1692356000,4,0
1692860000,4,0
1693364000,4,0
1693868000,4,0
1694372000,4,0
1694876000,4,0
1695380000,4,0
1695884000,4,0
1696388000,4,0
1696892000,4,0
1697396000,4,0
1697900000,4,0
1698404000,4,0
1698908000,4,0
1699412000,4,0
1699916000,4,0
1700420000,4,0
1700924000,4,0
1701428000,4,0
1701932000,4,0
1702436000,4,0
1702940000,4,0
1703444000,4,0
1703948000,4,0
1704452000,4,0
1704956000,4,0
1705460000,4,0
1705964000,4,0
1706468000,4,0
1706972000,4,0
1707476000,4,0
1707980000,4,0
1708484000,4,0
1708988000,4,0
1709492000,4,0
1709996000,4,0
1710500000,4,0
1711004000,4,0
1711508000,4,0
1712012000,4,0
1712516000,4,0
1713020000,4,0
1713524000,4,0
1714028000,4,0
1714532000,4,0
1715036000,4,0
1715540000,4,0
1716044000,4,0
1716548000,4,0
1717052000,4,0
1717556000,4,0
1718060000,4,0
1718564000,4,0
1719068000,4,0
1719572000,4,0
1720076000,4,0
1720580000,4,0
1721084000,4,0
1721588000,4,0
1722092000,4,0
1722600000,4,0
1723104000,4,0
1723608000,4,0
1724112000,4,0
1724616000,4,0
1725120000,4,0
1725624000,4,0
1726128000,4,0
1726632000,4,0
1727136000,4,0
1727640000,4,0
1728144000,4,0
1728648000,4,0
1729152000,4,0
1729656000,4,0
1730160000,4,0
1730664000,4,0
1731168000,4,0
1731672000,4,0
1732176000,4,0
1732680000,4,0
1733184000,4,0
1733688000,4,0
1734192000,4,0
1734696000,4,0
1735200000,4,0
1735704000,4,0
1736208000,4,0
1736712000,4,0
1737216000,4,0
1737720000,4,0
1738224000,4,0
1738728000,4,0
1739232000,4,0
1739736000,4,0
1740240000,4,0
1740744000,4,0
1741248000,4,0
1741752000,4,0
1742256000,4,0
1742760000,4,0
1743264000,4,0
1743768000,4,0
1744272000,4,0
1744776000,4,0
1745280000,4,0
1745784000,4,0
1746288000,4,0
1746792000,4,0
1747296000,4,0
1747800000,4,0
1748304000,4,0
1748808000,4,0
1749312000,4,0
1749816000,4,0
1750320000,4,0
1750824000,4,0
1751328000,4,0
1751832000,4,0
1752336000,4,0
1752840000,4,0
1753344000,4,0
1753848000,4,0
1754352000,4,0
1754856000,4,0
1755360000,4,0
1755864000,4,0
1756368000,4,0
1756872000,4,0
1757376000,4,0
1757880000,4,0
1758384000,4,0
1758888000,4,0
1759392000,4,0
1759896000,4,0
1760400000,4,0
1760904000,4,0
1761408000,4,0
1761912000,4,0
1762416000,4,0
1762920000,4,0
1763424000,4,0
1763928000,4,0
1764432000,4,0
1764936000,4,0
1765440000,4,0
1765944000,4,0
1766448000,4,0
1766952000,4,0
1767456000,4,0
1767960000,4,0
1768464000,4,0
1768968000,4,0
1769472000,4,0
1769976000,4,0
1770480000,4,0
1770984000,4,0
1771488000,4,0
1771992000,4,0
1772496000,4,0
1773000000,4,0
1773504000,4,0
1774008000,4,0
1774512000,4,0
1775016000,4,0
1775520000,4,0
1776024000,4,0
1776528000,4,0
1777032000,4,0
1777536000,4,0
1778040000,4,0
1778544000,4,0
1779048000,4,0
1779552000,4,0
1780056000,4,0
1780560000,4,0
1781064000,4,0
1781568000,4,0
1782072000,4,0
1782576000,4,0
1783080000,4,0
1783584000,4,0
1784088000,4,0
1784592000,4,0
1785096000,4,0
1785600000,4,0
1786104000,4,0
1786608000,4,0
1787112000,4,0
1787616000,4,0
1788120000,4,0
1788624000,4,0
1789128000,4,0
1789632000,4,0
1790136000,4,0
1790640000,4,0
1791144000,4,0
1791648000,4,0
1792152000,4,0
1792656000,4,0
1793160000,4,0
1793664000,4,0
1794168000,4,0
1794672000,4,0
1795176000,4,0
1795680000,4,0
1796184000,4,0
1796688000,4,0
1797192000,4,0
1797696000,4,0
1798200000,4,0
1798704000,4,0
1799208000,4,0
1799712000,4,0
1800216000,4,0
1800720000,4,0
1801224000,4,0
1801728000,4,0
1802232000,4,0
1802736000,4,0
1803240000,4,0
1803744000,4,0
1804248000,4,0
1804752000,4,0
1805256000,4,0
1805760000,4,0
1806264000,4,0
1806768000,4,0
1807272000,4,0
1807776000,4,0
1808280000,4,0
1808784000,4,0
1809288000,4,0
1809792000,4,0
1810296000,4,0
1810800000,4,0
1811304000,4,0
1811808000,4,0
1812312000,4,0
1812816000,4,0
1813320000,4,0
1813824000,4,0
1814328000,4,0
1814832000,4,0
1815336000,4,0
1815840000,4,0
1816344000,4,0
1816848000,4,0
1817352000,4,0
1817856000,4,0
1818360000,4,0
1818864000,4,0
1819368000,4,0
1819872000,4,0
1820376000,4,0
1820880000,4,0
1821384000,4,0
1821888000,4,0
1822392000,4,0
1822896000,4,0
1823400000,4,0
1823904000,4,0
1824408000,4,0
1824912000,4,0
1825416000,4,0
1825920000,4,0
1826424000,4,0
1826928000,4,0
1827432000,4,0
1827936000,4,0
1828440000,4,0
1828944000,4,0
1829448000,4,0
1829952000,4,0
1830456000,4,0
1830960000,4,0
1831464000,4,0
1831968000,4,0
1832472000,4,0
1832976000,4,0
1833480000,4,0
1833984000,4,0
1834488000,4,0
1834992000,4,0
1835496000,4,0
1836000000,4,0
1836504000,4,0
1837008000,4,0
1837512000,4,0
1838016000,4,0
1838520000,4,0
1839024000,4,0
1839528000,4,0
1840032000,4,0
1840536000,4,0
1841040000,4,0
1841544000,4,0
1842048000,4,0
1842552000,4,0
1843056000,4,0
1843560000,4,0
1844064000,4,0
1844568000,4,0
1845072000,4,0
1845576000,4,0
1846080000,4,0
1846584000,4,0
1847088000,4,0
1847592000,4,0
1848096000,4,0
1848600000,4,0
1849104000,4,0
1849608000,4,0
1850112000,4,0
1850616000,4,0
1851120000,4,0
1851624000,4,0
1852128000,4,0
1852632000,4,0
1853136000,4,0
1853640000,4,0
1854144000,4,0
1854648000,4,0
1855152000,4,0
1855656000,4,0
1856160000,4,0
1856664000,4,0
1857168000,4,0
1857672000,4,0
1858176000,4,0
1858680000,4,0
1859184000,4,0
1859688000,4,0
1860192000,4,0
1860696000,4,0
1861200000,4,0
1861704000,4,0
1862208000,4,0
1862712000,4,0
1863216000,4,0
1863720000,4,0
1864224000,4,0
1864728000,4,0
1865232000,4,0
1865736000,4,0
1866240000,4,0
1866744000,4,0
1867248000,4,0
1867752000,4,0
1868256000,4,0
1868760000,4,0
1869264000,4,0
1869768000,4,0
1870272000,4,0
1870776000,4,0
1871280000,4,0
1871784000,4,0
1872288000,4,0
1872792000,4,0
1873296000,4,0
1873800000,4,0
1874304000,4,0
1874808000,4,0
1875312000,4,0
1875816000,4,0
1876320000,4,0
1876824000,4,0
1877328000,4,0
1877832000,4,0
1878336000,4,0
1878840000,4,0
1879344000,4,0
1879848000,4,0
1880352000,4,0
1880856000,4,0
1881360000,4,0
1881864000,4,0
1882368000,4,0
1882872000,4,0
1883376000,4,0
1883880000,4,0
1884384000,4,0
1884888000,4,0
1885392000,4,0
1885896000,4,0
1886400000,4,0
1886904000,4,0
1887408000,4,0
1887912000,4,0
1888416000,4,0
1888920000,4,0
1889424000,4,0
1889928000,4,0
1890432000,4,0
1890936000,4,0
1891440000,4,0
1891944000,4,0
1892448000,4,0
1892952000,4,0
1893456000,4,0
1893960000,4,0
1894464000,4,0
1894968000,4,0
1895472000,4,0
1895976000,4,0
1896480000,4,0
1896984000,4,0
1897488000,4,0
1897992000,4,0
1898496000,4,0
1899000000,4,0
1899504000,4,0
1900008000,4,0
1900512000,4,0
1901016000,4,0
1901520000,4,0
1902024000,4,0
1902528000,4,0
1903032000,4,0
1903536000,4,0
1904040000,4,0
1904544000,4,0
1905048000,4,0
1905552000,4,0
1906056000,4,0
1906560000,4,0
1907064000,4,0
1907568000,4,0
1908072000,4,0
1908576000,4,0
1909080000,4,0
1909584000,4,0
1910088000,4,0
1910592000,4,0
1911096000,4,0
1911600000,4,0
1912104000,4,0
1912608000,4,0
1913112000,4,0
1913616000,4,0
1914120000,4,0
1914624000,4,0
1915128000,4,0
1915632000,4,0
1916136000,4,0
1916640000,4,0
1917144000,4,0
1917648000,4,0
1918152000,4,0
1918656000,4,0
1919160000,4,0
1919664000,4,0
1920168000,4,0
1920672000,4,0
1921176000,4,0
1921680000,4,0
1922184000,4,0
1922688000,4,0
1923192000,4,0
1923696000,4,0
1924200000,4,0
1924704000,4,0
1925208000,4,0
1925712000,4,0
1926216000,4,0
1926720000,4,0
1927224000,4,0
1927728000,4,0
1928232000,4,0
1928736000,4,0
1929240000,4,0
1929744000,4,0
1930248000,4,0
1930752000,4,0
1931256000,4,0
1931760000,4,0
1932264000,4,0
1932768000,4,0
1933272000,4,0
1933776000,4,0
1934280000,4,0
1934784000,4,0
1935288000,4,0
1935792000,4,0
1936296000,4,0
1936800000,4,0
1937304000,4,0
1937808000,4,0
1938312000,4,0
