timestamp,id,event_sequence,arguments[0],arguments[1],arguments[2],arguments[3],arguments[4],arguments[5],arguments[6],arguments[7],arguments[8],arguments[9],arguments[10],arguments[11],arguments[12],arguments[13],arguments[14],arguments[15],arguments[16],arguments[17],arguments[18],arguments[19],arguments[20],arguments[21],arguments[22],arguments[23],arguments[24],log_levels
123040000,18691879,4,0,0,9,0,0,2,0,0,48,0,0,0,0,0,0,0,0,0,0,0,0,0,0,0,0,136
123576000,17980399,5,234,7,5,26,13,0,45,0,0,0,0,0,0,0,0,0,0,0,0,0,0,0,0,0,0,102
125092000,27825120,6,0,0,16,19,9,128,0,0,0,0,0,0,0,128,42,1,128,0,0,0,0,0,0,0,0,136
125092000,25005055,7,255,255,255,255,28,0,0,0,0,0,0,0,0,0,0,0,0,0,0,0,0,0,0,0,0,51
125092000,21872809,8,255,255,255,255,1,0,0,0,0,0,0,0,0,0,0,0,0,0,0,0,0,0,0,0,0,51
125092000,22831554,9,126,209,126,0,17,0,0,0,0,0,0,0,0,0,0,0,0,0,0,0,0,0,0,0,0,102
125092000,20345936,10,255,255,255,255,29,0,0,0,0,0,0,0,0,0,0,0,0,0,0,0,0,0,0,0,0,51
125092000,22720449,11,255,255,255,255,27,0,1,0,0,0,0,0,0,0,0,0,0,0,0,0,0,0,0,0,0,51
125092000,28241790,12,0,64,0,0,20,0,0,0,0,0,0,0,0,0,0,0,0,0,0,0,0,0,0,0,0,51
125092000,26420585,13,126,213,126,0,20,0,0,0,0,0,0,0,0,0,0,0,0,0,0,0,0,0,0,0,0,34
125092000,27227279,14,126,209,126,0,16,0,0,0,0,0,0,0,0,0,0,0,0,0,0,0,0,0,0,0,0,34
125092000,30612409,15,124,0,126,0,17,0,0,0,0,0,0,0,0,0,0,0,0,0,0,0,0,0,0,0,0,51
125092000,26788467,16,56,0,0,0,24,0,0,0,0,0,0,0,0,0,0,0,0,0,0,0,0,0,0,0,0,51
125092000,29467116,17,126,1,126,0,20,0,0,0,0,0,0,0,0,0,0,0,0,0,0,0,0,0,0,0,0,34
125092000,17154777,18,8,0,0,0,20,0,0,0,0,0,0,0,0,0,0,0,0,0,0,0,0,0,0,0,0,102
125092000,16856624,19,32,0,0,0,20,0,0,0,0,0,0,0,0,0,0,0,0,0,0,0,0,0,0,0,0,102
125092000,17231145,20,255,255,255,255,7,0,0,0,0,0,0,0,0,0,0,0,0,0,0,0,0,0,0,0,0,68
125092000,18691879,21,0,0,13,0,0,2,0,0,48,0,0,0,0,0,0,0,0,0,0,0,0,0,0,0,0,136
409672000,27825120,22,0,0,0,19,9,128,0,0,0,0,0,0,0,128,42,1,128,0,0,0,0,0,0,0,0,136
409672000,25005055,23,255,255,255,255,28,0,0,0,0,0,0,0,0,0,0,0,0,0,0,0,0,0,0,0,0,51
409672000,21872809,24,255,255,255,255,1,0,0,0,0,0,0,0,0,0,0,0,0,0,0,0,0,0,0,0,0,51
409672000,22831554,25,126,209,126,0,17,0,0,0,0,0,0,0,0,0,0,0,0,0,0,0,0,0,0,0,0,102
409672000,20345936,26,255,255,255,255,29,0,0,0,0,0,0,0,0,0,0,0,0,0,0,0,0,0,0,0,0,51
409672000,22720449,27,255,255,255,255,27,0,1,0,0,0,0,0,0,0,0,0,0,0,0,0,0,0,0,0,0,51
409672000,28241790,28,0,64,0,0,20,0,0,0,0,0,0,0,0,0,0,0,0,0,0,0,0,0,0,0,0,51
409672000,26420585,29,126,213,126,0,20,0,0,0,0,0,0,0,0,0,0,0,0,0,0,0,0,0,0,0,0,34
409672000,27227279,30,126,209,126,0,16,0,0,0,0,0,0,0,0,0,0,0,0,0,0,0,0,0,0,0,0,34
409672000,30612409,31,124,0,126,0,17,0,0,0,0,0,0,0,0,0,0,0,0,0,0,0,0,0,0,0,0,51
409672000,26788467,32,56,0,0,0,24,0,0,0,0,0,0,0,0,0,0,0,0,0,0,0,0,0,0,0,0,51
409672000,29467116,33,126,1,126,0,20,0,0,0,0,0,0,0,0,0,0,0,0,0,0,0,0,0,0,0,0,34
409672000,17154777,34,8,0,0,0,20,0,0,0,0,0,0,0,0,0,0,0,0,0,0,0,0,0,0,0,0,102
409672000,16856624,35,32,0,0,0,20,0,0,0,0,0,0,0,0,0,0,0,0,0,0,0,0,0,0,0,0,102
409672000,17231145,36,255,255,255,255,7,0,0,0,0,0,0,0,0,0,0,0,0,0,0,0,0,0,0,0,0,68
409672000,18691879,37,0,0,29,0,0,2,0,0,48,0,0,0,0,0,0,0,0,0,0,0,0,0,0,0,0,136
