timestamp,remote_timestamp,observed_offset,estimated_offset,round_trip_time,source_protocol
242828000,242828000,0,0,0,0
242928000,242928000,0,0,0,0
243828000,243828000,0,0,0,0
244828000,244828000,0,0,0,0
245828000,245828000,0,0,0,0
246828000,246828000,0,0,0,0
247828000,247828000,0,0,0,0
248828000,248828000,0,0,0,0
249828000,249828000,0,0,0,0
250828000,250828000,0,0,0,0
251828000,251828000,0,0,0,0
252828000,252828000,0,0,0,0
253828000,253828000,0,0,0,0
254828000,254828000,0,0,0,0
255828000,255828000,0,0,0,0
256828000,256828000,0,0,0,0
257828000,257828000,0,0,0,0
258828000,258828000,0,0,0,0
259828000,259828000,0,0,0,0
260828000,260828000,0,0,0,0
261828000,261828000,0,0,0,0
262828000,262828000,0,0,0,0
263828000,263828000,0,0,0,0
264828000,264828000,0,0,0,0
265828000,265828000,0,0,0,0
266828000,266828000,0,0,0,0
267828000,267828000,0,0,0,0
268828000,268828000,0,0,0,0
269828000,269828000,0,0,0,0
270828000,270828000,0,0,0,0
271828000,271828000,0,0,0,0
272828000,272828000,0,0,0,0
273828000,273828000,0,0,0,0
274828000,274828000,0,0,0,0
275828000,275828000,0,0,0,0
276828000,276828000,0,0,0,0
277828000,277828000,0,0,0,0
278828000,278828000,0,0,0,0
279828000,279828000,0,0,0,0
280828000,280828000,0,0,0,0
281828000,281828000,0,0,0,0
282828000,282828000,0,0,0,0
283828000,283828000,0,0,0,0
284828000,284828000,0,0,0,0
285828000,285828000,0,0,0,0
286828000,286828000,0,0,0,0
287828000,287828000,0,0,0,0
288828000,288828000,0,0,0,0
289828000,289828000,0,0,0,0
290828000,290828000,0,0,0,0
291828000,291828000,0,0,0,0
292828000,292828000,0,0,0,0
293828000,293828000,0,0,0,0
294828000,294828000,0,0,0,0
295828000,295828000,0,0,0,0
296828000,296828000,0,0,0,0
297828000,297828000,0,0,0,0
298828000,298828000,0,0,0,0
299828000,299828000,0,0,0,0
300828000,300828000,0,0,0,0
301828000,301828000,0,0,0,0
302828000,302828000,0,0,0,0
303828000,303828000,0,0,0,0
304828000,304828000,0,0,0,0
305828000,305828000,0,0,0,0
306828000,306828000,0,0,0,0
307828000,307828000,0,0,0,0
308828000,308828000,0,0,0,0
309828000,309828000,0,0,0,0
310828000,310828000,0,0,0,0
311828000,311828000,0,0,0,0
312828000,312828000,0,0,0,0
313828000,313828000,0,0,0,0
314828000,314828000,0,0,0,0
315828000,315828000,0,0,0,0
316828000,316828000,0,0,0,0
317828000,317828000,0,0,0,0
318828000,318828000,0,0,0,0
319828000,319828000,0,0,0,0
320828000,320828000,0,0,0,0
321828000,321828000,0,0,0,0
322828000,322828000,0,0,0,0
323828000,323828000,0,0,0,0
324828000,324828000,0,0,0,0
325828000,325828000,0,0,0,0
326828000,326828000,0,0,0,0
327828000,327828000,0,0,0,0
328828000,328828000,0,0,0,0
329828000,329828000,0,0,0,0
330828000,330828000,0,0,0,0
331828000,331828000,0,0,0,0
332828000,332828000,0,0,0,0
333828000,333828000,0,0,0,0
334828000,334828000,0,0,0,0
335828000,335828000,0,0,0,0
336828000,336828000,0,0,0,0
337828000,337828000,0,0,0,0
338828000,338828000,0,0,0,0
339828000,339828000,0,0,0,0
340828000,340828000,0,0,0,0
341828000,341828000,0,0,0,0
342828000,342828000,0,0,0,0
343828000,343828000,0,0,0,0
344828000,344828000,0,0,0,0
345828000,345828000,0,0,0,0
346828000,346828000,0,0,0,0
347828000,347828000,0,0,0,0
348828000,348828000,0,0,0,0
349828000,349828000,0,0,0,0
350828000,350828000,0,0,0,0
351828000,351828000,0,0,0,0
352828000,352828000,0,0,0,0
353828000,353828000,0,0,0,0
354828000,354828000,0,0,0,0
355828000,355828000,0,0,0,0
356828000,356828000,0,0,0,0
357828000,357828000,0,0,0,0
358828000,358828000,0,0,0,0
359828000,359828000,0,0,0,0
360828000,360828000,0,0,0,0
361828000,361828000,0,0,0,0
362828000,362828000,0,0,0,0
363828000,363828000,0,0,0,0
364828000,364828000,0,0,0,0
365828000,365828000,0,0,0,0
366828000,366828000,0,0,0,0
367828000,367828000,0,0,0,0
368828000,368828000,0,0,0,0
369828000,369828000,0,0,0,0
370828000,370828000,0,0,0,0
371828000,371828000,0,0,0,0
372828000,372828000,0,0,0,0
373828000,373828000,0,0,0,0
374828000,374828000,0,0,0,0
375828000,375828000,0,0,0,0
376828000,376828000,0,0,0,0
377828000,377828000,0,0,0,0
378828000,378828000,0,0,0,0
379828000,379828000,0,0,0,0
380828000,380828000,0,0,0,0
381828000,381828000,0,0,0,0
382828000,382828000,0,0,0,0
383828000,383828000,0,0,0,0
384828000,384828000,0,0,0,0
385828000,385828000,0,0,0,0
386828000,386828000,0,0,0,0
387828000,387828000,0,0,0,0
388828000,388828000,0,0,0,0
389828000,389828000,0,0,0,0
390828000,390828000,0,0,0,0
391828000,391828000,0,0,0,0
392828000,392828000,0,0,0,0
393828000,393828000,0,0,0,0
394828000,394828000,0,0,0,0
395828000,395828000,0,0,0,0
396828000,396828000,0,0,0,0
397828000,397828000,0,0,0,0
398828000,398828000,0,0,0,0
399828000,399828000,0,0,0,0
400828000,400828000,0,0,0,0
401828000,401828000,0,0,0,0
402828000,402828000,0,0,0,0
403828000,403828000,0,0,0,0
404828000,404828000,0,0,0,0
405828000,405828000,0,0,0,0
406828000,406828000,0,0,0,0
407828000,407828000,0,0,0,0
408828000,408828000,0,0,0,0
409828000,409828000,0,0,0,0
410828000,410828000,0,0,0,0
411828000,411828000,0,0,0,0
412828000,412828000,0,0,0,0
413828000,413828000,0,0,0,0
414828000,414828000,0,0,0,0
415828000,415828000,0,0,0,0
416828000,416828000,0,0,0,0
417828000,417828000,0,0,0,0
418828000,418828000,0,0,0,0
419828000,419828000,0,0,0,0
420828000,420828000,0,0,0,0
421828000,421828000,0,0,0,0
422828000,422828000,0,0,0,0
423828000,423828000,0,0,0,0
424828000,424828000,0,0,0,0
425828000,425828000,0,0,0,0
426828000,426828000,0,0,0,0
427828000,427828000,0,0,0,0
428828000,428828000,0,0,0,0
429828000,429828000,0,0,0,0
430828000,430828000,0,0,0,0
431828000,431828000,0,0,0,0
432828000,432828000,0,0,0,0
433828000,433828000,0,0,0,0
434828000,434828000,0,0,0,0
435828000,435828000,0,0,0,0
436828000,436828000,0,0,0,0
437828000,437828000,0,0,0,0
438828000,438828000,0,0,0,0
439828000,439828000,0,0,0,0
440828000,440828000,0,0,0,0
441828000,441828000,0,0,0,0
442828000,442828000,0,0,0,0
443828000,443828000,0,0,0,0
444828000,444828000,0,0,0,0
445828000,445828000,0,0,0,0
446828000,446828000,0,0,0,0
447828000,447828000,0,0,0,0
448828000,448828000,0,0,0,0
449828000,449828000,0,0,0,0
450828000,450828000,0,0,0,0
451828000,451828000,0,0,0,0
452828000,452828000,0,0,0,0
453828000,453828000,0,0,0,0
454828000,454828000,0,0,0,0
455828000,455828000,0,0,0,0
456828000,456828000,0,0,0,0
457828000,457828000,0,0,0,0
458828000,458828000,0,0,0,0
459828000,459828000,0,0,0,0
460828000,460828000,0,0,0,0
461828000,461828000,0,0,0,0
462828000,462828000,0,0,0,0
463828000,463828000,0,0,0,0
464828000,464828000,0,0,0,0
465828000,465828000,0,0,0,0
466828000,466828000,0,0,0,0
467828000,467828000,0,0,0,0
468828000,468828000,0,0,0,0
469828000,469828000,0,0,0,0
470828000,470828000,0,0,0,0
471828000,471828000,0,0,0,0
472828000,472828000,0,0,0,0
473828000,473828000,0,0,0,0
474828000,474828000,0,0,0,0
475828000,475828000,0,0,0,0
476828000,476828000,0,0,0,0
477828000,477828000,0,0,0,0
478828000,478828000,0,0,0,0
479828000,479828000,0,0,0,0
480828000,480828000,0,0,0,0
481828000,481828000,0,0,0,0
482828000,482828000,0,0,0,0
483828000,483828000,0,0,0,0
484828000,484828000,0,0,0,0
485828000,485828000,0,0,0,0
486828000,486828000,0,0,0,0
487828000,487828000,0,0,0,0
488828000,488828000,0,0,0,0
489828000,489828000,0,0,0,0
490828000,490828000,0,0,0,0
491828000,491828000,0,0,0,0
492828000,492828000,0,0,0,0
493828000,493828000,0,0,0,0
494828000,494828000,0,0,0,0
495828000,495828000,0,0,0,0
496828000,496828000,0,0,0,0
497828000,497828000,0,0,0,0
498828000,498828000,0,0,0,0
499828000,499828000,0,0,0,0
500828000,500828000,0,0,0,0
501828000,501828000,0,0,0,0
502828000,502828000,0,0,0,0
503828000,503828000,0,0,0,0
504828000,504828000,0,0,0,0
505828000,505828000,0,0,0,0
506828000,506828000,0,0,0,0
507828000,507828000,0,0,0,0
508828000,508828000,0,0,0,0
509828000,509828000,0,0,0,0
510828000,510828000,0,0,0,0
511828000,511828000,0,0,0,0
512828000,512828000,0,0,0,0
513828000,513828000,0,0,0,0
514828000,514828000,0,0,0,0
515828000,515828000,0,0,0,0
516828000,516828000,0,0,0,0
517828000,517828000,0,0,0,0
518828000,518828000,0,0,0,0
519828000,519828000,0,0,0,0
520828000,520828000,0,0,0,0
521828000,521828000,0,0,0,0
522828000,522828000,0,0,0,0
523828000,523828000,0,0,0,0
524828000,524828000,0,0,0,0
525828000,525828000,0,0,0,0
526828000,526828000,0,0,0,0
527828000,527828000,0,0,0,0
528828000,528828000,0,0,0,0
529828000,529828000,0,0,0,0
530828000,530828000,0,0,0,0
531828000,531828000,0,0,0,0
532828000,532828000,0,0,0,0
533828000,533828000,0,0,0,0
534828000,534828000,0,0,0,0
535828000,535828000,0,0,0,0
536828000,536828000,0,0,0,0
537828000,537828000,0,0,0,0
538828000,538828000,0,0,0,0
539828000,539828000,0,0,0,0
540828000,540828000,0,0,0,0
541828000,541828000,0,0,0,0
542828000,542828000,0,0,0,0
543828000,543828000,0,0,0,0
544828000,544828000,0,0,0,0
545828000,545828000,0,0,0,0
546828000,546828000,0,0,0,0
547828000,547828000,0,0,0,0
548828000,548828000,0,0,0,0
549828000,549828000,0,0,0,0
550828000,550828000,0,0,0,0
551828000,551828000,0,0,0,0
552828000,552828000,0,0,0,0
553828000,553828000,0,0,0,0
554828000,554828000,0,0,0,0
555828000,555828000,0,0,0,0
556828000,556828000,0,0,0,0
557828000,557828000,0,0,0,0
558828000,558828000,0,0,0,0
559828000,559828000,0,0,0,0
560828000,560828000,0,0,0,0
561828000,561828000,0,0,0,0
562828000,562828000,0,0,0,0
563828000,563828000,0,0,0,0
564828000,564828000,0,0,0,0
565828000,565828000,0,0,0,0
566828000,566828000,0,0,0,0
567828000,567828000,0,0,0,0
568828000,568828000,0,0,0,0
569828000,569828000,0,0,0,0
570828000,570828000,0,0,0,0
571828000,571828000,0,0,0,0
572828000,572828000,0,0,0,0
573828000,573828000,0,0,0,0
574828000,574828000,0,0,0,0
575828000,575828000,0,0,0,0
576828000,576828000,0,0,0,0
577828000,577828000,0,0,0,0
578828000,578828000,0,0,0,0
579828000,579828000,0,0,0,0
580828000,580828000,0,0,0,0
581828000,581828000,0,0,0,0
582828000,582828000,0,0,0,0
583828000,583828000,0,0,0,0
584828000,584828000,0,0,0,0
585828000,585828000,0,0,0,0
586828000,586828000,0,0,0,0
587828000,587828000,0,0,0,0
588828000,588828000,0,0,0,0
589828000,589828000,0,0,0,0
590828000,590828000,0,0,0,0
591828000,591828000,0,0,0,0
592828000,592828000,0,0,0,0
593828000,593828000,0,0,0,0
594828000,594828000,0,0,0,0
595828000,595828000,0,0,0,0
596828000,596828000,0,0,0,0
597828000,597828000,0,0,0,0
598828000,598828000,0,0,0,0
599828000,599828000,0,0,0,0
600828000,600828000,0,0,0,0
601828000,601828000,0,0,0,0
602828000,602828000,0,0,0,0
603828000,603828000,0,0,0,0
604828000,604828000,0,0,0,0
605828000,605828000,0,0,0,0
606828000,606828000,0,0,0,0
607828000,607828000,0,0,0,0
608828000,608828000,0,0,0,0
609828000,609828000,0,0,0,0
610828000,610828000,0,0,0,0
611828000,611828000,0,0,0,0
612828000,612828000,0,0,0,0
613828000,613828000,0,0,0,0
614828000,614828000,0,0,0,0
615828000,615828000,0,0,0,0
616828000,616828000,0,0,0,0
617828000,617828000,0,0,0,0
618828000,618828000,0,0,0,0
619828000,619828000,0,0,0,0
620828000,620828000,0,0,0,0
621828000,621828000,0,0,0,0
622828000,622828000,0,0,0,0
623828000,623828000,0,0,0,0
624828000,624828000,0,0,0,0
625828000,625828000,0,0,0,0
626828000,626828000,0,0,0,0
627828000,627828000,0,0,0,0
628828000,628828000,0,0,0,0
629828000,629828000,0,0,0,0
630828000,630828000,0,0,0,0
631828000,631828000,0,0,0,0
632828000,632828000,0,0,0,0
633828000,633828000,0,0,0,0
634828000,634828000,0,0,0,0
635828000,635828000,0,0,0,0
636828000,636828000,0,0,0,0
637828000,637828000,0,0,0,0
638828000,638828000,0,0,0,0
639828000,639828000,0,0,0,0
640828000,640828000,0,0,0,0
641828000,641828000,0,0,0,0
642828000,642828000,0,0,0,0
643828000,643828000,0,0,0,0
644828000,644828000,0,0,0,0
645828000,645828000,0,0,0,0
646828000,646828000,0,0,0,0
647828000,647828000,0,0,0,0
648828000,648828000,0,0,0,0
649828000,649828000,0,0,0,0
650828000,650828000,0,0,0,0
651828000,651828000,0,0,0,0
652828000,652828000,0,0,0,0
653828000,653828000,0,0,0,0
654828000,654828000,0,0,0,0
655828000,655828000,0,0,0,0
656828000,656828000,0,0,0,0
657828000,657828000,0,0,0,0
658828000,658828000,0,0,0,0
659828000,659828000,0,0,0,0
660828000,660828000,0,0,0,0
661828000,661828000,0,0,0,0
662828000,662828000,0,0,0,0
663828000,663828000,0,0,0,0
664828000,664828000,0,0,0,0
665828000,665828000,0,0,0,0
666828000,666828000,0,0,0,0
667828000,667828000,0,0,0,0
668828000,668828000,0,0,0,0
669828000,669828000,0,0,0,0
670828000,670828000,0,0,0,0
671828000,671828000,0,0,0,0
672828000,672828000,0,0,0,0
673828000,673828000,0,0,0,0
674828000,674828000,0,0,0,0
675828000,675828000,0,0,0,0
676828000,676828000,0,0,0,0
677828000,677828000,0,0,0,0
678828000,678828000,0,0,0,0
679828000,679828000,0,0,0,0
680828000,680828000,0,0,0,0
681828000,681828000,0,0,0,0
682828000,682828000,0,0,0,0
683828000,683828000,0,0,0,0
684828000,684828000,0,0,0,0
685828000,685828000,0,0,0,0
686828000,686828000,0,0,0,0
687828000,687828000,0,0,0,0
688828000,688828000,0,0,0,0
689828000,689828000,0,0,0,0
690828000,690828000,0,0,0,0
691828000,691828000,0,0,0,0
692828000,692828000,0,0,0,0
693828000,693828000,0,0,0,0
694828000,694828000,0,0,0,0
695828000,695828000,0,0,0,0
696828000,696828000,0,0,0,0
697828000,697828000,0,0,0,0
698828000,698828000,0,0,0,0
699828000,699828000,0,0,0,0
700828000,700828000,0,0,0,0
701828000,701828000,0,0,0,0
702828000,702828000,0,0,0,0
703828000,703828000,0,0,0,0
704828000,704828000,0,0,0,0
705828000,705828000,0,0,0,0
706828000,706828000,0,0,0,0
707828000,707828000,0,0,0,0
708828000,708828000,0,0,0,0
709828000,709828000,0,0,0,0
710828000,710828000,0,0,0,0
711828000,711828000,0,0,0,0
712828000,712828000,0,0,0,0
713828000,713828000,0,0,0,0
714828000,714828000,0,0,0,0
715828000,715828000,0,0,0,0
716828000,716828000,0,0,0,0
717828000,717828000,0,0,0,0
718828000,718828000,0,0,0,0
719828000,719828000,0,0,0,0
720828000,720828000,0,0,0,0
721828000,721828000,0,0,0,0
722828000,722828000,0,0,0,0
723828000,723828000,0,0,0,0
724828000,724828000,0,0,0,0
725828000,725828000,0,0,0,0
726828000,726828000,0,0,0,0
727828000,727828000,0,0,0,0
728828000,728828000,0,0,0,0
729828000,729828000,0,0,0,0
730828000,730828000,0,0,0,0
731828000,731828000,0,0,0,0
732828000,732828000,0,0,0,0
733828000,733828000,0,0,0,0
734828000,734828000,0,0,0,0
735828000,735828000,0,0,0,0
736828000,736828000,0,0,0,0
737828000,737828000,0,0,0,0
738828000,738828000,0,0,0,0
739828000,739828000,0,0,0,0
740828000,740828000,0,0,0,0
741828000,741828000,0,0,0,0
742828000,742828000,0,0,0,0
743828000,743828000,0,0,0,0
744828000,744828000,0,0,0,0
745828000,745828000,0,0,0,0
746828000,746828000,0,0,0,0
747828000,747828000,0,0,0,0
748828000,748828000,0,0,0,0
749828000,749828000,0,0,0,0
750828000,750828000,0,0,0,0
751828000,751828000,0,0,0,0
752828000,752828000,0,0,0,0
753828000,753828000,0,0,0,0
754828000,754828000,0,0,0,0
755828000,755828000,0,0,0,0
756828000,756828000,0,0,0,0
757828000,757828000,0,0,0,0
758828000,758828000,0,0,0,0
759828000,759828000,0,0,0,0
760828000,760828000,0,0,0,0
761828000,761828000,0,0,0,0
762828000,762828000,0,0,0,0
763828000,763828000,0,0,0,0
764828000,764828000,0,0,0,0
765828000,765828000,0,0,0,0
766828000,766828000,0,0,0,0
767828000,767828000,0,0,0,0
768828000,768828000,0,0,0,0
769828000,769828000,0,0,0,0
770828000,770828000,0,0,0,0
771828000,771828000,0,0,0,0
772828000,772828000,0,0,0,0
773828000,773828000,0,0,0,0
774828000,774828000,0,0,0,0
775828000,775828000,0,0,0,0
776828000,776828000,0,0,0,0
777828000,777828000,0,0,0,0
778828000,778828000,0,0,0,0
779828000,779828000,0,0,0,0
780828000,780828000,0,0,0,0
781828000,781828000,0,0,0,0
782828000,782828000,0,0,0,0
783828000,783828000,0,0,0,0
784828000,784828000,0,0,0,0
785828000,785828000,0,0,0,0
786828000,786828000,0,0,0,0
787828000,787828000,0,0,0,0
788828000,788828000,0,0,0,0
789828000,789828000,0,0,0,0
790828000,790828000,0,0,0,0
791828000,791828000,0,0,0,0
792828000,792828000,0,0,0,0
793828000,793828000,0,0,0,0
794828000,794828000,0,0,0,0
795828000,795828000,0,0,0,0
796828000,796828000,0,0,0,0
797828000,797828000,0,0,0,0
798828000,798828000,0,0,0,0
799828000,799828000,0,0,0,0
800828000,800828000,0,0,0,0
801828000,801828000,0,0,0,0
802828000,802828000,0,0,0,0
803828000,803828000,0,0,0,0
804828000,804828000,0,0,0,0
805828000,805828000,0,0,0,0
806828000,806828000,0,0,0,0
807828000,807828000,0,0,0,0
808828000,808828000,0,0,0,0
809828000,809828000,0,0,0,0
810828000,810828000,0,0,0,0
811828000,811828000,0,0,0,0
812828000,812828000,0,0,0,0
813828000,813828000,0,0,0,0
814828000,814828000,0,0,0,0
815828000,815828000,0,0,0,0
816828000,816828000,0,0,0,0
817828000,817828000,0,0,0,0
818828000,818828000,0,0,0,0
819828000,819828000,0,0,0,0
820828000,820828000,0,0,0,0
821828000,821828000,0,0,0,0
822828000,822828000,0,0,0,0
823828000,823828000,0,0,0,0
824828000,824828000,0,0,0,0
825828000,825828000,0,0,0,0
826828000,826828000,0,0,0,0
827828000,827828000,0,0,0,0
828828000,828828000,0,0,0,0
829828000,829828000,0,0,0,0
830828000,830828000,0,0,0,0
831828000,831828000,0,0,0,0
832828000,832828000,0,0,0,0
833828000,833828000,0,0,0,0
834828000,834828000,0,0,0,0
835828000,835828000,0,0,0,0
836828000,836828000,0,0,0,0
837828000,837828000,0,0,0,0
838828000,838828000,0,0,0,0
839828000,839828000,0,0,0,0
840828000,840828000,0,0,0,0
841828000,841828000,0,0,0,0
842828000,842828000,0,0,0,0
843828000,843828000,0,0,0,0
844828000,844828000,0,0,0,0
845828000,845828000,0,0,0,0
846828000,846828000,0,0,0,0
847828000,847828000,0,0,0,0
848828000,848828000,0,0,0,0
849828000,849828000,0,0,0,0
850828000,850828000,0,0,0,0
851828000,851828000,0,0,0,0
852828000,852828000,0,0,0,0
853828000,853828000,0,0,0,0
854828000,854828000,0,0,0,0
855828000,855828000,0,0,0,0
856828000,856828000,0,0,0,0
857828000,857828000,0,0,0,0
858828000,858828000,0,0,0,0
859828000,859828000,0,0,0,0
860828000,860828000,0,0,0,0
861828000,861828000,0,0,0,0
862828000,862828000,0,0,0,0
863828000,863828000,0,0,0,0
864828000,864828000,0,0,0,0
865828000,865828000,0,0,0,0
866828000,866828000,0,0,0,0
867828000,867828000,0,0,0,0
868828000,868828000,0,0,0,0
869828000,869828000,0,0,0,0
870828000,870828000,0,0,0,0
871828000,871828000,0,0,0,0
872828000,872828000,0,0,0,0
873828000,873828000,0,0,0,0
874828000,874828000,0,0,0,0
875828000,875828000,0,0,0,0
876828000,876828000,0,0,0,0
877828000,877828000,0,0,0,0
878828000,878828000,0,0,0,0
879828000,879828000,0,0,0,0
880828000,880828000,0,0,0,0
881828000,881828000,0,0,0,0
882828000,882828000,0,0,0,0
883828000,883828000,0,0,0,0
884828000,884828000,0,0,0,0
885828000,885828000,0,0,0,0
886828000,886828000,0,0,0,0
887828000,887828000,0,0,0,0
888828000,888828000,0,0,0,0
889828000,889828000,0,0,0,0
890828000,890828000,0,0,0,0
891828000,891828000,0,0,0,0
892828000,892828000,0,0,0,0
893828000,893828000,0,0,0,0
894828000,894828000,0,0,0,0
895828000,895828000,0,0,0,0
896828000,896828000,0,0,0,0
897828000,897828000,0,0,0,0
898828000,898828000,0,0,0,0
899828000,899828000,0,0,0,0
900828000,900828000,0,0,0,0
901828000,901828000,0,0,0,0
902828000,902828000,0,0,0,0
903828000,903828000,0,0,0,0
904828000,904828000,0,0,0,0
905828000,905828000,0,0,0,0
906828000,906828000,0,0,0,0
907828000,907828000,0,0,0,0
908828000,908828000,0,0,0,0
909828000,909828000,0,0,0,0
910828000,910828000,0,0,0,0
911828000,911828000,0,0,0,0
912828000,912828000,0,0,0,0
913828000,913828000,0,0,0,0
914828000,914828000,0,0,0,0
915828000,915828000,0,0,0,0
916828000,916828000,0,0,0,0
917828000,917828000,0,0,0,0
918828000,918828000,0,0,0,0
919828000,919828000,0,0,0,0
920828000,920828000,0,0,0,0
921828000,921828000,0,0,0,0
922828000,922828000,0,0,0,0
923828000,923828000,0,0,0,0
924828000,924828000,0,0,0,0
925828000,925828000,0,0,0,0
926828000,926828000,0,0,0,0
927828000,927828000,0,0,0,0
928828000,928828000,0,0,0,0
929828000,929828000,0,0,0,0
930828000,930828000,0,0,0,0
931828000,931828000,0,0,0,0
932828000,932828000,0,0,0,0
933828000,933828000,0,0,0,0
934828000,934828000,0,0,0,0
935828000,935828000,0,0,0,0
936828000,936828000,0,0,0,0
937828000,937828000,0,0,0,0
938828000,938828000,0,0,0,0
939828000,939828000,0,0,0,0
940828000,940828000,0,0,0,0
941828000,941828000,0,0,0,0
942828000,942828000,0,0,0,0
943828000,943828000,0,0,0,0
944828000,944828000,0,0,0,0
945828000,945828000,0,0,0,0
946828000,946828000,0,0,0,0
947828000,947828000,0,0,0,0
948828000,948828000,0,0,0,0
949828000,949828000,0,0,0,0
950828000,950828000,0,0,0,0
951828000,951828000,0,0,0,0
952828000,952828000,0,0,0,0
953828000,953828000,0,0,0,0
954828000,954828000,0,0,0,0
955828000,955828000,0,0,0,0
956828000,956828000,0,0,0,0
957828000,957828000,0,0,0,0
958828000,958828000,0,0,0,0
959828000,959828000,0,0,0,0
960828000,960828000,0,0,0,0
961828000,961828000,0,0,0,0
962828000,962828000,0,0,0,0
963828000,963828000,0,0,0,0
964828000,964828000,0,0,0,0
965828000,965828000,0,0,0,0
966828000,966828000,0,0,0,0
967828000,967828000,0,0,0,0
968828000,968828000,0,0,0,0
969828000,969828000,0,0,0,0
970828000,970828000,0,0,0,0
971828000,971828000,0,0,0,0
972828000,972828000,0,0,0,0
973828000,973828000,0,0,0,0
974828000,974828000,0,0,0,0
975828000,975828000,0,0,0,0
976828000,976828000,0,0,0,0
977828000,977828000,0,0,0,0
978828000,978828000,0,0,0,0
979828000,979828000,0,0,0,0
980828000,980828000,0,0,0,0
981828000,981828000,0,0,0,0
982828000,982828000,0,0,0,0
983828000,983828000,0,0,0,0
984828000,984828000,0,0,0,0
985828000,985828000,0,0,0,0
986828000,986828000,0,0,0,0
987828000,987828000,0,0,0,0
988828000,988828000,0,0,0,0
989828000,989828000,0,0,0,0
990828000,990828000,0,0,0,0
991828000,991828000,0,0,0,0
992828000,992828000,0,0,0,0
993828000,993828000,0,0,0,0
994928000,994928000,0,0,0,0
995928000,995928000,0,0,0,0
996928000,996928000,0,0,0,0
997928000,997928000,0,0,0,0
998928000,998928000,0,0,0,0
999928000,999928000,0,0,0,0
1000928000,1000928000,0,0,0,0
1001928000,1001928000,0,0,0,0
1002928000,1002928000,0,0,0,0
1003928000,1003928000,0,0,0,0
1004928000,1004928000,0,0,0,0
1005928000,1005928000,0,0,0,0
1006928000,1006928000,0,0,0,0
1007928000,1007928000,0,0,0,0
1008928000,1008928000,0,0,0,0
1009928000,1009928000,0,0,0,0
1010928000,1010928000,0,0,0,0
1011928000,1011928000,0,0,0,0
1012928000,1012928000,0,0,0,0
1013928000,1013928000,0,0,0,0
1014928000,1014928000,0,0,0,0
1015928000,1015928000,0,0,0,0
1016928000,1016928000,0,0,0,0
1017928000,1017928000,0,0,0,0
1018928000,1018928000,0,0,0,0
1019928000,1019928000,0,0,0,0
1020928000,1020928000,0,0,0,0
1021928000,1021928000,0,0,0,0
1022928000,1022928000,0,0,0,0
1023928000,1023928000,0,0,0,0
1024928000,1024928000,0,0,0,0
1025928000,1025928000,0,0,0,0
1026928000,1026928000,0,0,0,0
1027928000,1027928000,0,0,0,0
1028928000,1028928000,0,0,0,0
1029928000,1029928000,0,0,0,0
1030928000,1030928000,0,0,0,0
1031928000,1031928000,0,0,0,0
1032928000,1032928000,0,0,0,0
1033928000,1033928000,0,0,0,0
1034928000,1034928000,0,0,0,0
1035928000,1035928000,0,0,0,0
1036928000,1036928000,0,0,0,0
1037928000,1037928000,0,0,0,0
1038928000,1038928000,0,0,0,0
1039928000,1039928000,0,0,0,0
1040928000,1040928000,0,0,0,0
1041928000,1041928000,0,0,0,0
1042928000,1042928000,0,0,0,0
1043928000,1043928000,0,0,0,0
1044928000,1044928000,0,0,0,0
1045928000,1045928000,0,0,0,0
1046928000,1046928000,0,0,0,0
1047928000,1047928000,0,0,0,0
1048928000,1048928000,0,0,0,0
1049928000,1049928000,0,0,0,0
1050928000,1050928000,0,0,0,0
1051928000,1051928000,0,0,0,0
1052928000,1052928000,0,0,0,0
1053928000,1053928000,0,0,0,0
1054928000,1054928000,0,0,0,0
1055928000,1055928000,0,0,0,0
1056928000,1056928000,0,0,0,0
1057928000,1057928000,0,0,0,0
1058928000,1058928000,0,0,0,0
1059928000,1059928000,0,0,0,0
1060928000,1060928000,0,0,0,0
1061928000,1061928000,0,0,0,0
1062928000,1062928000,0,0,0,0
1063928000,1063928000,0,0,0,0
1064928000,1064928000,0,0,0,0
1065928000,1065928000,0,0,0,0
1066928000,1066928000,0,0,0,0
1067928000,1067928000,0,0,0,0
1068928000,1068928000,0,0,0,0
1069928000,1069928000,0,0,0,0
1070928000,1070928000,0,0,0,0
1071928000,1071928000,0,0,0,0
1072928000,1072928000,0,0,0,0
1073928000,1073928000,0,0,0,0
1074928000,1074928000,0,0,0,0
1075928000,1075928000,0,0,0,0
1076928000,1076928000,0,0,0,0
1077928000,1077928000,0,0,0,0
1078928000,1078928000,0,0,0,0
1079928000,1079928000,0,0,0,0
1080928000,1080928000,0,0,0,0
1081928000,1081928000,0,0,0,0
1082928000,1082928000,0,0,0,0
1083928000,1083928000,0,0,0,0
1084928000,1084928000,0,0,0,0
1085928000,1085928000,0,0,0,0
1086928000,1086928000,0,0,0,0
1087928000,1087928000,0,0,0,0
1088928000,1088928000,0,0,0,0
1089928000,1089928000,0,0,0,0
1090928000,1090928000,0,0,0,0
1091928000,1091928000,0,0,0,0
1092928000,1092928000,0,0,0,0
1093928000,1093928000,0,0,0,0
1094928000,1094928000,0,0,0,0
1095928000,1095928000,0,0,0,0
1096928000,1096928000,0,0,0,0
1097928000,1097928000,0,0,0,0
1098928000,1098928000,0,0,0,0
1099928000,1099928000,0,0,0,0
1100928000,1100928000,0,0,0,0
1101928000,1101928000,0,0,0,0
1102928000,1102928000,0,0,0,0
1103928000,1103928000,0,0,0,0
1104928000,1104928000,0,0,0,0
1105928000,1105928000,0,0,0,0
1106928000,1106928000,0,0,0,0
1107928000,1107928000,0,0,0,0
1108928000,1108928000,0,0,0,0
1109928000,1109928000,0,0,0,0
1110928000,1110928000,0,0,0,0
1111928000,1111928000,0,0,0,0
1112928000,1112928000,0,0,0,0
1113928000,1113928000,0,0,0,0
1114928000,1114928000,0,0,0,0
1115928000,1115928000,0,0,0,0
1116928000,1116928000,0,0,0,0
1117928000,1117928000,0,0,0,0
1118928000,1118928000,0,0,0,0
1119928000,1119928000,0,0,0,0
1120928000,1120928000,0,0,0,0
1121928000,1121928000,0,0,0,0
1122928000,1122928000,0,0,0,0
1123928000,1123928000,0,0,0,0
1124928000,1124928000,0,0,0,0
1125928000,1125928000,0,0,0,0
1126928000,1126928000,0,0,0,0
1127928000,1127928000,0,0,0,0
1128928000,1128928000,0,0,0,0
1129928000,1129928000,0,0,0,0
1130928000,1130928000,0,0,0,0
1131928000,1131928000,0,0,0,0
1132928000,1132928000,0,0,0,0
1133928000,1133928000,0,0,0,0
1134928000,1134928000,0,0,0,0
1135928000,1135928000,0,0,0,0
1136928000,1136928000,0,0,0,0
1137928000,1137928000,0,0,0,0
1138928000,1138928000,0,0,0,0
1139928000,1139928000,0,0,0,0
1140928000,1140928000,0,0,0,0
1141928000,1141928000,0,0,0,0
1142928000,1142928000,0,0,0,0
1143928000,1143928000,0,0,0,0
1144928000,1144928000,0,0,0,0
1145928000,1145928000,0,0,0,0
1146928000,1146928000,0,0,0,0
1147928000,1147928000,0,0,0,0
1148928000,1148928000,0,0,0,0
1149928000,1149928000,0,0,0,0
1150928000,1150928000,0,0,0,0
1151928000,1151928000,0,0,0,0
1152928000,1152928000,0,0,0,0
1153928000,1153928000,0,0,0,0
1154928000,1154928000,0,0,0,0
1155928000,1155928000,0,0,0,0
1156928000,1156928000,0,0,0,0
1157928000,1157928000,0,0,0,0
1158928000,1158928000,0,0,0,0
1159928000,1159928000,0,0,0,0
1160928000,1160928000,0,0,0,0
1161928000,1161928000,0,0,0,0
1162928000,1162928000,0,0,0,0
1163928000,1163928000,0,0,0,0
1164928000,1164928000,0,0,0,0
1165928000,1165928000,0,0,0,0
1166928000,1166928000,0,0,0,0
1167928000,1167928000,0,0,0,0
1168928000,1168928000,0,0,0,0
1169928000,1169928000,0,0,0,0
1170928000,1170928000,0,0,0,0
1171928000,1171928000,0,0,0,0
1172928000,1172928000,0,0,0,0
1173928000,1173928000,0,0,0,0
1174928000,1174928000,0,0,0,0
1175928000,1175928000,0,0,0,0
1176928000,1176928000,0,0,0,0
1177928000,1177928000,0,0,0,0
1178928000,1178928000,0,0,0,0
1179928000,1179928000,0,0,0,0
1180928000,1180928000,0,0,0,0
1181928000,1181928000,0,0,0,0
1182928000,1182928000,0,0,0,0
1183928000,1183928000,0,0,0,0
1184928000,1184928000,0,0,0,0
1185928000,1185928000,0,0,0,0
1186928000,1186928000,0,0,0,0
1187928000,1187928000,0,0,0,0
1188928000,1188928000,0,0,0,0
1189928000,1189928000,0,0,0,0
1190928000,1190928000,0,0,0,0
1191928000,1191928000,0,0,0,0
1192928000,1192928000,0,0,0,0
1193928000,1193928000,0,0,0,0
1194928000,1194928000,0,0,0,0
1195928000,1195928000,0,0,0,0
1196928000,1196928000,0,0,0,0
1197928000,1197928000,0,0,0,0
1198928000,1198928000,0,0,0,0
1199928000,1199928000,0,0,0,0
1200928000,1200928000,0,0,0,0
1201928000,1201928000,0,0,0,0
1202928000,1202928000,0,0,0,0
1203928000,1203928000,0,0,0,0
1204928000,1204928000,0,0,0,0
1205928000,1205928000,0,0,0,0
1206928000,1206928000,0,0,0,0
1207928000,1207928000,0,0,0,0
1208928000,1208928000,0,0,0,0
1209928000,1209928000,0,0,0,0
1210928000,1210928000,0,0,0,0
1211928000,1211928000,0,0,0,0
1212928000,1212928000,0,0,0,0
1213928000,1213928000,0,0,0,0
1214928000,1214928000,0,0,0,0
1215928000,1215928000,0,0,0,0
1216928000,1216928000,0,0,0,0
1217928000,1217928000,0,0,0,0
1218928000,1218928000,0,0,0,0
1219928000,1219928000,0,0,0,0
1220928000,1220928000,0,0,0,0
1221928000,1221928000,0,0,0,0
1222928000,1222928000,0,0,0,0
1223928000,1223928000,0,0,0,0
1224928000,1224928000,0,0,0,0
1225928000,1225928000,0,0,0,0
1226928000,1226928000,0,0,0,0
1227928000,1227928000,0,0,0,0
1228928000,1228928000,0,0,0,0
1229928000,1229928000,0,0,0,0
1230928000,1230928000,0,0,0,0
1231928000,1231928000,0,0,0,0
1232928000,1232928000,0,0,0,0
1233928000,1233928000,0,0,0,0
1234928000,1234928000,0,0,0,0
1235928000,1235928000,0,0,0,0
1236928000,1236928000,0,0,0,0
1237928000,1237928000,0,0,0,0
1238928000,1238928000,0,0,0,0
1239928000,1239928000,0,0,0,0
1240928000,1240928000,0,0,0,0
1241928000,1241928000,0,0,0,0
1242928000,1242928000,0,0,0,0
1243928000,1243928000,0,0,0,0
1244928000,1244928000,0,0,0,0
1245928000,1245928000,0,0,0,0
1246928000,1246928000,0,0,0,0
1247928000,1247928000,0,0,0,0
1248928000,1248928000,0,0,0,0
1249928000,1249928000,0,0,0,0
1250928000,1250928000,0,0,0,0
1251928000,1251928000,0,0,0,0
1252928000,1252928000,0,0,0,0
1253928000,1253928000,0,0,0,0
1254928000,1254928000,0,0,0,0
1255928000,1255928000,0,0,0,0
1256928000,1256928000,0,0,0,0
1257928000,1257928000,0,0,0,0
1258928000,1258928000,0,0,0,0
1259928000,1259928000,0,0,0,0
1260928000,1260928000,0,0,0,0
1261928000,1261928000,0,0,0,0
1262928000,1262928000,0,0,0,0
1263928000,1263928000,0,0,0,0
1264928000,1264928000,0,0,0,0
1265928000,1265928000,0,0,0,0
1266928000,1266928000,0,0,0,0
1267928000,1267928000,0,0,0,0
1268928000,1268928000,0,0,0,0
1269928000,1269928000,0,0,0,0
1270928000,1270928000,0,0,0,0
1271928000,1271928000,0,0,0,0
1272928000,1272928000,0,0,0,0
1273928000,1273928000,0,0,0,0
1274928000,1274928000,0,0,0,0
1275928000,1275928000,0,0,0,0
1276928000,1276928000,0,0,0,0
1277928000,1277928000,0,0,0,0
1278928000,1278928000,0,0,0,0
1279928000,1279928000,0,0,0,0
1280928000,1280928000,0,0,0,0
1281928000,1281928000,0,0,0,0
1282928000,1282928000,0,0,0,0
1283928000,1283928000,0,0,0,0
1284928000,1284928000,0,0,0,0
1285928000,1285928000,0,0,0,0
1286928000,1286928000,0,0,0,0
1287928000,1287928000,0,0,0,0
1288928000,1288928000,0,0,0,0
1289928000,1289928000,0,0,0,0
1290928000,1290928000,0,0,0,0
1291928000,1291928000,0,0,0,0
1292928000,1292928000,0,0,0,0
1293928000,1293928000,0,0,0,0
1294928000,1294928000,0,0,0,0
1295928000,1295928000,0,0,0,0
1296928000,1296928000,0,0,0,0
1297928000,1297928000,0,0,0,0
1298928000,1298928000,0,0,0,0
1299928000,1299928000,0,0,0,0
1300928000,1300928000,0,0,0,0
1301928000,1301928000,0,0,0,0
1302928000,1302928000,0,0,0,0
1303928000,1303928000,0,0,0,0
1304928000,1304928000,0,0,0,0
1305928000,1305928000,0,0,0,0
1306928000,1306928000,0,0,0,0
1307928000,1307928000,0,0,0,0
1308928000,1308928000,0,0,0,0
1309928000,1309928000,0,0,0,0
1310928000,1310928000,0,0,0,0
1311928000,1311928000,0,0,0,0
1312928000,1312928000,0,0,0,0
1313928000,1313928000,0,0,0,0
1314928000,1314928000,0,0,0,0
1315928000,1315928000,0,0,0,0
1316928000,1316928000,0,0,0,0
1317928000,1317928000,0,0,0,0
1318928000,1318928000,0,0,0,0
1319928000,1319928000,0,0,0,0
1320928000,1320928000,0,0,0,0
1321928000,1321928000,0,0,0,0
1322928000,1322928000,0,0,0,0
1323928000,1323928000,0,0,0,0
1324928000,1324928000,0,0,0,0
1325928000,1325928000,0,0,0,0
1326928000,1326928000,0,0,0,0
1327928000,1327928000,0,0,0,0
1328928000,1328928000,0,0,0,0
1329928000,1329928000,0,0,0,0
1330928000,1330928000,0,0,0,0
1331928000,1331928000,0,0,0,0
1332928000,1332928000,0,0,0,0
1333928000,1333928000,0,0,0,0
1334928000,1334928000,0,0,0,0
1335928000,1335928000,0,0,0,0
1336928000,1336928000,0,0,0,0
1337928000,1337928000,0,0,0,0
1338928000,1338928000,0,0,0,0
1339928000,1339928000,0,0,0,0
1340928000,1340928000,0,0,0,0
1341928000,1341928000,0,0,0,0
1342928000,1342928000,0,0,0,0
1343928000,1343928000,0,0,0,0
1344928000,1344928000,0,0,0,0
1345928000,1345928000,0,0,0,0
1346928000,1346928000,0,0,0,0
1347928000,1347928000,0,0,0,0
1348928000,1348928000,0,0,0,0
1349928000,1349928000,0,0,0,0
1350928000,1350928000,0,0,0,0
1351928000,1351928000,0,0,0,0
1352928000,1352928000,0,0,0,0
1353928000,1353928000,0,0,0,0
1354928000,1354928000,0,0,0,0
1355928000,1355928000,0,0,0,0
1356928000,1356928000,0,0,0,0
1357928000,1357928000,0,0,0,0
1358928000,1358928000,0,0,0,0
1359928000,1359928000,0,0,0,0
1360928000,1360928000,0,0,0,0
1361928000,1361928000,0,0,0,0
1362928000,1362928000,0,0,0,0
1363928000,1363928000,0,0,0,0
1364928000,1364928000,0,0,0,0
1365928000,1365928000,0,0,0,0
1366928000,1366928000,0,0,0,0
1367928000,1367928000,0,0,0,0
1368928000,1368928000,0,0,0,0
1369928000,1369928000,0,0,0,0
1370928000,1370928000,0,0,0,0
1371928000,1371928000,0,0,0,0
1372928000,1372928000,0,0,0,0
1373928000,1373928000,0,0,0,0
1374928000,1374928000,0,0,0,0
1375928000,1375928000,0,0,0,0
1376928000,1376928000,0,0,0,0
1377928000,1377928000,0,0,0,0
1378928000,1378928000,0,0,0,0
1379928000,1379928000,0,0,0,0
1380928000,1380928000,0,0,0,0
1381928000,1381928000,0,0,0,0
1382928000,1382928000,0,0,0,0
1383928000,1383928000,0,0,0,0
1384928000,1384928000,0,0,0,0
1385928000,1385928000,0,0,0,0
1386928000,1386928000,0,0,0,0
1387928000,1387928000,0,0,0,0
1388928000,1388928000,0,0,0,0
1389928000,1389928000,0,0,0,0
1390928000,1390928000,0,0,0,0
1391928000,1391928000,0,0,0,0
1392928000,1392928000,0,0,0,0
1393928000,1393928000,0,0,0,0
1394928000,1394928000,0,0,0,0
1395928000,1395928000,0,0,0,0
1396928000,1396928000,0,0,0,0
1397928000,1397928000,0,0,0,0
1398928000,1398928000,0,0,0,0
1399928000,1399928000,0,0,0,0
1400928000,1400928000,0,0,0,0
1401928000,1401928000,0,0,0,0
1402928000,1402928000,0,0,0,0
1403928000,1403928000,0,0,0,0
1404928000,1404928000,0,0,0,0
1405928000,1405928000,0,0,0,0
1406928000,1406928000,0,0,0,0
1407928000,1407928000,0,0,0,0
1408928000,1408928000,0,0,0,0
1409928000,1409928000,0,0,0,0
1410928000,1410928000,0,0,0,0
1411928000,1411928000,0,0,0,0
1412928000,1412928000,0,0,0,0
1413928000,1413928000,0,0,0,0
1414928000,1414928000,0,0,0,0
1415928000,1415928000,0,0,0,0
1416928000,1416928000,0,0,0,0
1417928000,1417928000,0,0,0,0
1418928000,1418928000,0,0,0,0
1419928000,1419928000,0,0,0,0
1420928000,1420928000,0,0,0,0
1421928000,1421928000,0,0,0,0
1422928000,1422928000,0,0,0,0
1423928000,1423928000,0,0,0,0
1424928000,1424928000,0,0,0,0
1425928000,1425928000,0,0,0,0
1426928000,1426928000,0,0,0,0
1427928000,1427928000,0,0,0,0
1428928000,1428928000,0,0,0,0
1429928000,1429928000,0,0,0,0
1430928000,1430928000,0,0,0,0
1431928000,1431928000,0,0,0,0
1432928000,1432928000,0,0,0,0
1433928000,1433928000,0,0,0,0
1434928000,1434928000,0,0,0,0
1435928000,1435928000,0,0,0,0
1436928000,1436928000,0,0,0,0
1437928000,1437928000,0,0,0,0
1438928000,1438928000,0,0,0,0
1439928000,1439928000,0,0,0,0
1440928000,1440928000,0,0,0,0
1441928000,1441928000,0,0,0,0
1442928000,1442928000,0,0,0,0
1443928000,1443928000,0,0,0,0
1444928000,1444928000,0,0,0,0
1445928000,1445928000,0,0,0,0
1446928000,1446928000,0,0,0,0
1447928000,1447928000,0,0,0,0
1448928000,1448928000,0,0,0,0
1449928000,1449928000,0,0,0,0
1450928000,1450928000,0,0,0,0
1451928000,1451928000,0,0,0,0
1452928000,1452928000,0,0,0,0
1453928000,1453928000,0,0,0,0
1454928000,1454928000,0,0,0,0
1455928000,1455928000,0,0,0,0
1456928000,1456928000,0,0,0,0
1457928000,1457928000,0,0,0,0
1458928000,1458928000,0,0,0,0
1459928000,1459928000,0,0,0,0
1460928000,1460928000,0,0,0,0
1461928000,1461928000,0,0,0,0
1462928000,1462928000,0,0,0,0
1463928000,1463928000,0,0,0,0
1464928000,1464928000,0,0,0,0
1465928000,1465928000,0,0,0,0
1466928000,1466928000,0,0,0,0
1467928000,1467928000,0,0,0,0
1468928000,1468928000,0,0,0,0
1469928000,1469928000,0,0,0,0
1470928000,1470928000,0,0,0,0
1471928000,1471928000,0,0,0,0
1472928000,1472928000,0,0,0,0
1473928000,1473928000,0,0,0,0
1474928000,1474928000,0,0,0,0
1475928000,1475928000,0,0,0,0
1476928000,1476928000,0,0,0,0
1477928000,1477928000,0,0,0,0
1478928000,1478928000,0,0,0,0
1479928000,1479928000,0,0,0,0
1480928000,1480928000,0,0,0,0
1481928000,1481928000,0,0,0,0
1482928000,1482928000,0,0,0,0
1483928000,1483928000,0,0,0,0
1484928000,1484928000,0,0,0,0
1485928000,1485928000,0,0,0,0
1486928000,1486928000,0,0,0,0
1487928000,1487928000,0,0,0,0
1488928000,1488928000,0,0,0,0
1489928000,1489928000,0,0,0,0
1490928000,1490928000,0,0,0,0
1491928000,1491928000,0,0,0,0
1492928000,1492928000,0,0,0,0
1493928000,1493928000,0,0,0,0
1494928000,1494928000,0,0,0,0
1495928000,1495928000,0,0,0,0
1496928000,1496928000,0,0,0,0
1497928000,1497928000,0,0,0,0
1498928000,1498928000,0,0,0,0
1499928000,1499928000,0,0,0,0
1500928000,1500928000,0,0,0,0
1501928000,1501928000,0,0,0,0
1502928000,1502928000,0,0,0,0
1503928000,1503928000,0,0,0,0
1504928000,1504928000,0,0,0,0
1505928000,1505928000,0,0,0,0
1506928000,1506928000,0,0,0,0
1507928000,1507928000,0,0,0,0
1508928000,1508928000,0,0,0,0
1509928000,1509928000,0,0,0,0
1510928000,1510928000,0,0,0,0
1511928000,1511928000,0,0,0,0
1512928000,1512928000,0,0,0,0
1513928000,1513928000,0,0,0,0
1514928000,1514928000,0,0,0,0
1515928000,1515928000,0,0,0,0
1516928000,1516928000,0,0,0,0
1517928000,1517928000,0,0,0,0
1518928000,1518928000,0,0,0,0
1519928000,1519928000,0,0,0,0
1520928000,1520928000,0,0,0,0
1521928000,1521928000,0,0,0,0
1522928000,1522928000,0,0,0,0
1523928000,1523928000,0,0,0,0
1524928000,1524928000,0,0,0,0
1525928000,1525928000,0,0,0,0
1526928000,1526928000,0,0,0,0
1527928000,1527928000,0,0,0,0
1528928000,1528928000,0,0,0,0
1529928000,1529928000,0,0,0,0
1530928000,1530928000,0,0,0,0
1531928000,1531928000,0,0,0,0
1532928000,1532928000,0,0,0,0
1533928000,1533928000,0,0,0,0
1534928000,1534928000,0,0,0,0
1535928000,1535928000,0,0,0,0
1536928000,1536928000,0,0,0,0
1537928000,1537928000,0,0,0,0
1538928000,1538928000,0,0,0,0
1539928000,1539928000,0,0,0,0
1540928000,1540928000,0,0,0,0
1541928000,1541928000,0,0,0,0
1542928000,1542928000,0,0,0,0
1543928000,1543928000,0,0,0,0
1544928000,1544928000,0,0,0,0
1545928000,1545928000,0,0,0,0
1546928000,1546928000,0,0,0,0
1547928000,1547928000,0,0,0,0
1548928000,1548928000,0,0,0,0
1549928000,1549928000,0,0,0,0
1550928000,1550928000,0,0,0,0
1551928000,1551928000,0,0,0,0
1552928000,1552928000,0,0,0,0
1553928000,1553928000,0,0,0,0
1554928000,1554928000,0,0,0,0
1555928000,1555928000,0,0,0,0
1556928000,1556928000,0,0,0,0
1557928000,1557928000,0,0,0,0
1558928000,1558928000,0,0,0,0
1559928000,1559928000,0,0,0,0
1560928000,1560928000,0,0,0,0
1561928000,1561928000,0,0,0,0
1562928000,1562928000,0,0,0,0
1563928000,1563928000,0,0,0,0
1564928000,1564928000,0,0,0,0
1565928000,1565928000,0,0,0,0
1566928000,1566928000,0,0,0,0
1567928000,1567928000,0,0,0,0
1568928000,1568928000,0,0,0,0
1569928000,1569928000,0,0,0,0
1570928000,1570928000,0,0,0,0
1571928000,1571928000,0,0,0,0
1572928000,1572928000,0,0,0,0
1573928000,1573928000,0,0,0,0
1574928000,1574928000,0,0,0,0
1575928000,1575928000,0,0,0,0
1576928000,1576928000,0,0,0,0
1577928000,1577928000,0,0,0,0
1578928000,1578928000,0,0,0,0
1579928000,1579928000,0,0,0,0
1580928000,1580928000,0,0,0,0
1581928000,1581928000,0,0,0,0
1582928000,1582928000,0,0,0,0
1583928000,1583928000,0,0,0,0
1584928000,1584928000,0,0,0,0
1585928000,1585928000,0,0,0,0
1586928000,1586928000,0,0,0,0
1587928000,1587928000,0,0,0,0
1588928000,1588928000,0,0,0,0
1589928000,1589928000,0,0,0,0
1590928000,1590928000,0,0,0,0
1591928000,1591928000,0,0,0,0
1592928000,1592928000,0,0,0,0
1593928000,1593928000,0,0,0,0
1594928000,1594928000,0,0,0,0
1595928000,1595928000,0,0,0,0
1596928000,1596928000,0,0,0,0
1597928000,1597928000,0,0,0,0
1598928000,1598928000,0,0,0,0
1599928000,1599928000,0,0,0,0
1600928000,1600928000,0,0,0,0
1601928000,1601928000,0,0,0,0
1602928000,1602928000,0,0,0,0
1603928000,1603928000,0,0,0,0
1604928000,1604928000,0,0,0,0
1605928000,1605928000,0,0,0,0
1606928000,1606928000,0,0,0,0
1607928000,1607928000,0,0,0,0
1608928000,1608928000,0,0,0,0
1609928000,1609928000,0,0,0,0
1610928000,1610928000,0,0,0,0
1611928000,1611928000,0,0,0,0
1612928000,1612928000,0,0,0,0
1613928000,1613928000,0,0,0,0
1614928000,1614928000,0,0,0,0
1615928000,1615928000,0,0,0,0
1616928000,1616928000,0,0,0,0
1617928000,1617928000,0,0,0,0
1618928000,1618928000,0,0,0,0
1619928000,1619928000,0,0,0,0
1620928000,1620928000,0,0,0,0
1621828000,1621828000,0,0,0,0
1622828000,1622828000,0,0,0,0
1623828000,1623828000,0,0,0,0
1624828000,1624828000,0,0,0,0
1625828000,1625828000,0,0,0,0
1626828000,1626828000,0,0,0,0
1627828000,1627828000,0,0,0,0
1628828000,1628828000,0,0,0,0
1629828000,1629828000,0,0,0,0
1630828000,1630828000,0,0,0,0
1631828000,1631828000,0,0,0,0
1632828000,1632828000,0,0,0,0
1633828000,1633828000,0,0,0,0
1634828000,1634828000,0,0,0,0
1635828000,1635828000,0,0,0,0
1636828000,1636828000,0,0,0,0
1637828000,1637828000,0,0,0,0
1638828000,1638828000,0,0,0,0
1639828000,1639828000,0,0,0,0
1640828000,1640828000,0,0,0,0
1641828000,1641828000,0,0,0,0
1642828000,1642828000,0,0,0,0
1643828000,1643828000,0,0,0,0
1644828000,1644828000,0,0,0,0
1645828000,1645828000,0,0,0,0
1646828000,1646828000,0,0,0,0
1647828000,1647828000,0,0,0,0
1648828000,1648828000,0,0,0,0
1649828000,1649828000,0,0,0,0
1650828000,1650828000,0,0,0,0
1651828000,1651828000,0,0,0,0
1652828000,1652828000,0,0,0,0
1653828000,1653828000,0,0,0,0
1654828000,1654828000,0,0,0,0
1655828000,1655828000,0,0,0,0
1656828000,1656828000,0,0,0,0
1657828000,1657828000,0,0,0,0
1658828000,1658828000,0,0,0,0
1659828000,1659828000,0,0,0,0
1660828000,1660828000,0,0,0,0
1661828000,1661828000,0,0,0,0
1662828000,1662828000,0,0,0,0
1663828000,1663828000,0,0,0,0
1664828000,1664828000,0,0,0,0
1665828000,1665828000,0,0,0,0
1666828000,1666828000,0,0,0,0
1667828000,1667828000,0,0,0,0
1668828000,1668828000,0,0,0,0
1669828000,1669828000,0,0,0,0
1670828000,1670828000,0,0,0,0
1671828000,1671828000,0,0,0,0
1672828000,1672828000,0,0,0,0
1673828000,1673828000,0,0,0,0
1674828000,1674828000,0,0,0,0
1675828000,1675828000,0,0,0,0
1676828000,1676828000,0,0,0,0
1677828000,1677828000,0,0,0,0
1678828000,1678828000,0,0,0,0
1679828000,1679828000,0,0,0,0
1680828000,1680828000,0,0,0,0
1681828000,1681828000,0,0,0,0
1682828000,1682828000,0,0,0,0
1683828000,1683828000,0,0,0,0
1684828000,1684828000,0,0,0,0
1685828000,1685828000,0,0,0,0
1686828000,1686828000,0,0,0,0
1687828000,1687828000,0,0,0,0
1688828000,1688828000,0,0,0,0
1689828000,1689828000,0,0,0,0
1690828000,1690828000,0,0,0,0
1691828000,1691828000,0,0,0,0
1692828000,1692828000,0,0,0,0
1693828000,1693828000,0,0,0,0
1694828000,1694828000,0,0,0,0
1695828000,1695828000,0,0,0,0
1696828000,1696828000,0,0,0,0
1697828000,1697828000,0,0,0,0
1698828000,1698828000,0,0,0,0
1699828000,1699828000,0,0,0,0
1700828000,1700828000,0,0,0,0
1701828000,1701828000,0,0,0,0
1702828000,1702828000,0,0,0,0
1703828000,1703828000,0,0,0,0
1704828000,1704828000,0,0,0,0
1705828000,1705828000,0,0,0,0
1706828000,1706828000,0,0,0,0
1707828000,1707828000,0,0,0,0
1708828000,1708828000,0,0,0,0
1709828000,1709828000,0,0,0,0
1710828000,1710828000,0,0,0,0
1711828000,1711828000,0,0,0,0
1712828000,1712828000,0,0,0,0
1713828000,1713828000,0,0,0,0
1714828000,1714828000,0,0,0,0
1715828000,1715828000,0,0,0,0
1716828000,1716828000,0,0,0,0
1717828000,1717828000,0,0,0,0
1718828000,1718828000,0,0,0,0
1719828000,1719828000,0,0,0,0
1720828000,1720828000,0,0,0,0
1721828000,1721828000,0,0,0,0
1722828000,1722828000,0,0,0,0
1723828000,1723828000,0,0,0,0
1724828000,1724828000,0,0,0,0
1725828000,1725828000,0,0,0,0
1726828000,1726828000,0,0,0,0
1727828000,1727828000,0,0,0,0
1728828000,1728828000,0,0,0,0
1729828000,1729828000,0,0,0,0
1730828000,1730828000,0,0,0,0
1731828000,1731828000,0,0,0,0
1732828000,1732828000,0,0,0,0
1733828000,1733828000,0,0,0,0
1734828000,1734828000,0,0,0,0
1735828000,1735828000,0,0,0,0
1736828000,1736828000,0,0,0,0
1737828000,1737828000,0,0,0,0
1738828000,1738828000,0,0,0,0
1739828000,1739828000,0,0,0,0
1740828000,1740828000,0,0,0,0
1741828000,1741828000,0,0,0,0
1742828000,1742828000,0,0,0,0
1743828000,1743828000,0,0,0,0
1744828000,1744828000,0,0,0,0
1745828000,1745828000,0,0,0,0
1746828000,1746828000,0,0,0,0
1747828000,1747828000,0,0,0,0
1748828000,1748828000,0,0,0,0
1749828000,1749828000,0,0,0,0
1750828000,1750828000,0,0,0,0
1751828000,1751828000,0,0,0,0
1752828000,1752828000,0,0,0,0
1753828000,1753828000,0,0,0,0
1754828000,1754828000,0,0,0,0
1755828000,1755828000,0,0,0,0
1756828000,1756828000,0,0,0,0
1757828000,1757828000,0,0,0,0
1758828000,1758828000,0,0,0,0
1759828000,1759828000,0,0,0,0
1760828000,1760828000,0,0,0,0
1761828000,1761828000,0,0,0,0
1762828000,1762828000,0,0,0,0
1763828000,1763828000,0,0,0,0
1764828000,1764828000,0,0,0,0
1765828000,1765828000,0,0,0,0
1766828000,1766828000,0,0,0,0
1767828000,1767828000,0,0,0,0
1768828000,1768828000,0,0,0,0
1769828000,1769828000,0,0,0,0
1770828000,1770828000,0,0,0,0
1771828000,1771828000,0,0,0,0
1772828000,1772828000,0,0,0,0
1773828000,1773828000,0,0,0,0
1774828000,1774828000,0,0,0,0
1775828000,1775828000,0,0,0,0
1776828000,1776828000,0,0,0,0
1777828000,1777828000,0,0,0,0
1778828000,1778828000,0,0,0,0
1779828000,1779828000,0,0,0,0
1780828000,1780828000,0,0,0,0
1781828000,1781828000,0,0,0,0
1782828000,1782828000,0,0,0,0
1783828000,1783828000,0,0,0,0
1784828000,1784828000,0,0,0,0
1785828000,1785828000,0,0,0,0
1786828000,1786828000,0,0,0,0
1787828000,1787828000,0,0,0,0
1788828000,1788828000,0,0,0,0
1789828000,1789828000,0,0,0,0
1790828000,1790828000,0,0,0,0
1791828000,1791828000,0,0,0,0
1792828000,1792828000,0,0,0,0
1793828000,1793828000,0,0,0,0
1794828000,1794828000,0,0,0,0
1795828000,1795828000,0,0,0,0
1796828000,1796828000,0,0,0,0
1797828000,1797828000,0,0,0,0
1798828000,1798828000,0,0,0,0
1799828000,1799828000,0,0,0,0
1800828000,1800828000,0,0,0,0
1801828000,1801828000,0,0,0,0
1802828000,1802828000,0,0,0,0
1803828000,1803828000,0,0,0,0
1804828000,1804828000,0,0,0,0
1805828000,1805828000,0,0,0,0
1806828000,1806828000,0,0,0,0
1807828000,1807828000,0,0,0,0
1808828000,1808828000,0,0,0,0
1809828000,1809828000,0,0,0,0
1810828000,1810828000,0,0,0,0
1811828000,1811828000,0,0,0,0
1812828000,1812828000,0,0,0,0
1813828000,1813828000,0,0,0,0
1814828000,1814828000,0,0,0,0
1815828000,1815828000,0,0,0,0
1816828000,1816828000,0,0,0,0
1817828000,1817828000,0,0,0,0
1818828000,1818828000,0,0,0,0
1819828000,1819828000,0,0,0,0
1820828000,1820828000,0,0,0,0
1821828000,1821828000,0,0,0,0
1822828000,1822828000,0,0,0,0
1823828000,1823828000,0,0,0,0
1824828000,1824828000,0,0,0,0
1825828000,1825828000,0,0,0,0
1826828000,1826828000,0,0,0,0
1827828000,1827828000,0,0,0,0
1828828000,1828828000,0,0,0,0
1829828000,1829828000,0,0,0,0
1830828000,1830828000,0,0,0,0
1831828000,1831828000,0,0,0,0
1832828000,1832828000,0,0,0,0
1833828000,1833828000,0,0,0,0
1834828000,1834828000,0,0,0,0
1835828000,1835828000,0,0,0,0
1836828000,1836828000,0,0,0,0
1837828000,1837828000,0,0,0,0
1838828000,1838828000,0,0,0,0
1839828000,1839828000,0,0,0,0
1840828000,1840828000,0,0,0,0
1841828000,1841828000,0,0,0,0
1842828000,1842828000,0,0,0,0
1843828000,1843828000,0,0,0,0
1844828000,1844828000,0,0,0,0
1845828000,1845828000,0,0,0,0
1846828000,1846828000,0,0,0,0
1847828000,1847828000,0,0,0,0
1848828000,1848828000,0,0,0,0
1849828000,1849828000,0,0,0,0
1850828000,1850828000,0,0,0,0
1851828000,1851828000,0,0,0,0
1852828000,1852828000,0,0,0,0
1853828000,1853828000,0,0,0,0
1854828000,1854828000,0,0,0,0
1855828000,1855828000,0,0,0,0
1856828000,1856828000,0,0,0,0
1857828000,1857828000,0,0,0,0
1858828000,1858828000,0,0,0,0
1859828000,1859828000,0,0,0,0
1860828000,1860828000,0,0,0,0
1861828000,1861828000,0,0,0,0
1862828000,1862828000,0,0,0,0
1863828000,1863828000,0,0,0,0
1864828000,1864828000,0,0,0,0
1865828000,1865828000,0,0,0,0
1866828000,1866828000,0,0,0,0
1867828000,1867828000,0,0,0,0
1868828000,1868828000,0,0,0,0
1869828000,1869828000,0,0,0,0
1870828000,1870828000,0,0,0,0
1871828000,1871828000,0,0,0,0
1872828000,1872828000,0,0,0,0
1873828000,1873828000,0,0,0,0
1874828000,1874828000,0,0,0,0
1875828000,1875828000,0,0,0,0
1876828000,1876828000,0,0,0,0
1877828000,1877828000,0,0,0,0
1878828000,1878828000,0,0,0,0
1879828000,1879828000,0,0,0,0
1880828000,1880828000,0,0,0,0
1881828000,1881828000,0,0,0,0
1882828000,1882828000,0,0,0,0
1883828000,1883828000,0,0,0,0
1884828000,1884828000,0,0,0,0
1885828000,1885828000,0,0,0,0
1886828000,1886828000,0,0,0,0
1887828000,1887828000,0,0,0,0
1888828000,1888828000,0,0,0,0
1889828000,1889828000,0,0,0,0
1890828000,1890828000,0,0,0,0
1891828000,1891828000,0,0,0,0
1892828000,1892828000,0,0,0,0
1893828000,1893828000,0,0,0,0
1894828000,1894828000,0,0,0,0
1895828000,1895828000,0,0,0,0
1896828000,1896828000,0,0,0,0
1897828000,1897828000,0,0,0,0
1898828000,1898828000,0,0,0,0
1899828000,1899828000,0,0,0,0
1900828000,1900828000,0,0,0,0
1901828000,1901828000,0,0,0,0
1902828000,1902828000,0,0,0,0
1903828000,1903828000,0,0,0,0
1904828000,1904828000,0,0,0,0
1905828000,1905828000,0,0,0,0
1906828000,1906828000,0,0,0,0
1907828000,1907828000,0,0,0,0
1908828000,1908828000,0,0,0,0
1909828000,1909828000,0,0,0,0
1910828000,1910828000,0,0,0,0
1911828000,1911828000,0,0,0,0
1912828000,1912828000,0,0,0,0
1913828000,1913828000,0,0,0,0
1914828000,1914828000,0,0,0,0
1915828000,1915828000,0,0,0,0
1916828000,1916828000,0,0,0,0
1917828000,1917828000,0,0,0,0
1918828000,1918828000,0,0,0,0
1919828000,1919828000,0,0,0,0
1920828000,1920828000,0,0,0,0
1921828000,1921828000,0,0,0,0
1922828000,1922828000,0,0,0,0
1923828000,1923828000,0,0,0,0
1924828000,1924828000,0,0,0,0
1925828000,1925828000,0,0,0,0
1926828000,1926828000,0,0,0,0
1927828000,1927828000,0,0,0,0
1928828000,1928828000,0,0,0,0
1929828000,1929828000,0,0,0,0
1930828000,1930828000,0,0,0,0
1931828000,1931828000,0,0,0,0
1932828000,1932828000,0,0,0,0
1933828000,1933828000,0,0,0,0
1934828000,1934828000,0,0,0,0
1935828000,1935828000,0,0,0,0
1936828000,1936828000,0,0,0,0
1937828000,1937828000,0,0,0,0
