timestamp,load,ram_usage
123372000,0.10526316,0.11675861
123872000,0.16,0.11699268
124372000,0.12,0.11700759
124872000,0.14,0.11700709
125372000,0.16,0.1170225
125872000,0.12,0.11712811
126372000,0.14,0.11722204
126872000,0.14,0.1172531
127372000,0.12,0.11725285
127872000,0.14,0.11726826
128372000,0.12,0.11728143
128872000,0.14,0.11728143
129372000,0.14,0.1174422
129872000,0.14,0.11748867
130372000,0.14,0.11755079
130872000,0.12,0.117588066
131372000,0.16,0.11747426
131872000,0.12,0.11753489
132372000,0.14,0.11759676
132872000,0.12,0.11762782
133372000,0.12,0.1176723
133872000,0.14,0.11771877
134372000,0.12,0.11776499
134872000,0.14,0.11779605
135372000,0.14,0.117887
135872000,0.14,0.11791756
136372000,0.12,0.11797919
136872000,0.14,0.11802591
137372000,0.12,0.11807188
137872000,0.16,0.11810244
138372000,0.14,0.118149154
138872000,0.1,0.11821053
139372000,0.14,0.11825725
139872000,0.14,0.1184133
140372000,0.14,0.11834646
140872000,0.14,0.118392676
141372000,0.16,0.118455045
141872000,0.12,0.1184789
142372000,0.12,0.11856736
142872000,0.12,0.118613586
143372000,0.12,0.1186598
143872000,0.14,0.11870577
144372000,0.12,0.11878206
144872000,0.12,0.11878206
145372000,0.12,0.11881312
145872000,0.12,0.118843436
146372000,0.12,0.11892072
146872000,0.14,0.11893538
147372000,0.14,0.11893513
147872000,0.14,0.11893041
148372000,0.14,0.11893016
148872000,0.1,0.11896122
149372000,0.14,0.11902061
149872000,0.12,0.119031295
150372000,0.14,0.119077265
150872000,0.12,0.11910833
151372000,0.12,0.11910808
151872000,0.14,0.1191384
152372000,0.12,0.11915206
152872000,0.12,0.119165726
153372000,0.14,0.11917592
153872000,0.12,0.11923829
154372000,0.14,0.1192691
154872000,0.12,0.11933147
155372000,0.12,0.11936253
155872000,0.14,0.11942441
156372000,0.12,0.11946938
156872000,0.14,0.1194997
157372000,0.1,0.11953076
157872000,0.16,0.119577475
158372000,0.14,0.11963861
158872000,0.08,0.11971614
159372000,0.12,0.1197472
159872000,0.14,0.11976211
160372000,0.12,0.11994102
160872000,0.12,0.11982299
161372000,0.12,0.11989927
161872000,0.14,0.119929835
162372000,0.14,0.119953446
162872000,0.12,0.11995319
163372000,0.14,0.119984254
163872000,0.14,0.11998401
164372000,0.14,0.120014325
164872000,0.14,0.120107755
165372000,0.14,0.12013087
165872000,0.14,0.120162174
166372000,0.14,0.1202243
166872000,0.14,0.12023995
167372000,0.1,0.12031549
167872000,0.14,0.1203468
168372000,0.14,0.120377615
168872000,0.14,0.12043949
169372000,0.12,0.12045489
169872000,0.12,0.12048621
170372000,0.14,0.12078116
170872000,0.12,0.12081222
171372000,0.12,0.1208741
171872000,0.14,0.12093945
172372000,0.12,0.12098666
172872000,0.14,0.12101798
173372000,0.12,0.12103263
173872000,0.14,0.12090267
174372000,0.14,0.12097871
174872000,0.12,0.12104108
175372000,0.14,0.12111837
175872000,0.16,0.12111837
176372000,0.12,0.121149674
176872000,0.14,0.12118098
177372000,0.14,0.12124286
177872000,0.16,0.12130523
178372000,0.14,0.12136785
178872000,0.14,0.12141432
179372000,0.16,0.12147693
179872000,0.14,0.12153906
180372000,0.12,0.12160143
180872000,0.14,0.12181538
181372000,0.14,0.121862344
181872000,0.14,0.12190931
182372000,0.12,0.12197143
182872000,0.12,0.12203405
183372000,0.16,0.12211307
183872000,0.14,0.12217544
184372000,0.14,0.12285183
184872000,0.12,0.1229142
185372000,0.12,0.122976825
185872000,0.08,0.12303919
186372000,0.14,0.12310156
186872000,0.16,0.12310132
187372000,0.12,0.123241715
187872000,0.14,0.12330235
188372000,0.14,0.12339628
188872000,0.14,0.1234584
189372000,0.16,0.12353642
189872000,0.14,0.12358289
190372000,0.14,0.12362985
190872000,0.14,0.12379187
191372000,0.14,0.12387015
191872000,0.14,0.12376901
192372000,0.1,0.123865925
192872000,0.14,0.12394345
193372000,0.14,0.12397402
193872000,0.14,0.12405055
194372000,0.14,0.124097265
194872000,0.14,0.124143235
195372000,0.16,0.12418995
195872000,0.14,0.12425158
196372000,0.14,0.12431395
196872000,0.14,0.12437458
197372000,0.14,0.124421544
197872000,0.14,0.12448317
198372000,0.14,0.1245612
198872000,0.14,0.12460717
199372000,0.16,0.12471476
199872000,0.14,0.12474508
200372000,0.14,0.1248077
200872000,0.12,0.12488349
201372000,0.16,0.124912314
201872000,0.12,0.12504575
202372000,0.14,0.12504575
202872000,0.14,0.12507607
203372000,0.14,0.1251054
203872000,0.14,0.125212
204372000,0.14,0.12525871
204872000,0.14,0.12528902
205372000,0.14,0.12535089
205872000,0.14,0.12539712
206372000,0.14,0.12547465
206872000,0.14,0.12552062
207372000,0.16,0.125583
207872000,0.14,0.12565754
208372000,0.12,0.1257045
208872000,0.14,0.12578154
209372000,0.14,0.1258275
209872000,0.14,0.12585807
210372000,0.12,0.12593609
210872000,0.14,0.12599821
211372000,0.14,0.1258618
211872000,0.14,0.12592366
212372000,0.12,0.12600194
212872000,0.14,0.12600194
213372000,0.14,0.12606382
213872000,0.12,0.1261098
214372000,0.14,0.12617216
214872000,0.14,0.12623379
215372000,0.16,0.12630883
215872000,0.14,0.1263399
216372000,0.14,0.12637046
216872000,0.14,0.12641717
217372000,0.14,0.12641643
217872000,0.14,0.12644748
218372000,0.14,0.12655458
218872000,0.14,0.12660155
219372000,0.12,0.12664777
219872000,0.14,0.12669474
220372000,0.16,0.12674071
220872000,0.14,0.12677152
221372000,0.16,0.12683314
221872000,0.14,0.12713233
222372000,0.12,0.1271942
222872000,0.14,0.12728763
223372000,0.1,0.12736566
223872000,0.14,0.12742753
224372000,0.12,0.12745884
224872000,0.14,0.12649222
225372000,0.14,0.12655483
225872000,0.1,0.12669572
226372000,0.1,0.1267894
226872000,0.12,0.12681277
227372000,0.16,0.12681277
227872000,0.14,0.12684408
228372000,0.14,0.12692161
228872000,0.16,0.12696758
229372000,0.14,0.12704585
229872000,0.16,0.12709257
230372000,0.14,0.12715444
230872000,0.14,0.12721705
231372000,0.14,0.12724838
231872000,0.14,0.12737411
232372000,0.14,0.12746605
232872000,0.14,0.12752643
233372000,0.16,0.12758905
233872000,0.14,0.12767752
234372000,0.16,0.12770882
234872000,0.14,0.1277871
235372000,0.16,0.12784971
235872000,0.16,0.12788102
236372000,0.16,0.12794365
236872000,0.14,0.12800626
237372000,0.16,0.12805149
237872000,0.16,0.12806664
238372000,0.16,0.12815884
238872000,0.14,0.12819014
239372000,0.14,0.12828408
239872000,0.18,0.12834644
240372000,0.1,0.12840907
240872000,0.08,0.12847169
241372000,0.1,0.12956057
241872000,0.12,0.1294306
242372000,0.1,0.12957945
242872000,0.1,0.12961076
243372000,0.1,0.12970495
243872000,0.1,0.12973626
244372000,0.12,0.12981428
244872000,0.1,0.12984534
245372000,0.08,0.12989827
245872000,0.1,0.12992959
246372000,0.1,0.1299922
246872000,0.1,0.13002351
247372000,0.1,0.13002351
247872000,0.08,0.13004737
248372000,0.1,0.13010974
248872000,0.1,0.1301408
249372000,0.1,0.13018776
249872000,0.08,0.13017112
250372000,0.1,0.13023373
250872000,0.08,0.1303115
251372000,0.1,0.13037363
251872000,0.1,0.13040495
252372000,0.08,0.130436
252872000,0.1,0.130436
253372000,0.1,0.130436
253872000,0.08,0.13048223
254372000,0.1,0.13058932
254872000,0.08,0.13058932
255372000,0.08,0.13065119
255872000,0.1,0.13068251
256372000,0.1,0.13069667
256872000,0.08,0.13075905
257372000,0.1,0.1308055
257872000,0.08,0.13083658
258372000,0.08,0.13079035
258872000,0.1,0.13088278
259372000,0.08,0.13094491
259872000,0.1,0.13099162
260372000,0.06,0.13103735
260872000,0.08,0.13109799
261372000,0.1,0.13115986
261872000,0.08,0.13127714
262372000,0.12,0.13233247
262872000,0.1,0.13202013
263372000,0.06,0.13208051
263872000,0.08,0.13211133
264372000,0.1,0.13217345
264872000,0.06,0.13223532
265372000,0.08,0.1322977
265872000,0.08,0.13232875
266372000,0.1,0.13239112
266872000,0.12,0.132453
267372000,0.1,0.13249896
267872000,0.08,0.13256109
268372000,0.1,0.13262172
268872000,0.1,0.1326836
269372000,0.1,0.13283269
269872000,0.1,0.13289432
270372000,0.08,0.13290948
270872000,0.12,0.13295296
271372000,0.08,0.13285953
271872000,0.1,0.1329214
272372000,0.1,0.13296737
272872000,0.08,0.13304392
273372000,0.1,0.13310628
273872000,0.12,0.1331525
274372000,0.08,0.13319896
274872000,0.1,0.13324493
275372000,0.08,0.13330731
275872000,0.08,0.13333787
276372000,0.1,0.1333821
276872000,0.1,0.13339727
277372000,0.1,0.13344347
277872000,0.1,0.133521
278372000,0.08,0.13353641
278872000,0.1,0.13355133
279372000,0.08,0.13361394
279872000,0.08,0.13367432
280372000,0.1,0.13372129
280872000,0.1,0.13376726
281372000,0.12,0.13369173
281872000,0.1,0.13373744
282372000,0.08,0.13380006
282872000,0.12,0.13386169
283372000,0.08,0.13404234
283872000,0.1,0.13412012
284372000,0.08,0.13415143
284872000,0.1,0.13424686
285372000,0.08,0.13427816
285872000,0.1,0.13432512
286372000,0.12,0.13437185
286872000,0.1,0.13440315
287372000,0.08,0.13446577
287872000,0.1,0.13452789
288372000,0.08,0.1345592
288872000,0.1,0.13462183
289372000,0.1,0.13465314
289872000,0.08,0.13468419
290372000,0.1,0.13474657
290872000,0.1,0.13477787
291372000,0.08,0.13480918
291872000,0.1,0.1349138
292372000,0.08,0.13496076
292872000,0.1,0.13502288
293372000,0.1,0.13508525
293872000,0.1,0.1351362
294372000,0.1,0.13516751
294872000,0.08,0.13519882
295372000,0.08,0.13526069
295872000,0.1,0.13530691
296372000,0.08,0.13535388
296872000,0.08,0.13540083
297372000,0.1,0.13546097
297872000,0.1,0.13553876
298372000,0.1,0.13558447
298872000,0.1,0.13564685
299372000,0.08,0.13572487
299872000,0.12,0.13577133
300372000,0.1,0.13580264
300872000,0.08,0.13586527
301372000,0.12,0.13592665
301872000,0.1,0.13598926
302372000,0.1,0.13603549
302872000,0.12,0.13608244
303372000,0.06,0.13615997
303872000,0.12,0.13623825
304372000,0.08,0.13628472
304872000,0.1,0.13634685
305372000,0.08,0.13694943
305872000,0.08,0.13698074
306372000,0.1,0.13707443
306872000,0.08,0.13710573
307372000,0.1,0.13723792
307872000,0.08,0.13726899
308372000,0.1,0.13719246
308872000,0.1,0.13723867
309372000,0.1,0.13728538
309872000,0.08,0.1373316
310372000,0.08,0.13740988
310872000,0.1,0.13745685
311372000,0.08,0.13748741
311872000,0.08,0.13755003
312372000,0.1,0.1376124
312872000,0.1,0.13764322
313372000,0.1,0.13772075
313872000,0.08,0.137761
314372000,0.1,0.13776025
314872000,0.1,0.13776025
315372000,0.1,0.13779156
315872000,0.08,0.13789295
316372000,0.12,0.13793866
316872000,0.08,0.13798538
317372000,0.12,0.13803211
317872000,0.1,0.13809298
318372000,0.1,0.13810864
318872000,0.1,0.1381392
319372000,0.08,0.13817026
319872000,0.1,0.1382632
320372000,0.1,0.13832432
320872000,0.1,0.13833898
321372000,0.08,0.138417
321872000,0.08,0.138502
322372000,0.1,0.13856436
322872000,0.06,0.13862574
323372000,0.1,0.13868812
323872000,0.1,0.13876018
324372000,0.08,0.13894059
324872000,0.1,0.13897164
325372000,0.1,0.13901787
325872000,0.08,0.13845627
326372000,0.1,0.13851467
326872000,0.1,0.13856114
327372000,0.08,0.13862301
327872000,0.1,0.13868439
328372000,0.08,0.1387306
328872000,0.1,0.13879272
329372000,0.08,0.13883895
329872000,0.1,0.13888343
330372000,0.08,0.13893014
330872000,0.12,0.13899152
331372000,0.08,0.13906954
331872000,0.1,0.13910012
332372000,0.1,0.13914683
332872000,0.08,0.13920845
333372000,0.08,0.13925517
333872000,0.1,0.13916373
334372000,0.1,0.13934065
334872000,0.08,0.13928002
335372000,0.1,0.13931108
335872000,0.08,0.13940203
336372000,0.1,0.13943309
336872000,0.1,0.13949521
337372000,0.08,0.13955733
337872000,0.1,0.13955684
338372000,0.1,0.1396192
338872000,0.1,0.13968158
339372000,0.1,0.13980557
339872000,0.08,0.13988137
340372000,0.1,0.13991243
340872000,0.1,0.1399748
341372000,0.08,0.14003642
341872000,0.1,0.14006723
342372000,0.1,0.14011395
342872000,0.1,0.14019048
343372000,0.08,0.14022155
343872000,0.1,0.14026777
344372000,0.08,0.14053713
344872000,0.1,0.14043178
345372000,0.1,0.14046258
345872000,0.08,0.14047724
346372000,0.1,0.1405995
346872000,0.08,0.14063056
347372000,0.1,0.14054061
347872000,0.1,0.14059776
348372000,0.08,0.14062832
348872000,0.1,0.14069095
349372000,0.1,0.14075257
349872000,0.08,0.14079954
350372000,0.1,0.14086166
350872000,0.1,0.14090812
351372000,0.08,0.14093645
351872000,0.1,0.14100206
352372000,0.08,0.14104903
352872000,0.1,0.14175647
353372000,0.08,0.14178729
353872000,0.1,0.1418499
354372000,0.1,0.14189637
354872000,0.08,0.14206237
355372000,0.1,0.14212449
355872000,0.08,0.14217146
356372000,0.1,0.1421983
356872000,0.1,0.14224401
357372000,0.08,0.14229023
357872000,0.1,0.14233719
358372000,0.08,0.14241472
358872000,0.1,0.14246094
359372000,0.12,0.14250617
359872000,0.08,0.14253747
360372000,0.1,0.14247586
360872000,0.1,0.14253649
361372000,0.12,0.14259885
361872000,0.1,0.14263016
362372000,0.1,0.14269279
362872000,0.12,0.1427241
363372000,0.1,0.14278671
363872000,0.1,0.14284933
364372000,0.12,0.14292686
364872000,0.1,0.14304788
365372000,0.1,0.1431105
365872000,0.1,0.14314131
366372000,0.12,0.14314131
366872000,0.08,0.14318778
367372000,0.1,0.143233
367872000,0.1,0.14329562
368372000,0.08,0.14320195
368872000,0.08,0.14324866
369372000,0.08,0.14326182
369872000,0.1,0.14330879
370372000,0.08,0.14338681
370872000,0.1,0.14344844
371372000,0.1,0.14351082
371872000,0.08,0.14360425
372372000,0.1,0.14369445
372872000,0.1,0.14370985
373372000,0.1,0.14374067
373872000,0.1,0.14377172
374372000,0.06,0.1438495
374872000,0.08,0.14388007
375372000,0.1,0.1440878
375872000,0.1,0.14411911
376372000,0.08,0.14418174
376872000,0.12,0.14422846
377372000,0.08,0.14433183
377872000,0.1,0.1443932
378372000,0.08,0.14443769
378872000,0.1,0.14446825
379372000,0.1,0.14454255
379872000,0.08,0.14460441
380372000,0.1,0.1446822
380872000,0.1,0.14471301
381372000,0.08,0.14480694
381872000,0.1,0.14474507
382372000,0.12,0.14479178
382872000,0.1,0.14485416
383372000,0.08,0.14490111
383872000,0.1,0.14494734
384372000,0.08,0.14500995
384872000,0.1,0.14507207
385372000,0.1,0.14509495
385872000,0.08,0.14515556
386372000,0.12,0.14521645
386872000,0.1,0.14526291
387372000,0.08,0.14530939
387872000,0.1,0.14538741
388372000,0.1,0.14543413
388872000,0.08,0.14544854
389372000,0.1,0.14551091
389872000,0.1,0.14554098
390372000,0.08,0.14560013
390872000,0.1,0.14564659
391372000,0.08,0.14580189
391872000,0.1,0.14584836
392372000,0.1,0.14589508
392872000,0.08,0.14591023
393372000,0.12,0.14595695
393872000,0.1,0.14600343
394372000,0.1,0.14607945
394872000,0.08,0.14612618
395372000,0.1,0.14615674
395872000,0.08,0.14619674
396372000,0.1,0.14624296
396872000,0.1,0.14628918
397372000,0.1,0.1463031
397872000,0.1,0.14639553
398372000,0.1,0.14644127
398872000,0.1,0.14648798
399372000,0.08,0.14658067
399872000,0.1,0.14662713
400372000,0.1,0.14667335
400872000,0.1,0.14673348
401372000,0.08,0.1467956
401872000,0.1,0.14681126
402372000,0.08,0.14685749
402872000,0.1,0.14688854
403372000,0.08,0.14695041
403872000,0.12,0.14701279
404372000,0.1,0.1470436
404872000,0.08,0.14710523
405372000,0.1,0.14715144
405872000,0.08,0.14732116
406372000,0.1,0.14725979
406872000,0.08,0.14729084
407372000,0.1,0.14735296
407872000,0.08,0.14738329
408372000,0.1,0.14743
408872000,0.08,0.14749213
409372000,0.1,0.1475222
409872000,0.12,0.14756866
410372000,0.08,0.14763053
410872000,0.1,0.14773813
411372000,0.08,0.14780025
411872000,0.12,0.14790387
412372000,0.08,0.1479819
412872000,0.1,0.14802042
413372000,0.06,0.14805172
413872000,0.08,0.14813796
414372000,0.1,0.14821449
414872000,0.1,0.14821449
415372000,0.12,0.14826146
415872000,0.08,0.14830841
416372000,0.1,0.14846075
416872000,0.1,0.1483842
417372000,0.1,0.14844683
417872000,0.1,0.14850944
418372000,0.1,0.1485251
418872000,0.12,0.14858747
419372000,0.1,0.14863418
419872000,0.1,0.14869681
420372000,0.08,0.14875917
420872000,0.12,0.14883721
421372000,0.1,0.14889957
421872000,0.1,0.14896145
422372000,0.12,0.14900766
422872000,0.1,0.14904469
423372000,0.1,0.1491523
423872000,0.12,0.14919925
424372000,0.1,0.14927752
424872000,0.1,0.14930834
425372000,0.1,0.14937072
425872000,0.08,0.14943333
426372000,0.12,0.14961225
426872000,0.08,0.14953595
427372000,0.1,0.14958267
427872000,0.1,0.14964505
428372000,0.1,0.14967635
428872000,0.1,0.14973897
429372000,0.1,0.14980134
429872000,0.12,0.14986372
430372000,0.1,0.14992633
430872000,0.1,0.14998895
431372000,0.08,0.15002027
431872000,0.12,0.15008289
432372000,0.1,0.1501142
432872000,0.08,0.15016116
433372000,0.1,0.15025508
433872000,0.08,0.1503172
434372000,0.1,0.15037958
434872000,0.1,0.15042655
435372000,0.08,0.15047327
435872000,0.1,0.15053539
436372000,0.1,0.15058036
436872000,0.12,0.15071331
437372000,0.08,0.15074436
437872000,0.1,0.15063825
438372000,0.08,0.15070063
438872000,0.1,0.1507471
439372000,0.1,0.1507779
439872000,0.1,0.15085718
440372000,0.08,0.15093495
440872000,0.1,0.15099707
441372000,0.1,0.1510438
441872000,0.1,0.15113747
442372000,0.08,0.15121526
442872000,0.1,0.15127712
443372000,0.1,0.1513236
443872000,0.1,0.15136957
444372000,0.1,0.15141629
444872000,0.1,0.15149382
445372000,0.12,0.15156935
445872000,0.08,0.15161557
446372000,0.1,0.15166155
446872000,0.1,0.15182729
447372000,0.1,0.151873
447872000,0.08,0.15190406
448372000,0.1,0.1519498
448872000,0.12,0.15201788
449372000,0.1,0.15210932
449872000,0.08,0.15215504
450372000,0.1,0.15205589
450872000,0.08,0.15210262
451372000,0.1,0.15213342
451872000,0.1,0.15220971
452372000,0.1,0.15225594
452872000,0.08,0.15233396
453372000,0.1,0.1524259
453872000,0.1,0.15247262
454372000,0.1,0.15251884
454872000,0.1,0.1525653
455372000,0.08,0.15260978
455872000,0.1,0.15267116
456372000,0.1,0.15271688
456872000,0.1,0.15274794
457372000,0.08,0.15278398
457872000,0.12,0.15284659
458372000,0.08,0.15289256
458872000,0.1,0.15295468
459372000,0.08,0.15306203
459872000,0.1,0.1530931
460372000,0.08,0.15315448
460872000,0.1,0.15321511
461372000,0.1,0.1533078
461872000,0.06,0.15341687
462372000,0.1,0.15344694
462872000,0.06,0.15358709
463372000,0.08,0.15368028
463872000,0.1,0.15371133
464372000,0.12,0.1537573
464872000,0.08,0.15381919
465372000,0.1,0.15389672
465872000,0.1,0.15392728
466372000,0.08,0.15394169
466872000,0.1,0.1540043
467372000,0.1,0.15403289
467872000,0.08,0.1540483
468372000,0.12,0.15410967
468872000,0.1,0.15415464
469372000,0.08,0.1542011
469872000,0.1,0.15428932
470372000,0.1,0.15448911
470872000,0.1,0.15450352
471372000,0.08,0.1546131
471872000,0.1,0.15573777
472372000,0.1,0.1558004
472872000,0.08,0.15581556
473372000,0.1,0.15586253
473872000,0.08,0.15587817
474372000,0.12,0.15590899
474872000,0.08,0.15595023
475372000,0.08,0.15599671
475872000,0.1,0.15604366
476372000,0.08,0.15610579
476872000,0.1,0.15618406
477372000,0.08,0.15621537
477872000,0.1,0.15637714
478372000,0.1,0.15645541
478872000,0.08,0.15648672
479372000,0.1,0.15643479
479872000,0.1,0.1564661
480372000,0.1,0.15652873
480872000,0.1,0.15659134
481372000,0.1,0.15665396
481872000,0.08,0.15668526
482372000,0.12,0.15665843
482872000,0.12,0.1566895
483372000,0.08,0.15670516
483872000,0.12,0.15679908
484372000,0.08,0.15687735
484872000,0.08,0.15690866
485372000,0.1,0.15697128
485872000,0.1,0.15701824
486372000,0.08,0.15704931
486872000,0.08,0.15711193
487372000,0.08,0.15720585
487872000,0.1,0.15739347
488372000,0.1,0.15732662
488872000,0.1,0.15735793
489372000,0.1,0.15738924
489872000,0.1,0.15748318
490372000,0.08,0.15748318
490872000,0.1,0.15754579
491372000,0.08,0.1575771
491872000,0.1,0.15667085
492372000,0.1,0.15685524
492872000,0.1,0.15688655
493372000,0.08,0.1568197
493872000,0.1,0.15737085
494372000,0.08,0.15743323
494872000,0.1,0.15746428
495372000,0.08,0.15752691
495872000,0.08,0.15755822
496372000,0.1,0.15765041
496872000,0.08,0.15771303
497372000,0.1,0.15777515
497872000,0.1,0.15780646
498372000,0.1,0.15787852
498872000,0.1,0.15794113
499372000,0.1,0.15800202
499872000,0.1,0.15806463
500372000,0.12,0.15812676
500872000,0.1,0.15823634
501372000,0.08,0.15832753
501872000,0.1,0.15842494
502372000,0.1,0.15848508
502872000,0.1,0.15854695
503372000,0.08,0.1586081
503872000,0.1,0.1586543
504372000,0.12,0.15871643
504872000,0.08,0.15877657
505372000,0.1,0.15883818
505872000,0.1,0.15889858
506372000,0.1,0.15896045
506872000,0.1,0.15903673
507372000,0.1,0.15905115
507872000,0.1,0.15911351
508372000,0.1,0.15929045
508872000,0.1,0.15935281
509372000,0.08,0.15941468
509872000,0.1,0.15944575
510372000,0.1,0.15952328
510872000,0.08,0.1595859
511372000,0.12,0.15963162
511872000,0.1,0.15969424
512372000,0.1,0.15975611
512872000,0.1,0.15978742
513372000,0.1,0.1598493
513872000,0.1,0.15991166
514372000,0.1,0.15982594
514872000,0.1,0.15991788
515372000,0.1,0.15994844
515872000,0.12,0.16001081
516372000,0.1,0.16008835
516872000,0.1,0.16015072
517372000,0.1,0.16018152
517872000,0.1,0.16024415
518372000,0.1,0.16025831
518872000,0.1,0.16031124
519372000,0.12,0.1603418
519872000,0.06,0.16040368
520372000,0.1,0.1604812
520872000,0.12,0.16052742
521372000,0.08,0.16060372
521872000,0.06,0.16063353
522372000,0.08,0.16071156
522872000,0.1,0.16077268
523372000,0.1,0.1607876
523872000,0.08,0.16083182
524372000,0.1,0.1608629
524872000,0.1,0.16093992
525372000,0.08,0.16098489
525872000,0.1,0.16107759
526372000,0.08,0.1611243
526872000,0.1,0.16115487
527372000,0.1,0.16120109
527872000,0.1,0.1612473
528372000,0.1,0.16130918
528872000,0.1,0.16147542
529372000,0.08,0.16140932
529872000,0.12,0.16143963
530372000,0.08,0.1614707
530872000,0.1,0.1615604
531372000,0.1,0.16159146
531872000,0.08,0.16168812
532372000,0.1,0.16171943
532872000,0.1,0.16178206
533372000,0.08,0.16184467
533872000,0.1,0.1619135
534372000,0.1,0.1619448
534872000,0.1,0.16199178
535372000,0.08,0.1620544
535872000,0.1,0.16108155
536372000,0.1,0.16114418
536872000,0.1,0.16117549
537372000,0.08,0.1612068
537872000,0.1,0.16125351
538372000,0.08,0.16128482
538872000,0.1,0.16134745
539372000,0.08,0.1615291
539872000,0.12,0.1615291
540372000,0.1,0.16159171
540872000,0.1,0.1635503
541372000,0.12,0.16192245
541872000,0.1,0.16195376
542372000,0.08,0.16198507
542872000,0.12,0.16204768
543372000,0.1,0.1621615
543872000,0.12,0.16222237
544372000,0.12,0.162285
544872000,0.08,0.16231582
545372000,0.1,0.16237843
545872000,0.1,0.16250317
546372000,0.08,0.1625658
546872000,0.1,0.16262841
547372000,0.1,0.16270669
547872000,0.1,0.16273774
548372000,0.1,0.16280037
548872000,0.1,0.1628625
549372000,0.12,0.1627949
549872000,0.08,0.16285726
550372000,0.1,0.16288859
550872000,0.1,0.16293554
551372000,0.08,0.16296685
551872000,0.1,0.16299817
552372000,0.1,0.16304512
552872000,0.08,0.16310775
553372000,0.12,0.16313906
553872000,0.1,0.16317037
554372000,0.1,0.16323298
554872000,0.08,0.16326429
555372000,0.1,0.16332692
555872000,0.08,0.16335823
556372000,0.1,0.16338928
556872000,0.08,0.1634206
557372000,0.1,0.16348322
557872000,0.12,0.1635441
558372000,0.1,0.16360672
558872000,0.1,0.1636691
559372000,0.1,0.16373122
559872000,0.1,0.16390316
560372000,0.1,0.16396528
560872000,0.08,0.16406716
561372000,0.1,0.16412854
561872000,0.1,0.16414197
562372000,0.08,0.16409053
562872000,0.1,0.16415165
563372000,0.1,0.1642287
563872000,0.08,0.16427565
564372000,0.1,0.16432187
564872000,0.08,0.16436858
565372000,0.1,0.16443022
565872000,0.1,0.16447644
566372000,0.1,0.16457011
566872000,0.08,0.16461682
567372000,0.1,0.16466354
567872000,0.08,0.16471002
568372000,0.1,0.16474009
568872000,0.12,0.16478704
569372000,0.1,0.16481785
569872000,0.1,0.16497292
570372000,0.1,0.16485836
570872000,0.08,0.16492073
571372000,0.08,0.16496745
571872000,0.1,0.16502833
572372000,0.1,0.16504374
572872000,0.08,0.16507305
573372000,0.1,0.16508771
573872000,0.08,0.16511853
574372000,0.1,0.1651322
574872000,0.08,0.16519332
575372000,0.12,0.16522439
575872000,0.1,0.16562594
576372000,0.1,0.16565701
576872000,0.12,0.16568783
577372000,0.08,0.16574895
577872000,0.1,0.16579567
578372000,0.1,0.16584139
578872000,0.1,0.1658881
579372000,0.08,0.16593482
579872000,0.1,0.16598104
580372000,0.08,0.16600738
580872000,0.1,0.1660541
581372000,0.08,0.16611597
581872000,0.1,0.1661463
582372000,0.08,0.16619301
582872000,0.1,0.16623947
583372000,0.08,0.16627029
583872000,0.1,0.166317
584372000,0.08,0.16634806
584872000,0.12,0.16639477
585372000,0.1,0.166441
585872000,0.08,0.16648771
586372000,0.1,0.16653442
586872000,0.1,0.16659631
587372000,0.08,0.16664302
587872000,0.1,0.16667259
588372000,0.1,0.16673297
588872000,0.08,0.16676378
589372000,0.1,0.16679485
589872000,0.1,0.16680975
590372000,0.1,0.16684008
590872000,0.1,0.1668418
591372000,0.08,0.16688852
591872000,0.08,0.16698742
592372000,0.1,0.16700333
592872000,0.1,0.16705005
593372000,0.1,0.16709651
593872000,0.08,0.16714323
594372000,0.1,0.16717404
594872000,0.08,0.16720511
595372000,0.1,0.16723642
595872000,0.08,0.16729903
596372000,0.08,0.16733034
596872000,0.1,0.16736165
597372000,0.1,0.16739297
597872000,0.08,0.16748491
598372000,0.1,0.16749509
598872000,0.1,0.16755746
599372000,0.1,0.16758877
599872000,0.08,0.16762008
600372000,0.08,0.16779353
600872000,0.1,0.16769537
601372000,0.08,0.16772668
601872000,0.1,0.16775799
602372000,0.08,0.1678246
602872000,0.1,0.16785565
603372000,0.12,0.16788696
603872000,0.08,0.16791803
604372000,0.1,0.16798064
604872000,0.1,0.16804723
605372000,0.1,0.16810787
605872000,0.1,0.16817048
606372000,0.1,0.16820155
606872000,0.1,0.16823286
607372000,0.1,0.16827957
607872000,0.08,0.16830616
608372000,0.1,0.16838022
608872000,0.1,0.16841152
609372000,0.08,0.16847414
609872000,0.1,0.16853626
610372000,0.1,0.16855192
610872000,0.1,0.16870748
611372000,0.1,0.16877009
611872000,0.08,0.16880116
612372000,0.1,0.16886352
612872000,0.1,0.16893385
613372000,0.1,0.16896491
613872000,0.08,0.1690561
614372000,0.1,0.16908717
614872000,0.08,0.1691965
615372000,0.1,0.16922757
615872000,0.08,0.16928944
616372000,0.1,0.1693205
616872000,0.1,0.16924545
617372000,0.08,0.16930608
617872000,0.1,0.16936846
618372000,0.1,0.16941343
618872000,0.1,0.16949196
619372000,0.1,0.16955432
619872000,0.1,0.16958514
620372000,0.08,0.16966318
620872000,0.1,0.16980332
621372000,0.08,0.16988134
621872000,0.1,0.16982941
622372000,0.08,0.16986072
622872000,0.1,0.16994843
623372000,0.1,0.16996211
623872000,0.1,0.16996136
624372000,0.08,0.17002372
624872000,0.1,0.17006946
625372000,0.1,0.17011617
625872000,0.1,0.17016238
626372000,0.08,0.1702091
626872000,0.1,0.17027073
627372000,0.1,0.17023097
627872000,0.08,0.170308
628372000,0.1,0.17038603
628872000,0.1,0.17044592
629372000,0.08,0.17047697
629872000,0.1,0.17053786
630372000,0.1,0.17058432
630872000,0.1,0.17059924
631372000,0.08,0.17062657
631872000,0.1,0.17068844
632372000,0.08,0.17073515
632872000,0.1,0.17079629
633372000,0.1,0.1708425
633872000,0.1,0.17091979
634372000,0.08,0.17101048
634872000,0.1,0.17104055
635372000,0.1,0.17113249
635872000,0.08,0.17119387
636372000,0.1,0.17124033
636872000,0.08,0.17128606
637372000,0.1,0.17134842
637872000,0.1,0.1714098
638372000,0.08,0.17145479
638872000,0.1,0.17145354
639372000,0.08,0.17146894
639872000,0.1,0.17148386
640372000,0.08,0.17149927
640872000,0.12,0.17156114
641372000,0.08,0.17159145
641872000,0.1,0.17163767
642372000,0.1,0.17165308
642872000,0.08,0.171668
643372000,0.1,0.17174502
643872000,0.1,0.17179124
644372000,0.1,0.17186703
644872000,0.1,0.1719289
645372000,0.08,0.17197561
645872000,0.1,0.17202134
646372000,0.1,0.17205265
646872000,0.1,0.17208296
647372000,0.08,0.17216
647872000,0.1,0.17220671
648372000,0.1,0.17223728
648872000,0.1,0.17229965
649372000,0.1,0.17234537
649872000,0.08,0.17240775
650372000,0.08,0.17243782
650872000,0.1,0.17249969
651372000,0.08,0.17254591
651872000,0.1,0.17276831
652372000,0.1,0.17282967
652872000,0.1,0.1728764
653372000,0.08,0.17288485
653872000,0.1,0.17292312
654372000,0.1,0.17293876
654872000,0.1,0.17300114
655372000,0.1,0.1730322
655872000,0.08,0.17309457
656372000,0.1,0.17313309
656872000,0.1,0.17319545
657372000,0.08,0.17327349
657872000,0.1,0.17331846
658372000,0.1,0.1733182
658872000,0.1,0.17338058
659372000,0.1,0.17344296
659872000,0.08,0.17350508
660372000,0.1,0.1735518
660872000,0.1,0.17359851
661372000,0.1,0.17361392
661872000,0.08,0.17376201
662372000,0.1,0.17382438
662872000,0.1,0.17383954
663372000,0.1,0.17390192
663872000,0.1,0.17393322
664372000,0.1,0.1740028
664872000,0.1,0.17392254
665372000,0.1,0.17395385
665872000,0.1,0.17404753
666372000,0.12,0.17406294
666872000,0.1,0.17415686
667372000,0.1,0.17420383
667872000,0.1,0.1742503
668372000,0.08,0.17428161
668872000,0.1,0.17434423
669372000,0.08,0.17437553
669872000,0.1,0.17445356
670372000,0.1,0.17448463
670872000,0.1,0.17454724
671372000,0.1,0.17463943
671872000,0.1,0.17467074
672372000,0.1,0.17484146
672872000,0.1,0.17483425
673372000,0.08,0.17489663
673872000,0.1,0.17499055
674372000,0.08,0.17503752
674872000,0.1,0.17513144
675372000,0.1,0.17516275
675872000,0.08,0.17519407
676372000,0.1,0.17528601
676872000,0.1,0.17530166
677372000,0.08,0.17534813
677872000,0.1,0.17537944
678372000,0.1,0.17541075
678872000,0.1,0.17547336
679372000,0.1,0.17550468
679872000,0.1,0.17555164
680372000,0.1,0.17561401
680872000,0.1,0.17570794
681372000,0.08,0.17577031
681872000,0.1,0.17589034
682372000,0.1,0.17605335
682872000,0.12,0.17608465
683372000,0.08,0.17610006
683872000,0.1,0.17562172
684372000,0.1,0.17566818
684872000,0.1,0.1757149
685372000,0.08,0.17559388
685872000,0.1,0.1756247
686372000,0.1,0.17571788
686872000,0.1,0.17579243
687372000,0.08,0.1758538
687872000,0.1,0.17590028
688372000,0.1,0.175947
688872000,0.1,0.17597705
689372000,0.1,0.17605509
689872000,0.08,0.17611398
690372000,0.1,0.176192
690872000,0.1,0.17622256
691372000,0.08,0.17626953
691872000,0.1,0.1763155
692372000,0.1,0.17636222
692872000,0.1,0.17653194
693372000,0.08,0.1765784
693872000,0.1,0.17664078
694372000,0.08,0.17655654
694872000,0.1,0.17660126
695372000,0.08,0.1766619
695872000,0.1,0.17673893
696372000,0.1,0.17679957
696872000,0.08,0.17684528
697372000,0.1,0.176892
697872000,0.1,0.17693846
698372000,0.1,0.17696953
698872000,0.08,0.17701575
699372000,0.1,0.17707811
699872000,0.1,0.17710844
700372000,0.1,0.17715415
700872000,0.08,0.17720087
701372000,0.1,0.17724735
701872000,0.1,0.17729332
702372000,0.08,0.17732412
702872000,0.08,0.17734872
703372000,0.1,0.17741035
703872000,0.12,0.17747098
704372000,0.08,0.17761113
704872000,0.1,0.17769662
705372000,0.1,0.17773414
705872000,0.08,0.1777965
706372000,0.12,0.17787403
706872000,0.1,0.17792025
707372000,0.08,0.17796648
707872000,0.1,0.17802809
708372000,0.08,0.17810588
708872000,0.1,0.17816824
709372000,0.08,0.17821446
709872000,0.1,0.17826118
710372000,0.08,0.17830765
710872000,0.1,0.17838344
711372000,0.08,0.17842916
711872000,0.08,0.17906852
712372000,0.1,0.17914605
712872000,0.08,0.17920843
713372000,0.1,0.17935504
713872000,0.1,0.179402
714372000,0.1,0.17943232
714872000,0.08,0.17947903
715372000,0.1,0.17956501
715872000,0.1,0.17959607
716372000,0.08,0.17965844
716872000,0.1,0.17970516
717372000,0.08,0.17976777
717872000,0.1,0.17979908
718372000,0.1,0.17985997
718872000,0.06,0.1799529
719372000,0.1,0.18001552
719872000,0.1,0.18004633
720372000,0.08,0.18010871
720872000,0.1,0.18017107
721372000,0.1,0.18020238
721872000,0.1,0.1802486
722372000,0.08,0.18031073
722872000,0.1,0.18032613
723372000,0.1,0.18023394
723872000,0.1,0.18035844
724372000,0.08,0.18040515
724872000,0.1,0.18046753
725372000,0.1,0.18052989
725872000,0.1,0.18059252
726372000,0.1,0.18065514
726872000,0.1,0.18068644
727372000,0.1,0.18076472
727872000,0.1,0.18081143
728372000,0.1,0.1808579
728872000,0.08,0.18090412
729372000,0.1,0.1809665
729872000,0.1,0.18101346
730372000,0.1,0.18106018
730872000,0.1,0.18110713
731372000,0.08,0.18116976
731872000,0.1,0.18120107
732372000,0.1,0.18126369
732872000,0.08,0.181295
733372000,0.1,0.18135762
733872000,0.1,0.18148708
734372000,0.08,0.18151839
734872000,0.1,0.181581
735372000,0.1,0.1816245
735872000,0.06,0.1816553
736372000,0.1,0.18171793
736872000,0.1,0.18174899
737372000,0.08,0.18182726
737872000,0.1,0.18185833
738372000,0.1,0.18192095
738872000,0.08,0.18196791
739372000,0.08,0.18202855
739872000,0.08,0.18210606
740372000,0.1,0.18209986
740872000,0.12,0.18214607
741372000,0.08,0.18219279
741872000,0.1,0.18230088
742372000,0.1,0.18234736
742872000,0.06,0.18234561
743372000,0.1,0.18240774
743872000,0.12,0.18256627
744372000,0.08,0.18262716
744872000,0.1,0.18268928
745372000,0.08,0.18273623
745872000,0.1,0.18280084
746372000,0.08,0.18286347
746872000,0.1,0.18290968
747372000,0.12,0.1829549
747872000,0.08,0.18301505
748372000,0.1,0.18307592
748872000,0.08,0.18312214
749372000,0.08,0.18312214
749872000,0.08,0.18318526
750372000,0.1,0.18321583
750872000,0.1,0.18326229
751372000,0.08,0.18330851
751872000,0.1,0.18335497
752372000,0.1,0.18340145
752872000,0.1,0.18344842
753372000,0.06,0.18349414
753872000,0.1,0.18354036
754372000,0.1,0.18358682
754872000,0.08,0.18364894
755372000,0.1,0.1836641
755872000,0.08,0.18371032
756372000,0.12,0.1837727
756872000,0.08,0.183804
757372000,0.1,0.18386588
757872000,0.08,0.18389694
758372000,0.1,0.18395832
758872000,0.08,0.18398938
759372000,0.1,0.1840515
759872000,0.1,0.1840828
760372000,0.1,0.18414493
760872000,0.08,0.18417624
761372000,0.1,0.18420656
761872000,0.1,0.18426917
762372000,0.08,0.18433104
762872000,0.1,0.18426892
763372000,0.1,0.18429925
763872000,0.1,0.18434596
764372000,0.08,0.18453133
764872000,0.1,0.18457805
765372000,0.08,0.18462452
765872000,0.1,0.18467073
766372000,0.08,0.18471695
766872000,0.08,0.18476318
767372000,0.1,0.18484046
767872000,0.1,0.18488668
768372000,0.08,0.18493289
768872000,0.1,0.18497911
769372000,0.1,0.18489513
769872000,0.1,0.18497315
770372000,0.08,0.18500346
770872000,0.1,0.18505043
771372000,0.08,0.18509714
771872000,0.1,0.18513143
772372000,0.1,0.1851938
772872000,0.1,0.18525642
773372000,0.08,0.18528774
773872000,0.1,0.18534961
774372000,0.08,0.18537918
774872000,0.12,0.18558991
775372000,0.08,0.18562096
775872000,0.1,0.18563637
776372000,0.08,0.18563563
776872000,0.1,0.1856816
777372000,0.08,0.1858369
777872000,0.1,0.18588337
778372000,0.1,0.18591468
778872000,0.1,0.1859768
779372000,0.08,0.18600811
779872000,0.1,0.18610154
780372000,0.08,0.1861172
780872000,0.1,0.18616417
781372000,0.1,0.1862576
781872000,0.1,0.18631972
782372000,0.08,0.18636619
782872000,0.1,0.1863965
783372000,0.12,0.18647304
783872000,0.1,0.18651901
784372000,0.1,0.18656597
784872000,0.1,0.18664226
785372000,0.1,0.18672054
785872000,0.1,0.18677868
786372000,0.1,0.18685447
786872000,0.1,0.18690094
787372000,0.1,0.1869633
787872000,0.08,0.18699363
788372000,0.1,0.18706942
788872000,0.1,0.18711588
789372000,0.1,0.18719341
789872000,0.1,0.18723987
790372000,0.12,0.187302
790872000,0.08,0.18734847
791372000,0.12,0.18741108
791872000,0.08,0.18745656
792372000,0.1,0.18750353
792872000,0.1,0.18755025
793372000,0.08,0.18761237
793872000,0.1,0.18762778
794372000,0.1,0.18767424
794872000,0.1,0.18712856
795372000,0.08,0.1870386
795872000,0.08,0.18708506
796372000,0.08,0.1871785
796872000,0.1,0.18720782
797372000,0.1,0.18725479
797872000,0.1,0.18730076
798372000,0.1,0.18733206
798872000,0.1,0.18739419
799372000,0.06,0.18745682
799872000,0.1,0.18751869
800372000,0.1,0.18761063
800872000,0.08,0.18764144
801372000,0.1,0.18771972
801872000,0.14,0.18779574
802372000,0.1,0.18787178
802872000,0.1,0.18796521
803372000,0.08,0.18802685
803872000,0.1,0.18808946
804372000,0.1,0.18815158
804872000,0.08,0.18821421
805372000,0.1,0.18837821
805872000,0.1,0.18844083
806372000,0.1,0.18850246
806872000,0.1,0.18841499
807372000,0.1,0.18849301
807872000,0.1,0.18855563
808372000,0.1,0.18856135
808872000,0.12,0.18865255
809372000,0.1,0.18871492
809872000,0.12,0.18876113
810372000,0.12,0.18882301
810872000,0.12,0.18885209
811372000,0.12,0.18886724
811872000,0.1,0.1889137
812372000,0.12,0.18897559
812872000,0.12,0.18902254
813372000,0.12,0.18908392
813872000,0.1,0.18913089
814372000,0.14,0.18917711
814872000,0.1,0.18923898
815372000,0.1,0.18934782
815872000,0.14,0.18943503
816372000,0.1,0.18948175
816872000,0.14,0.18954363
817372000,0.1,0.18958984
817872000,0.12,0.18965247
818372000,0.12,0.18969868
818872000,0.1,0.18974516
819372000,0.14,0.18982293
819872000,0.1,0.18985425
820372000,0.14,0.1898699
820872000,0.1,0.18993177
821372000,0.12,0.18999389
821872000,0.12,0.19004086
822372000,0.1,0.1901313
822872000,0.1,0.19017753
823372000,0.14,0.19025481
823872000,0.1,0.19031668
824372000,0.14,0.1903721
824872000,0.1,0.19041906
825372000,0.14,0.19044963
825872000,0.1,0.19049187
826372000,0.14,0.1905535
826872000,0.12,0.19060045
827372000,0.12,0.19064742
827872000,0.1,0.19070905
828372000,0.1,0.19075601
828872000,0.1,0.19083205
829372000,0.14,0.19087853
829872000,0.12,0.19092524
830372000,0.14,0.19095655
830872000,0.12,0.19098736
831372000,0.14,0.19101816
831872000,0.14,0.19102414
832372000,0.1,0.19105545
832872000,0.14,0.19110116
833372000,0.12,0.19114788
833872000,0.1,0.19120827
834372000,0.12,0.19125473
834872000,0.1,0.1912704
835372000,0.14,0.19136406
835872000,0.12,0.1914098
836372000,0.12,0.1915641
836872000,0.12,0.19159468
837372000,0.12,0.19167121
837872000,0.12,0.19170202
838372000,0.12,0.19176415
838872000,0.1,0.19165754
839372000,0.14,0.19179471
839872000,0.1,0.19182576
840372000,0.1,0.19185683
840872000,0.14,0.1918874
841372000,0.14,0.1919336
841872000,0.14,0.19196367
842372000,0.12,0.19201064
842872000,0.12,0.19204095
843372000,0.12,0.19208792
843872000,0.12,0.19211923
844372000,0.14,0.19215004
844872000,0.12,0.19219676
845372000,0.14,0.19224347
845872000,0.14,0.19227429
846372000,0.12,0.19242612
846872000,0.12,0.19245718
847372000,0.14,0.19248824
847872000,0.14,0.19253197
848372000,0.14,0.19256353
848872000,0.16,0.1925941
849372000,0.14,0.19271909
849872000,0.14,0.19274965
850372000,0.14,0.19278021
850872000,0.14,0.19282669
851372000,0.14,0.192857
851872000,0.14,0.19291838
852372000,0.18,0.19294944
852872000,0.14,0.1929805
853372000,0.12,0.19301082
853872000,0.14,0.19305754
854372000,0.16,0.19308834
854872000,0.14,0.1931194
855372000,0.16,0.19314972
855872000,0.14,0.19322775
856372000,0.16,0.19325832
856872000,0.16,0.19328862
857372000,0.16,0.19333485
857872000,0.16,0.1933659
858372000,0.16,0.19341238
858872000,0.16,0.19344369
859372000,0.12,0.19350581
859872000,0.12,0.19353686
860372000,0.12,0.19359924
860872000,0.12,0.19366111
861372000,0.1,0.19373715
861872000,0.1,0.19378263
862372000,0.1,0.1938527
862872000,0.14,0.19389942
863372000,0.14,0.19391482
863872000,0.12,0.19394588
864372000,0.12,0.19399583
864872000,0.14,0.19402689
865372000,0.16,0.1940423
865872000,0.16,0.19407336
866372000,0.12,0.19411957
866872000,0.14,0.19415064
867372000,0.14,0.1941817
867872000,0.14,0.19409001
868372000,0.14,0.19412057
868872000,0.16,0.19413598
869372000,0.14,0.1941668
869872000,0.12,0.19419959
870372000,0.14,0.19421451
870872000,0.14,0.19424382
871372000,0.14,0.19425923
871872000,0.16,0.19425899
872372000,0.14,0.19428955
872872000,0.14,0.19433452
873372000,0.16,0.19436534
873872000,0.14,0.19436534
874372000,0.16,0.19441156
874872000,0.12,0.1944272
875372000,0.12,0.19445753
875872000,0.12,0.19486828
876372000,0.16,0.19489934
876872000,0.14,0.19506285
877372000,0.14,0.19505365
877872000,0.12,0.19508421
878372000,0.14,0.19513093
878872000,0.1,0.1951933
879372000,0.14,0.19523977
879872000,0.14,0.19525468
880372000,0.12,0.1953014
880872000,0.12,0.19533245
881372000,0.14,0.19536352
881872000,0.14,0.19539383
882372000,0.12,0.19544925
882872000,0.12,0.19549547
883372000,0.12,0.19552653
883872000,0.1,0.1955889
884372000,0.1,0.19547062
884872000,0.1,0.1955484
885372000,0.12,0.19561076
885872000,0.1,0.19562642
886372000,0.14,0.19565724
886872000,0.14,0.19568855
887372000,0.12,0.1958451
887872000,0.16,0.1958764
888372000,0.14,0.19590771
888872000,0.14,0.19593853
889372000,0.12,0.19598524
889872000,0.16,0.1960163
890372000,0.14,0.19604737
890872000,0.16,0.19604737
891372000,0.14,0.19595021
891872000,0.12,0.1959927
892372000,0.16,0.19605854
892872000,0.14,0.19608912
893372000,0.14,0.19610427
893872000,0.14,0.19615099
894372000,0.12,0.19622628
894872000,0.12,0.196273
895372000,0.12,0.19630405
895872000,0.12,0.19634978
896372000,0.14,0.1964437
896872000,0.1,0.19648968
897372000,0.08,0.19666238
897872000,0.12,0.19670884
898372000,0.14,0.19675507
898872000,0.1,0.19680129
899372000,0.14,0.19684824
899872000,0.12,0.19675009
900372000,0.14,0.19679657
900872000,0.14,0.19687708
901372000,0.12,0.19692379
901872000,0.12,0.19698592
902372000,0.12,0.19703238
902872000,0.14,0.19707935
903372000,0.14,0.19712383
903872000,0.16,0.19715488
904372000,0.1,0.19720161
904872000,0.12,0.19724782
905372000,0.14,0.19688304
905872000,0.14,0.1969141
906372000,0.14,0.19694516
906872000,0.14,0.19697621
907372000,0.14,0.19714817
907872000,0.14,0.19727367
908372000,0.14,0.19727316
908872000,0.14,0.19727267
909372000,0.16,0.19727217
909872000,0.14,0.19729553
910372000,0.16,0.19732635
910872000,0.14,0.19734176
911372000,0.16,0.19740188
911872000,0.16,0.19743319
912372000,0.16,0.19744885
912872000,0.16,0.197464
913372000,0.14,0.19749159
913872000,0.14,0.19755222
914372000,0.14,0.1976141
914872000,0.14,0.19749258
915372000,0.12,0.19752315
915872000,0.16,0.19755247
916372000,0.14,0.19756737
916872000,0.16,0.19758278
917372000,0.14,0.1976136
917872000,0.14,0.19774306
918372000,0.16,0.19777362
918872000,0.12,0.19780469
919372000,0.16,0.1978201
919872000,0.14,0.19783574
920372000,0.14,0.19786707
920872000,0.14,0.19789812
921372000,0.14,0.19792919
921872000,0.14,0.19803503
922372000,0.14,0.19806585
922872000,0.12,0.19809692
923372000,0.16,0.19811182
923872000,0.2,0.19814065
924372000,0.14,0.1981558
924872000,0.16,0.19815531
925372000,0.16,0.19817047
925872000,0.16,0.19818611
926372000,0.18,0.19821618
926872000,0.16,0.1982629
927372000,0.14,0.19832478
927872000,0.2,0.19835435
928372000,0.2,0.1983854
928872000,0.14,0.19840081
929372000,0.14,0.19840081
929872000,0.14,0.19843163
930372000,0.14,0.19849177
930872000,0.16,0.19851884
931372000,0.16,0.19856581
931872000,0.14,0.19862844
932372000,0.14,0.1986749
932872000,0.14,0.19870572
933372000,0.14,0.19875267
933872000,0.12,0.19881456
934372000,0.1,0.19886152
934872000,0.08,0.19890799
935372000,0.1,0.19895495
935872000,0.12,0.19901757
936372000,0.14,0.19947354
936872000,0.12,0.19953617
937372000,0.12,0.19959879
937872000,0.16,0.1996301
938372000,0.14,0.19969048
938872000,0.12,0.19972178
939372000,0.18,0.1997531
939872000,0.14,0.19978416
940372000,0.16,0.19983087
940872000,0.12,0.19987735
941372000,0.14,0.19975683
941872000,0.12,0.19978714
942372000,0.14,0.19982193
942872000,0.14,0.1998525
943372000,0.12,0.19989921
943872000,0.14,0.19994493
944372000,0.12,0.19992828
944872000,0.14,0.1999591
945372000,0.14,0.19986393
945872000,0.16,0.1999263
946372000,0.12,0.19995761
946872000,0.16,0.19998842
947372000,0.1,0.20000333
947872000,0.14,0.20003365
948372000,0.1,0.20006447
948872000,0.14,0.20019118
949372000,0.14,0.20019095
949872000,0.14,0.20025381
950372000,0.14,0.20018746
950872000,0.14,0.20021853
951372000,0.16,0.20038775
951872000,0.1,0.2003875
952372000,0.12,0.20047471
952872000,0.14,0.2005197
953372000,0.14,0.20055
953872000,0.12,0.20058107
954372000,0.12,0.20058057
954872000,0.14,0.20062679
955372000,0.16,0.2006576
955872000,0.14,0.20067301
956372000,0.14,0.20071973
956872000,0.14,0.2007657
957372000,0.14,0.20079626
957872000,0.12,0.20082733
958372000,0.14,0.20088746
958872000,0.12,0.20105842
959372000,0.12,0.20108949
959872000,0.14,0.2011362
960372000,0.12,0.2010368
960872000,0.12,0.2011869
961372000,0.12,0.20121795
961872000,0.1,0.20127809
962372000,0.1,0.20130889
962872000,0.12,0.20133996
963372000,0.14,0.20138618
963872000,0.14,0.20143265
964372000,0.12,0.20146371
964872000,0.14,0.20149451
965372000,0.14,0.20156857
965872000,0.12,0.20164634
966372000,0.16,0.20167741
966872000,0.14,0.20169282
967372000,0.1,0.20172313
967872000,0.14,0.2017542
968372000,0.14,0.201785
968872000,0.14,0.20181632
969372000,0.14,0.20198703
969872000,0.12,0.20201808
970372000,0.14,0.20191969
970872000,0.14,0.20195025
971372000,0.16,0.2019813
971872000,0.1,0.20202802
972372000,0.1,0.20213588
972872000,0.14,0.20218284
973372000,0.14,0.20221415
973872000,0.14,0.20227627
974372000,0.12,0.20230709
974872000,0.12,0.20236945
975372000,0.12,0.20240127
975872000,0.14,0.20241667
976372000,0.16,0.20244649
976872000,0.14,0.20249172
977372000,0.14,0.20250687
977872000,0.14,0.20253792
978372000,0.12,0.20260005
978872000,0.12,0.20263086
979372000,0.14,0.20280282
979872000,0.1,0.20284805
980372000,0.14,0.20289502
980872000,0.14,0.20294148
981372000,0.12,0.20297278
981872000,0.12,0.2028888
982372000,0.14,0.20290396
982872000,0.14,0.20295067
983372000,0.12,0.20297725
983872000,0.14,0.20298794
984372000,0.1,0.20303491
984872000,0.1,0.20306572
985372000,0.14,0.20312735
985872000,0.14,0.20315841
986372000,0.14,0.20318948
986872000,0.14,0.20321879
987372000,0.16,0.20326452
987872000,0.14,0.20329583
988372000,0.12,0.20334303
988872000,0.12,0.20338628
989372000,0.16,0.20341733
989872000,0.12,0.20344368
990372000,0.14,0.20345908
990872000,0.14,0.20347424
991372000,0.14,0.20352021
991872000,0.12,0.20353587
992372000,0.12,0.20359078
992872000,0.1,0.20365241
993372000,0.12,0.20368372
993872000,0.14,0.20368323
994372000,0.14,0.20369887
994872000,0.1,0.2037272
995372000,0.14,0.20372646
995872000,0.1,0.20375529
996372000,0.12,0.20375603
996872000,0.14,0.20377119
997372000,0.14,0.20377094
997872000,0.16,0.20379977
998372000,0.14,0.20381518
998872000,0.1,0.20386115
999372000,0.14,0.2038768
999872000,0.1,0.2040485
1000372000,0.16,0.2039501
1000872000,0.12,0.20398042
1001372000,0.12,0.20402515
1001872000,0.14,0.20407161
1002372000,0.12,0.20413324
1002872000,0.1,0.20419288
1003372000,0.12,0.20422444
1003872000,0.12,0.20427015
1004372000,0.12,0.20428531
1004872000,0.12,0.20434768
1005372000,0.12,0.20437776
1005872000,0.12,0.20442447
1006372000,0.1,0.20447119
1006872000,0.12,0.20451741
1007372000,0.12,0.20457779
1007872000,0.12,0.2046235
1008372000,0.12,0.20465383
1008872000,0.14,0.20471545
1009372000,0.1,0.20477584
1009872000,0.14,0.2048069
1010372000,0.12,0.20497811
1010872000,0.12,0.20502234
1011372000,0.1,0.20509712
1011872000,0.1,0.20521864
1012372000,0.1,0.20523356
1012872000,0.14,0.20526461
1013372000,0.1,0.20532699
1013872000,0.1,0.20538886
1014372000,0.12,0.20545124
1014872000,0.12,0.2054798
1015372000,0.12,0.20544651
1015872000,0.12,0.20550962
1016372000,0.1,0.2055556
1016872000,0.1,0.20563188
1017372000,0.1,0.20569226
1017872000,0.1,0.2057365
1018372000,0.14,0.20578247
1018872000,0.1,0.20581129
1019372000,0.1,0.20584235
1019872000,0.1,0.20592038
1020372000,0.1,0.20583788
1020872000,0.12,0.2059005
1021372000,0.1,0.20596114
1021872000,0.1,0.2060394
1022372000,0.1,0.20610203
1022872000,0.12,0.20615894
1023372000,0.1,0.20562269
1023872000,0.1,0.20569848
1024372000,0.1,0.20576085
1024872000,0.1,0.20580707
1025372000,0.12,0.20593305
1025872000,0.1,0.20599492
1026372000,0.1,0.20604114
1026872000,0.1,0.20610352
1027372000,0.1,0.2061649
1027872000,0.1,0.20622677
1028372000,0.12,0.2062884
1028872000,0.1,0.20635076
1029372000,0.1,0.20639673
1029872000,0.1,0.2064591
1030372000,0.1,0.20650533
1030872000,0.12,0.20657839
1031372000,0.1,0.20664075
1031872000,0.12,0.20670038
1032372000,0.1,0.20676276
1032872000,0.12,0.20680898
1033372000,0.1,0.20685545
1033872000,0.1,0.20691757
1034372000,0.1,0.20698018
1034872000,0.1,0.20705622
1035372000,0.12,0.20710245
1035872000,0.1,0.20716283
1036372000,0.1,0.20722495
1036872000,0.14,0.20728733
1037372000,0.08,0.20733404
1037872000,0.12,0.20739542
1038372000,0.1,0.20745803
1038872000,0.12,0.20753358
1039372000,0.12,0.20759594
1039872000,0.1,0.20767099
1040372000,0.1,0.20774902
1040872000,0.08,0.20783326
1041372000,0.1,0.20788023
1041872000,0.12,0.2079339
1042372000,0.08,0.20799652
1042872000,0.12,0.20799601
1043372000,0.1,0.208041
1043872000,0.1,0.2081163
1044372000,0.08,0.2081476
1044872000,0.12,0.20825544
1045372000,0.12,0.20833248
1045872000,0.1,0.20837696
1046372000,0.1,0.20842342
1046872000,0.1,0.2085002
1047372000,0.08,0.20854643
1047872000,0.1,0.20860855
1048372000,0.1,0.20865476
1048872000,0.14,0.20870098
1049372000,0.08,0.2087477
1049872000,0.12,0.20880908
1050372000,0.1,0.2093632
1050872000,0.1,0.20940968
1051372000,0.1,0.20945565
1051872000,0.12,0.20950261
1052372000,0.1,0.2095799
1052872000,0.1,0.20962562
1053372000,0.1,0.20968823
1053872000,0.1,0.20973471
1054372000,0.12,0.20983112
1054872000,0.1,0.20987684
1055372000,0.1,0.20993921
1055872000,0.1,0.2100001
1056372000,0.12,0.21006246
1056872000,0.12,0.21010894
1057372000,0.08,0.21017106
1057872000,0.1,0.21021752
1058372000,0.1,0.21026398
1058872000,0.1,0.2103261
1059372000,0.08,0.21037258
1059872000,0.1,0.21041955
1060372000,0.1,0.21049707
1060872000,0.1,0.21054378
1061372000,0.12,0.21071774
1061872000,0.1,0.2107796
1062372000,0.1,0.21084198
1062872000,0.08,0.21075848
1063372000,0.1,0.21082036
1063872000,0.1,0.21088248
1064372000,0.1,0.2109605
1064872000,0.12,0.21103778
1065372000,0.1,0.21109742
1065872000,0.08,0.21114339
1066372000,0.1,0.21122043
1066872000,0.1,0.2112674
1067372000,0.12,0.21134467
1067872000,0.1,0.21139164
1068372000,0.1,0.21145202
1068872000,0.1,0.21151464
1069372000,0.1,0.21156111
1069872000,0.12,0.21160758
1070372000,0.12,0.2116538
1070872000,0.1,0.21170075
1071372000,0.12,0.21174723
1071872000,0.1,0.21183395
1072372000,0.12,0.21189608
1072872000,0.1,0.21192713
1073372000,0.1,0.2119895
1073872000,0.1,0.21206778
1074372000,0.1,0.21201883
1074872000,0.1,0.21208096
1075372000,0.1,0.21212693
1075872000,0.1,0.2122191
1076372000,0.1,0.21226582
1076872000,0.1,0.21231204
1077372000,0.1,0.21235876
1077872000,0.1,0.21243678
1078372000,0.12,0.21248251
1078872000,0.1,0.21252923
1079372000,0.1,0.21260601
1079872000,0.08,0.21265222
1080372000,0.1,0.21274467
1080872000,0.1,0.21280554
1081372000,0.12,0.21283512
1081872000,0.1,0.21300708
1082372000,0.08,0.21306969
1082872000,0.1,0.21298869
1083372000,0.1,0.21303515
1083872000,0.08,0.21308161
1084372000,0.08,0.21314324
1084872000,0.1,0.21318947
1085372000,0.1,0.21326376
1085872000,0.1,0.21332514
1086372000,0.1,0.2133875
1086872000,0.1,0.21344765
1087372000,0.1,0.21349436
1087872000,0.1,0.21358605
1088372000,0.1,0.21363227
1088872000,0.1,0.2136785
1089372000,0.1,0.21369365
1089872000,0.08,0.21374036
1090372000,0.1,0.21378708
1090872000,0.1,0.21384896
1091372000,0.1,0.21389394
1091872000,0.1,0.21395457
1092372000,0.12,0.21411832
1092872000,0.1,0.21403135
1093372000,0.12,0.21407807
1093872000,0.08,0.21415609
1094372000,0.1,0.21421722
1094872000,0.12,0.21426393
1095372000,0.1,0.21432233
1095872000,0.12,0.2143683
1096372000,0.1,0.21444409
1096872000,0.12,0.21450621
1097372000,0.1,0.21455292
1097872000,0.12,0.21459964
1098372000,0.12,0.21464637
1098872000,0.12,0.21466152
1099372000,0.12,0.2147224
1099872000,0.14,0.21475372
1100372000,0.12,0.21480043
1100872000,0.12,0.21486305
1101372000,0.1,0.21492542
1101872000,0.1,0.21496145
1102372000,0.1,0.21514185
1102872000,0.08,0.21517192
1103372000,0.1,0.2152343
1103872000,0.1,0.21528746
1104372000,0.14,0.21531802
1104872000,0.1,0.21531579
1105372000,0.1,0.21484764
1105872000,0.1,0.2149714
1106372000,0.1,0.21501736
1106872000,0.1,0.21506208
1107372000,0.12,0.2151088
1107872000,0.1,0.21517092
1108372000,0.08,0.21521789
1108872000,0.12,0.21526435
1109372000,0.1,0.21528026
1109872000,0.08,0.21534263
1110372000,0.1,0.2153891
1110872000,0.1,0.21543607
1111372000,0.1,0.21548279
1111872000,0.1,0.21552925
1112372000,0.1,0.21568356
1112872000,0.1,0.21571462
1113372000,0.1,0.21564628
1113872000,0.1,0.21569127
1114372000,0.12,0.21578296
1114872000,0.1,0.21582942
1115372000,0.12,0.2158913
1115872000,0.1,0.21594174
1116372000,0.14,0.21600361
1116872000,0.12,0.21605009
1117372000,0.1,0.21609704
1117872000,0.1,0.21615893
1118372000,0.08,0.21620564
1118872000,0.1,0.21626776
1119372000,0.08,0.21632864
1119872000,0.1,0.2163597
1120372000,0.1,0.21642008
1120872000,0.08,0.21646705
1121372000,0.1,0.21649836
1121872000,0.1,0.21657489
1122372000,0.1,0.21663652
1122872000,0.1,0.21679878
1123372000,0.1,0.21685942
1123872000,0.1,0.21692179
1124372000,0.1,0.21696874
1124872000,0.08,0.21707262
1125372000,0.1,0.21711884
1125872000,0.1,0.21718097
1126372000,0.1,0.2172416
1126872000,0.1,0.21730396
1127372000,0.08,0.21725252
1127872000,0.1,0.21737355
1128372000,0.08,0.21745157
1128872000,0.08,0.21767
1129372000,0.12,0.21983483
1129872000,0.1,0.22013476
1130372000,0.1,0.2202784
1130872000,0.1,0.2208124
1131372000,0.1,0.22079128
1131872000,0.1,0.21789537
1132372000,0.08,0.21791153
1132872000,0.1,0.21809888
1133372000,0.08,0.21816126
1133872000,0.1,0.21822312
1134372000,0.08,0.21826984
1134872000,0.08,0.21817169
1135372000,0.1,0.21821865
1135872000,0.1,0.21828078
1136372000,0.08,0.21832775
1136872000,0.1,0.21838813
1137372000,0.1,0.21845075
1137872000,0.06,0.21851288
1138372000,0.12,0.21857549
1138872000,0.08,0.21863736
1139372000,0.08,0.21873105
1139872000,0.1,0.21876161
1140372000,0.1,0.21879143
1140872000,0.08,0.21882199
1141372000,0.1,0.21889456
1141872000,0.08,0.21892512
1142372000,0.08,0.21898773
1142872000,0.1,0.2190337
1143372000,0.1,0.21917485
1143872000,0.08,0.21925238
1144372000,0.1,0.21929835
1144872000,0.094339624,0.21984924
1145372000,0.09803922,0.21929437
1145872000,0.08,0.2193212
1146372000,0.1,0.21936792
1146872000,0.08,0.21944594
1147372000,0.1,0.21949267
1147872000,0.1,0.21953939
1148372000,0.08,0.21960175
1148872000,0.1,0.21964748
1149372000,0.08,0.21969444
1149872000,0.08,0.21975681
1150372000,0.08,0.21980327
1150872000,0.12,0.2198346
1151372000,0.08,0.21989447
1151872000,0.08,0.2199412
1152372000,0.1,0.22001722
1152872000,0.08,0.22040537
1153372000,0.1,0.22029181
1153872000,0.1,0.22020932
1154372000,0.08,0.22025628
1154872000,0.08,0.22031939
1155372000,0.1,0.22034846
1155872000,0.1,0.22039543
1156372000,0.08,0.22044215
1156872000,0.1,0.22048886
1157372000,0.1,0.22055149
1157872000,0.12,0.22059844
1158372000,0.08,0.22064541
1158872000,0.08,0.22070779
1159372000,0.08,0.22078581
1159872000,0.08,0.22081687
1160372000,0.1,0.22086334
1160872000,0.08,0.22091031
1161372000,0.1,0.22098659
1161872000,0.08,0.22114114
1162372000,0.1,0.2216334
1162872000,0.1,0.22167665
1163372000,0.12,0.22170796
1163872000,0.1,0.22190551
1164372000,0.1,0.22197062
1164872000,0.12,0.22190203
1165372000,0.1,0.22191769
1165872000,0.08,0.22197856
1166372000,0.1,0.22202304
1166872000,0.08,0.22207001
1167372000,0.1,0.22207001
1167872000,0.08,0.22214654
1168372000,0.08,0.22222805
1168872000,0.08,0.22227502
1169372000,0.1,0.22232148
1169872000,0.1,0.22238237
1170372000,0.08,0.22244175
1170872000,0.12,0.22248872
1171372000,0.1,0.22253543
1171872000,0.1,0.2225824
1172372000,0.1,0.22262935
1172872000,0.1,0.22267532
1173372000,0.1,0.22272229
1173872000,0.12,0.2227802
1174372000,0.1,0.22282715
1174872000,0.1,0.22288953
1175372000,0.12,0.2229365
1175872000,0.1,0.22294942
1176372000,0.1,0.22298047
1176872000,0.1,0.22302744
1177372000,0.1,0.22308907
1177872000,0.1,0.22311988
1178372000,0.1,0.2231661
1178872000,0.1,0.22321281
1179372000,0.1,0.22327493
1179872000,0.1,0.22333507
1180372000,0.14,0.22336638
1180872000,0.1,0.22339745
1181372000,0.12,0.22342801
1181872000,0.14,0.22345906
1182372000,0.1,0.22350578
1182872000,0.1,0.2235525
1183372000,0.12,0.22359921
1183872000,0.08,0.22366133
1184372000,0.1,0.22376645
1184872000,0.1,0.22383006
1185372000,0.14,0.22385988
1185872000,0.1,0.22390461
1186372000,0.14,0.22396648
1186872000,0.14,0.22401121
1187372000,0.1,0.22405793
1187872000,0.14,0.22411956
1188372000,0.1,0.22408625
1188872000,0.1,0.22413124
1189372000,0.1,0.2241936
1189872000,0.12,0.22425573
1190372000,0.12,0.22430244
1190872000,0.1,0.22436307
1191372000,0.12,0.22399382
1191872000,0.1,0.22386634
1192372000,0.1,0.22392797
1192872000,0.12,0.22398712
1193372000,0.12,0.22403258
1193872000,0.12,0.22412527
1194372000,0.12,0.22428927
1194872000,0.08,0.2243037
1195372000,0.1,0.22437923
1195872000,0.08,0.22442594
1196372000,0.1,0.22450322
1196872000,0.08,0.2245497
1197372000,0.1,0.22461206
1197872000,0.1,0.22467369
1198372000,0.1,0.22472015
1198872000,0.1,0.22476637
1199372000,0.08,0.22484267
1199872000,0.1,0.22492789
1200372000,0.1,0.22497411
1200872000,0.12,0.22505213
1201372000,0.1,0.22512892
1201872000,0.08,0.2251913
1202372000,0.1,0.22523652
1202872000,0.08,0.22528324
1203372000,0.1,0.22519626
1203872000,0.1,0.22527206
1204372000,0.08,0.22531877
1204872000,0.1,0.2255203
1205372000,0.1,0.22558266
1205872000,0.1,0.2256925
1206372000,0.08,0.22575462
1206872000,0.08,0.22580059
1207372000,0.1,0.22589378
1207872000,0.08,0.22593999
1208372000,0.1,0.22609033
1208872000,0.1,0.22615121
1209372000,0.1,0.22618277
1209872000,0.08,0.2262449
1210372000,0.1,0.22630702
1210872000,0.1,0.22636938
1211372000,0.1,0.22642978
1211872000,0.1,0.22649214
1212372000,0.1,0.22655328
1212872000,0.1,0.22662881
1213372000,0.1,0.22669044
1213872000,0.1,0.2267215
1214372000,0.1,0.22678337
1214872000,0.12,0.22695483
1215372000,0.1,0.2268875
1215872000,0.08,0.22694962
1216372000,0.1,0.22699608
1216872000,0.1,0.22705846
1217372000,0.1,0.22710443
1217872000,0.1,0.22718096
1218372000,0.1,0.22724257
1218872000,0.12,0.22731589
1219372000,0.1,0.2273775
1219872000,0.1,0.22742423
1220372000,0.08,0.22794878
1220872000,0.12,0.2279801
1221372000,0.1,0.22791275
1221872000,0.12,0.2279863
1222372000,0.1,0.2280032
1222872000,0.1,0.22804917
1223372000,0.1,0.22809589
1223872000,0.12,0.22815777
1224372000,0.1,0.2282122
1224872000,0.12,0.22820896
1225372000,0.12,0.22839533
1225872000,0.1,0.22831258
1226372000,0.1,0.22837496
1226872000,0.1,0.22852977
1227372000,0.1,0.22857597
1227872000,0.12,0.22863512
1228372000,0.1,0.22868183
1228872000,0.1,0.22872855
1229372000,0.1,0.22877526
1229872000,0.1,0.2288533
1230372000,0.1,0.22881925
1230872000,0.12,0.22886597
1231372000,0.1,0.22892436
1231872000,0.1,0.22897108
1232372000,0.1,0.22903346
1232872000,0.1,0.22909383
1233372000,0.1,0.22918454
1233872000,0.1,0.22923125
1234372000,0.08,0.22929361
1234872000,0.12,0.22935425
1235372000,0.1,0.22938085
1235872000,0.1,0.22945738
1236372000,0.1,0.22950359
1236872000,0.1,0.22953863
1237372000,0.1,0.22958484
1237872000,0.1,0.22963107
1238372000,0.12,0.22967803
1238872000,0.1,0.2297399
1239372000,0.1,0.2297824
1239872000,0.1,0.22982812
1240372000,0.1,0.2299064
1240872000,0.12,0.22985868
1241372000,0.1,0.22993398
1241872000,0.1,0.2299648
1242372000,0.1,0.23002717
1242872000,0.1,0.2300724
1243372000,0.12,0.23011911
1243872000,0.1,0.23016557
1244372000,0.1,0.23022819
1244872000,0.1,0.23028907
1245372000,0.08,0.23030423
1245872000,0.1,0.23050724
1246372000,0.1,0.23056638
1246872000,0.12,0.2306131
1247372000,0.1,0.23066007
1247872000,0.1,0.23070678
1248372000,0.1,0.23076916
1248872000,0.1,0.23071723
1249372000,0.1,0.2307781
1249872000,0.12,0.23082381
1250372000,0.1,0.23087078
1250872000,0.1,0.23093341
1251372000,0.1,0.23098013
1251872000,0.1,0.23102857
1252372000,0.1,0.23104498
1252872000,0.12,0.23109195
1253372000,0.1,0.23120153
1253872000,0.1,0.23128402
1254372000,0.12,0.23134665
1254872000,0.1,0.2313782
1255372000,0.12,0.23142393
1255872000,0.08,0.23146841
1256372000,0.12,0.23149946
1256872000,0.1,0.23156184
1257372000,0.12,0.23162371
1257872000,0.1,0.2317015
1258372000,0.12,0.23174821
1258872000,0.12,0.231824
1259372000,0.1,0.23187071
1259872000,0.08,0.23191693
1260372000,0.12,0.23199446
1260872000,0.1,0.23205659
1261372000,0.1,0.23210305
1261872000,0.12,0.23217337
1262372000,0.1,0.232234
1262872000,0.1,0.23228072
1263372000,0.08,0.2323431
1263872000,0.12,0.23238981
1264372000,0.08,0.23243652
1264872000,0.14,0.2324989
1265372000,0.08,0.23254561
1265872000,0.1,0.23259233
1266372000,0.1,0.2327946
1266872000,0.14,0.23274465
1267372000,0.1,0.23277521
1267872000,0.08,0.23283759
1268372000,0.1,0.23292257
1268872000,0.1,0.23299737
1269372000,0.1,0.23305899
1269872000,0.1,0.2330744
1270372000,0.1,0.23311988
1270872000,0.12,0.23318025
1271372000,0.1,0.23322697
1271872000,0.1,0.2332866
1272372000,0.1,0.23333332
1272872000,0.08,0.23339595
1273372000,0.08,0.23345807
1273872000,0.12,0.23352043
1274372000,0.09803922,0.2336315
1274872000,0.1,0.23366381
1275372000,0.1,0.23370829
1275872000,0.1,0.23377092
1276372000,0.1,0.23392224
1276872000,0.08,0.23396921
1277372000,0.12,0.23403159
1277872000,0.1,0.23409246
1278372000,0.1,0.2340932
1278872000,0.1,0.23413992
1279372000,0.1,0.23420255
1279872000,0.08,0.23424901
1280372000,0.1,0.23431163
1280872000,0.1,0.2343561
1281372000,0.1,0.23441823
1281872000,0.08,0.23447639
1282372000,0.1,0.2345226
1282872000,0.08,0.23460783
1283372000,0.1,0.23466921
1283872000,0.1,0.23471592
1284372000,0.1,0.23477755
1284872000,0.1,0.23474127
1285372000,0.08,0.2348029
1285872000,0.1,0.23484762
1286372000,0.1,0.23490974
1286872000,0.1,0.23508294
1287372000,0.12,0.23511426
1287872000,0.1,0.2352052
1288372000,0.1,0.23522085
1288872000,0.1,0.23526733
1289372000,0.12,0.235322
1289872000,0.1,0.23524098
1290372000,0.1,0.23528571
1290872000,0.1,0.23537865
1291372000,0.1,0.23544127
1291872000,0.1,0.23550265
1292372000,0.1,0.2355931
1292872000,0.1,0.23566814
1293372000,0.08,0.23571436
1293872000,0.1,0.23575859
1294372000,0.1,0.23581947
1294872000,0.1,0.23591165
1295372000,0.1,0.23595813
1295872000,0.1,0.2360051
1296372000,0.1,0.23605205
1296872000,0.12,0.23616089
1297372000,0.06,0.2362076
1297872000,0.1,0.23628315
1298372000,0.1,0.23633012
1298872000,0.12,0.23639001
1299372000,0.1,0.23643622
1299872000,0.1,0.2364981
1300372000,0.1,0.2364817
1300872000,0.08,0.23654357
1301372000,0.1,0.23659028
1301872000,0.1,0.23664993
1302372000,0.1,0.23671229
1302872000,0.08,0.23677193
1303372000,0.12,0.23681866
1303872000,0.1,0.23688002
1304372000,0.08,0.2369265
1304872000,0.1,0.23697272
1305372000,0.1,0.2370654
1305872000,0.1,0.23711187
1306372000,0.1,0.23715809
1306872000,0.08,0.23721996
1307372000,0.1,0.23739316
1307872000,0.1,0.23745453
1308372000,0.1,0.23748535
1308872000,0.1,0.23742025
1309372000,0.1,0.23748286
1309872000,0.08,0.23752883
1310372000,0.1,0.23758972
1310872000,0.1,0.23762028
1311372000,0.1,0.23769656
1311872000,0.08,0.23773657
1312372000,0.1,0.23778304
1312872000,0.1,0.23787275
1313372000,0.1,0.23791946
1313872000,0.1,0.23796642
1314372000,0.1,0.23799774
1314872000,0.08,0.23804271
1315372000,0.1,0.23807377
1315872000,0.1,0.23812073
1316372000,0.12,0.23815204
1316872000,0.1,0.23821293
1317372000,0.1,0.23825692
1317872000,0.1,0.23828822
1318372000,0.1,0.2383501
1318872000,0.1,0.23841222
1319372000,0.1,0.23852006
1319872000,0.08,0.23856702
1320372000,0.1,0.23862866
1320872000,0.1,0.23867561
1321372000,0.1,0.23873724
1321872000,0.1,0.23879986
1322372000,0.12,0.23884633
1322872000,0.1,0.23890771
1323372000,0.1,0.2389087
1323872000,0.1,0.23897132
1324372000,0.1,0.23901755
1324872000,0.1,0.23908016
1325372000,0.1,0.23912264
1325872000,0.1,0.23916961
1326372000,0.08,0.2392618
1326872000,0.1,0.23930678
1327372000,0.1,0.23949365
1327872000,0.1,0.2395406
1328372000,0.08,0.23912886
1328872000,0.1,0.23917557
1329372000,0.12,0.23922205
1329872000,0.1,0.23916912
1330372000,0.1,0.23921609
1330872000,0.1,0.23927845
1331372000,0.1,0.23932442
1331872000,0.12,0.2393791
1332372000,0.12,0.23942532
1332872000,0.08,0.23947203
1333372000,0.1,0.2395344
1333872000,0.12,0.23958062
1334372000,0.12,0.23961169
1334872000,0.1,0.2396579
1335372000,0.1,0.23972027
1335872000,0.1,0.23975132
1336372000,0.1,0.23979655
1336872000,0.1,0.23984303
1337372000,0.12,0.23990564
1337872000,0.1,0.23995782
1338372000,0.1,0.24000354
1338872000,0.1,0.24005051
1339372000,0.1,0.2401417
1339872000,0.08,0.24018818
1340372000,0.1,0.24026646
1340872000,0.1,0.24034025
1341372000,0.1,0.24040262
1341872000,0.12,0.24052438
1342372000,0.1,0.2405706
1342872000,0.1,0.24061707
1343372000,0.1,0.24066329
1343872000,0.08,0.24070975
1344372000,0.1,0.24075672
1344872000,0.1,0.24077113
1345372000,0.1,0.24077238
1345872000,0.1,0.2408191
1346372000,0.1,0.24084966
1346872000,0.1,0.24090979
1347372000,0.1,0.24096967
1347872000,0.12,0.2411732
1348372000,0.1,0.2411886
1348872000,0.1,0.24124849
1349372000,0.14,0.24118264
1349872000,0.14,0.24124451
1350372000,0.14,0.24128352
1350872000,0.1,0.24143907
1351372000,0.1,0.2414853
1351872000,0.14,0.24153152
1352372000,0.08,0.24157824
1352872000,0.12,0.24162444
1353372000,0.08,0.24167141
1353872000,0.1,0.24176086
1354372000,0.1,0.24171638
1354872000,0.1,0.24177827
1355372000,0.1,0.24173081
1355872000,0.1,0.24177727
1356372000,0.08,0.24184437
1356872000,0.12,0.24190499
1357372000,0.1,0.24193408
1357872000,0.1,0.2419952
1358372000,0.1,0.24218802
1358872000,0.06,0.24224095
1359372000,0.1,0.24239601
1359872000,0.08,0.24232295
1360372000,0.1,0.24233836
1360872000,0.1,0.2423811
1361372000,0.1,0.24242657
1361872000,0.08,0.24247354
1362372000,0.1,0.24255157
1362872000,0.12,0.24258164
1363372000,0.08,0.2426281
1363872000,0.1,0.24267507
1364372000,0.12,0.24273768
1364872000,0.1,0.24284528
1365372000,0.1,0.24289225
1365872000,0.1,0.24295312
1366372000,0.1,0.2430468
1366872000,0.08,0.24313875
1367372000,0.1,0.24317005
1367872000,0.1,0.24323268
1368372000,0.1,0.24337034
1368872000,0.1,0.24341731
1369372000,0.08,0.24347968
1369872000,0.1,0.24351
1370372000,0.1,0.24344738
1370872000,0.1,0.24350825
1371372000,0.1,0.24356939
1371872000,0.08,0.24361734
1372372000,0.1,0.2436638
1372872000,0.1,0.24371077
1373372000,0.1,0.24377115
1373872000,0.08,0.24381812
1374372000,0.1,0.24387677
1374872000,0.1,0.24389167
1375372000,0.08,0.24393815
1375872000,0.08,0.2439851
1376372000,0.1,0.24403158
1376872000,0.1,0.2440783
1377372000,0.08,0.24412252
1377872000,0.1,0.24416949
1378372000,0.08,0.2442264
1378872000,0.1,0.24439138
1379372000,0.08,0.24443835
1379872000,0.1,0.24448532
1380372000,0.08,0.24453203
1380872000,0.1,0.24456334
1381372000,0.1,0.24459465
1381872000,0.08,0.24464162
1382372000,0.08,0.24468833
1382872000,0.1,0.24475096
1383372000,0.1,0.24478227
1383872000,0.08,0.24482873
1384372000,0.09803922,0.24482848
1384872000,0.08,0.24490277
1385372000,0.1,0.24494974
1385872000,0.1,0.24499671
1386372000,0.08,0.2450576
1386872000,0.1,0.24510431
1387372000,0.08,0.24516444
1387872000,0.1,0.24521066
1388372000,0.08,0.24524197
1388872000,0.1,0.24517463
1389372000,0.08,0.24529962
1389872000,0.1,0.2453441
1390372000,0.08,0.24534534
1390872000,0.1,0.24539205
1391372000,0.08,0.24543406
1391872000,0.08,0.24548027
1392372000,0.1,0.2455409
1392872000,0.08,0.24558687
1393372000,0.1,0.24564801
1393872000,0.08,0.24569348
1394372000,0.08,0.24572454
1394872000,0.1,0.24578518
1395372000,0.1,0.24583189
1395872000,0.08,0.24589327
1396372000,0.08,0.24593973
1396872000,0.1,0.24601527
1397372000,0.08,0.24606149
1397872000,0.08,0.24612312
1398372000,0.1,0.24615368
1398872000,0.1,0.2461686
1399372000,0.1,0.24635248
1399872000,0.1,0.24641211
1400372000,0.08,0.24647449
1400872000,0.1,0.2465202
1401372000,0.1,0.24658258
1401872000,0.08,0.24661762
1402372000,0.08,0.24667923
1402872000,0.1,0.24672545
1403372000,0.08,0.24678732
1403872000,0.1,0.24679951
1404372000,0.08,0.24686164
1404872000,0.1,0.24689169
1405372000,0.08,0.24695407
1405872000,0.1,0.24700029
1406372000,0.08,0.24704675
1406872000,0.1,0.24709323
1407372000,0.08,0.24713969
1407872000,0.1,0.24718294
1408372000,0.08,0.2472453
1408872000,0.1,0.24728929
1409372000,0.08,0.24720629
1409872000,0.1,0.24726643
1410372000,0.1,0.24731314
1410872000,0.1,0.2473437
1411372000,0.1,0.24737476
1411872000,0.1,0.24743515
1412372000,0.1,0.24748161
1412872000,0.08,0.24754299
1413372000,0.1,0.2475425
1413872000,0.1,0.24761903
1414372000,0.1,0.24765034
1414872000,0.1,0.24769557
1415372000,0.1,0.24775794
1415872000,0.1,0.24778874
1416372000,0.08,0.24783571
1416872000,0.1,0.24788217
1417372000,0.08,0.2479289
1417872000,0.1,0.24797586
1418372000,0.1,0.24802233
1418872000,0.08,0.24808297
1419372000,0.08,0.24812968
1419872000,0.1,0.24814881
1420372000,0.1,0.24817987
1420872000,0.1,0.24827877
1421372000,0.08,0.24830933
1421872000,0.1,0.24834065
1422372000,0.08,0.24835381
1422872000,0.1,0.24841544
1423372000,0.1,0.24847582
1423872000,0.08,0.24850713
1424372000,0.1,0.2485372
1424872000,0.08,0.24861349
1425372000,0.1,0.24881402
1425872000,0.08,0.24886073
1426372000,0.1,0.24893528
1426872000,0.1,0.24899592
1427372000,0.08,0.24904163
1427872000,0.1,0.24899442
1428372000,0.08,0.24902499
1428872000,0.1,0.2490876
1429372000,0.1,0.24913408
1429872000,0.12,0.24918999
1430372000,0.08,0.24923645
1430872000,0.1,0.24932839
1431372000,0.08,0.24934354
1431872000,0.1,0.24935871
1432372000,0.08,0.24941935
1432872000,0.1,0.24946457
1433372000,0.1,0.24951153
1433872000,0.08,0.2495821
1434372000,0.1,0.24964422
1434872000,0.1,0.24968995
1435372000,0.1,0.249721
1435872000,0.1,0.2497717
1436372000,0.1,0.24982661
1436872000,0.1,0.24988103
1437372000,0.1,0.2499434
1437872000,0.1,0.2500346
1438372000,0.1,0.25005
1438872000,0.1,0.25009748
1439372000,0.1,0.2501755
1439872000,0.1,0.25022247
1440372000,0.12,0.2503944
1440872000,0.1,0.2504409
1441372000,0.1,0.250503
1441872000,0.1,0.25056264
1442372000,0.12,0.25048015
1442872000,0.1,0.25054225
1443372000,0.1,0.25058922
1443872000,0.1,0.25063595
1444372000,0.12,0.2506824
1444872000,0.1,0.25074503
1445372000,0.1,0.2507915
1445872000,0.1,0.25086805
1446372000,0.1,0.2508837
1446872000,0.1,0.25093016
1447372000,0.1,0.25096148
1447872000,0.1,0.25109938
1448372000,0.1,0.25114635
1448872000,0.1,0.25119132
1449372000,0.12,0.25123903
1449872000,0.1,0.25129843
1450372000,0.1,0.25146964
1450872000,0.1,0.25153175
1451372000,0.1,0.25151536
1451872000,0.1,0.25155362
1452372000,0.1,0.25160033
1452872000,0.1,0.25164706
1453372000,0.12,0.25172284
1453872000,0.1,0.25178522
1454372000,0.1,0.2518461
1454872000,0.1,0.25190797
1455372000,0.12,0.2518394
1455872000,0.1,0.2518707
1456372000,0.1,0.2519164
1456872000,0.1,0.25199443
1457372000,0.1,0.25205657
1457872000,0.12,0.25210354
1458372000,0.1,0.25216565
1458872000,0.1,0.25222802
1459372000,0.1,0.2522755
1459872000,0.12,0.25233635
1460372000,0.1,0.252397
1460872000,0.12,0.25243923
1461372000,0.1,0.25248522
1461872000,0.1,0.2526338
1462372000,0.1,0.25268078
1462872000,0.1,0.25272748
1463372000,0.1,0.25277397
1463872000,0.1,0.25283584
1464372000,0.1,0.25288206
1464872000,0.12,0.25292802
1465372000,0.1,0.25297475
1465872000,0.1,0.25303662
1466372000,0.1,0.25308284
1466872000,0.1,0.25312907
1467372000,0.1,0.25315937
1467872000,0.1,0.25322
1468372000,0.12,0.25325006
1468872000,0.1,0.25334176
1469372000,0.1,0.25343496
1469872000,0.12,0.25348166
1470372000,0.1,0.25354305
1470872000,0.1,0.25360045
1471372000,0.1,0.2536613
1471872000,0.12,0.25376892
1472372000,0.1,0.25383028
1472872000,0.1,0.253877
1473372000,0.1,0.2539548
1473872000,0.1,0.25401318
1474372000,0.1,0.2540711
1474872000,0.1,0.2541173
1475372000,0.12,0.25413147
1475872000,0.1,0.25417644
1476372000,0.1,0.25422215
1476872000,0.12,0.25428453
1477372000,0.1,0.2543464
1477872000,0.1,0.25440854
1478372000,0.1,0.25445524
1478872000,0.1,0.25456035
1479372000,0.1,0.25462222
1479872000,0.1,0.25466895
1480372000,0.1,0.25471565
1480872000,0.08,0.25476187
1481372000,0.1,0.2549336
1481872000,0.1,0.25499374
1482372000,0.1,0.25479543
1482872000,0.1,0.25487196
1483372000,0.08,0.25495
1483872000,0.08,0.25502726
1484372000,0.1,0.25507423
1484872000,0.1,0.25513685
1485372000,0.1,0.25519946
1485872000,0.08,0.25526208
1486372000,0.1,0.25530732
1486872000,0.1,0.2553543
1487372000,0.1,0.25540125
1487872000,0.1,0.25546363
1488372000,0.08,0.25552598
1488872000,0.1,0.25557294
1489372000,0.1,0.2556199
1489872000,0.08,0.25568253
1490372000,0.1,0.2557131
1490872000,0.08,0.25577572
1491372000,0.1,0.25593153
1491872000,0.08,0.25589076
1492372000,0.1,0.2559529
1492872000,0.08,0.25601378
1493372000,0.1,0.25606075
1493872000,0.08,0.25609204
1494372000,0.1,0.25613877
1494872000,0.1,0.2561835
1495372000,0.08,0.25624585
1495872000,0.1,0.25629258
1496372000,0.08,0.25629482
1496872000,0.1,0.25635743
1497372000,0.08,0.2564178
1497872000,0.1,0.25646427
1498372000,0.1,0.25650778
1498872000,0.1,0.2565704
1499372000,0.08,0.2566156
1499872000,0.1,0.25665936
1500372000,0.1,0.25672174
1500872000,0.08,0.25681368
1501372000,0.1,0.25682932
1501872000,0.1,0.25687355
1502372000,0.1,0.25692028
1502872000,0.1,0.25704527
1503372000,0.1,0.2570922
1503872000,0.1,0.25715435
1504372000,0.08,0.25721696
1504872000,0.1,0.25724778
1505372000,0.1,0.25729474
1505872000,0.1,0.2573698
1506372000,0.1,0.25735512
1506872000,0.1,0.2574016
1507372000,0.1,0.2574796
1507872000,0.1,0.2575395
1508372000,0.1,0.25758648
1508872000,0.1,0.25763294
1509372000,0.1,0.2577035
1509872000,0.1,0.25778154
1510372000,0.08,0.25782526
1510872000,0.1,0.25790256
1511372000,0.1,0.25796467
1511872000,0.1,0.25815055
1512372000,0.1,0.25821292
1512872000,0.1,0.2581458
1513372000,0.1,0.25818607
1513872000,0.1,0.2582328
1514372000,0.1,0.25827852
1514872000,0.1,0.25833318
1515372000,0.1,0.25839505
1515872000,0.1,0.25844178
1516372000,0.1,0.25850415
1516872000,0.1,0.25855038
1517372000,0.1,0.25859657
1517872000,0.1,0.2586433
1518372000,0.08,0.25872058
1518872000,0.1,0.25876755
1519372000,0.08,0.2588289
1519872000,0.1,0.25886
1520372000,0.1,0.2589221
1520872000,0.1,0.2590779
1521372000,0.1,0.2591383
1521872000,0.1,0.2591967
1522372000,0.1,0.25936118
1522872000,0.1,0.2594238
1523372000,0.1,0.25946853
1523872000,0.1,0.25952917
1524372000,0.1,0.259597
1524872000,0.1,0.25959453
1525372000,0.1,0.25964072
1525872000,0.1,0.25970262
1526372000,0.1,0.25976375
1526872000,0.08,0.25984004
1527372000,0.1,0.25988474
1527872000,0.08,0.25985742
1528372000,0.1,0.2599188
1528872000,0.1,0.25997943
1529372000,0.08,0.26007086
1529872000,0.1,0.2601407
1530372000,0.1,0.26020035
1530872000,0.1,0.26023066
1531372000,0.1,0.2602463
1531872000,0.1,0.2603226
1532372000,0.1,0.26037106
1532872000,0.1,0.2603862
1533372000,0.1,0.26041478
1533872000,0.1,0.26044285
1534372000,0.1,0.26048288
1534872000,0.1,0.2604983
1535372000,0.1,0.2605738
1535872000,0.1,0.26062077
1536372000,0.12,0.26068217
1536872000,0.1,0.26074278
1537372000,0.1,0.26078776
1537872000,0.1,0.2608345
1538372000,0.12,0.26091176
1538872000,0.1,0.2609585
1539372000,0.1,0.2610047
1539872000,0.1,0.26106483
1540372000,0.1,0.2610959
1540872000,0.08,0.26115653
1541372000,0.1,0.26118734
1541872000,0.1,0.2612629
1542372000,0.1,0.26131704
1542872000,0.1,0.26149598
1543372000,0.1,0.26151162
1543872000,0.08,0.26156953
1544372000,0.1,0.2616145
1544872000,0.08,0.26165947
1545372000,0.1,0.26172185
1545872000,0.1,0.26176882
1546372000,0.08,0.26181552
1546872000,0.1,0.261863
1547372000,0.1,0.26192537
1547872000,0.1,0.26198772
1548372000,0.1,0.26203445
1548872000,0.1,0.26195168
1549372000,0.08,0.26190722
1549872000,0.1,0.2619835
1550372000,0.1,0.26203048
1550872000,0.1,0.26206177
1551372000,0.1,0.26210874
1551872000,0.08,0.26220194
1552372000,0.1,0.26235723
1552872000,0.1,0.26254484
1553372000,0.1,0.26262286
1553872000,0.1,0.26266983
1554372000,0.08,0.26274785
1554872000,0.08,0.26276276
1555372000,0.1,0.2628095
1555872000,0.1,0.26287186
1556372000,0.1,0.26291883
1556872000,0.1,0.26296306
1557372000,0.08,0.26304108
1557872000,0.1,0.26308805
1558372000,0.1,0.26313475
1558872000,0.1,0.26319712
1559372000,0.09259259,0.2645514
1559872000,0.1,0.26458246
1560372000,0.1,0.26464036
1560872000,0.1,0.26470274
1561372000,0.08,0.26476535
1561872000,0.1,0.26482773
1562372000,0.1,0.2648742
1562872000,0.1,0.26490104
1563372000,0.08,0.26496366
1563872000,0.1,0.26501063
1564372000,0.1,0.26505733
1564872000,0.1,0.26510257
1565372000,0.1,0.2651649
1565872000,0.1,0.2652566
1566372000,0.1,0.2652566
1566872000,0.08,0.26531774
1567372000,0.1,0.26536372
1567872000,0.1,0.2654256
1568372000,0.08,0.2654723
1568872000,0.1,0.26552448
1569372000,0.1,0.26558685
1569872000,0.1,0.26563358
1570372000,0.08,0.2656793
1570872000,0.08,0.26574168
1571372000,0.08,0.2657874
1571872000,0.1,0.26581845
1572372000,0.08,0.26589423
1572872000,0.1,0.26598495
1573372000,0.1,0.26617754
1573872000,0.1,0.26622447
1574372000,0.08,0.26628637
1574872000,0.1,0.26634848
1575372000,0.08,0.2664111
1575872000,0.1,0.26645607
1576372000,0.1,0.26651648
1576872000,0.1,0.26657882
1577372000,0.08,0.26662457
1577872000,0.1,0.26661438
1578372000,0.1,0.26667625
1578872000,0.1,0.26672247
1579372000,0.1,0.26676643
1579872000,0.1,0.2668288
1580372000,0.1,0.26688844
1580872000,0.1,0.26696473
1581372000,0.08,0.26691628
1581872000,0.1,0.26700127
1582372000,0.1,0.26706263
1582872000,0.08,0.26712477
1583372000,0.1,0.26729622
1583872000,0.1,0.26738146
1584372000,0.1,0.26744333
1584872000,0.1,0.26741153
1585372000,0.08,0.26744086
1585872000,0.1,0.2675017
1586372000,0.1,0.26751664
1586872000,0.1,0.26757753
1587372000,0.1,0.26759243
1587872000,0.1,0.26749426
1588372000,0.1,0.26760262
1588872000,0.1,0.2677112
1589372000,0.1,0.26778898
1589872000,0.1,0.26786527
1590372000,0.08,0.2679423
1590872000,0.1,0.26800293
1591372000,0.1,0.26804915
1591872000,0.1,0.2680956
1592372000,0.08,0.2680787
1592872000,0.1,0.2681411
1593372000,0.1,0.26820222
1593872000,0.1,0.26837045
1594372000,0.1,0.2682795
1594872000,0.1,0.2683252
1595372000,0.12,0.2683876
1595872000,0.08,0.2684338
1596372000,0.1,0.26848054
1596872000,0.12,0.2685424
1597372000,0.1,0.2685891
1597872000,0.1,0.26863533
1598372000,0.1,0.26869747
1598872000,0.08,0.26875758
1599372000,0.1,0.26881772
1599872000,0.1,0.2688796
1600372000,0.1,0.26895663
1600872000,0.08,0.26903242
1601372000,0.08,0.2690948
1601872000,0.1,0.26914027
1602372000,0.08,0.2692183
1602872000,0.1,0.269264
1603372000,0.1,0.26931074
1603872000,0.08,0.2694976
1604372000,0.1,0.26943076
1604872000,0.1,0.26949212
1605372000,0.08,0.2695391
1605872000,0.1,0.26961216
1606372000,0.08,0.26978362
1606872000,0.1,0.2698609
1607372000,0.1,0.26990762
1607872000,0.1,0.27001396
1608372000,0.1,0.27010915
1608872000,0.1,0.27024978
1609372000,0.1,0.2703104
1609872000,0.08,0.2703569
1610372000,0.08,0.27041826
1610872000,0.1,0.27048063
1611372000,0.1,0.27052733
1611872000,0.1,0.2706506
1612372000,0.08,0.27071297
1612872000,0.1,0.27075967
1613372000,0.1,0.2708064
1613872000,0.08,0.2708531
1614372000,0.1,0.27103972
1614872000,0.1,0.27111578
1615372000,0.08,0.27114633
1615872000,0.1,0.27106482
1616372000,0.08,0.27112743
1616872000,0.08,0.27119008
1617372000,0.1,0.2712363
1617872000,0.1,0.271283
1618372000,0.08,0.26993272
1618872000,0.08,0.26997867
1619372000,0.1,0.2700254
1619872000,0.08,0.2700706
1620372000,0.08,0.2701181
1620872000,0.08,0.27020705
1621372000,0.09615385,0.27153647
1621872000,0.1,0.27158293
1622372000,0.08,0.2716299
1622872000,0.08,0.27170792
1623372000,0.1,0.27175638
1623872000,0.08,0.2718155
1624372000,0.1,0.27197728
1624872000,0.08,0.27204016
1625372000,0.08,0.27209234
1625872000,0.06,0.27214676
1626372000,0.08,0.27222478
1626872000,0.08,0.27227175
1627372000,0.1,0.27233213
1627872000,0.06,0.27237934
1628372000,0.08,0.27234033
1628872000,0.1,0.27237138
1629372000,0.08,0.2724161
1629872000,0.1,0.27247873
1630372000,0.08,0.27254087
1630872000,0.1,0.2726025
1631372000,0.08,0.2726487
1631872000,0.1,0.27269542
1632372000,0.08,0.27275506
1632872000,0.08,0.27280203
1633372000,0.1,0.27284798
1633872000,0.1,0.27291062
1634372000,0.06,0.2716689
1634872000,0.1,0.27184087
1635372000,0.08,0.27193403
1635872000,0.1,0.27196535
1636372000,0.1,0.27201903
1636872000,0.08,0.27205828
1637372000,0.1,0.27199194
1637872000,0.09803922,0.27336758
1638372000,0.1,0.27342996
1638872000,0.1,0.27347693
1639372000,0.1,0.2735316
1639872000,0.08,0.27357855
1640372000,0.1,0.27362454
1640872000,0.08,0.27368715
1641372000,0.1,0.27373138
1641872000,0.08,0.273834
1642372000,0.1,0.27397364
1642872000,0.08,0.2740206
1643372000,0.1,0.27406535
1643872000,0.1,0.27412722
1644372000,0.1,0.27417368
1644872000,0.08,0.27432352
1645372000,0.1,0.27425644
1645872000,0.08,0.27430266
1646372000,0.08,0.27436477
1646872000,0.1,0.27441895
1647372000,0.1,0.27446368
1647872000,0.1,0.2748421
1648372000,0.08,0.27488786
1648872000,0.06,0.27496538
1649372000,0.06,0.2750116
1649872000,0.08,0.2750655
1650372000,0.06,0.27513957
1650872000,0.06,0.27516988
1651372000,0.08,0.27521586
1651872000,0.1,0.27597824
1652372000,0.08,0.27603835
1652872000,0.1,0.27609974
1653372000,0.1,0.27616212
1653872000,0.08,0.27619117
1654372000,0.1,0.27626872
1654872000,0.1,0.2763358
1655372000,0.1,0.2763701
1655872000,0.08,0.2764163
1656372000,0.1,0.27646253
1656872000,0.1,0.276509
1657372000,0.12,0.27659422
1657872000,0.08,0.27663848
1658372000,0.1,0.2766382
1658872000,0.12,0.27668294
1659372000,0.1,0.2767294
1659872000,0.1,0.27677512
1660372000,0.08,0.27682185
1660872000,0.12,0.2768683
1661372000,0.1,0.276795
1661872000,0.12,0.27685714
1662372000,0.1,0.27691776
1662872000,0.1,0.27696398
1663372000,0.1,0.2770107
1663872000,0.12,0.27704102
1664372000,0.1,0.27713245
1664872000,0.12,0.27720875
1665372000,0.1,0.27726018
1665872000,0.1,0.2772751
1666372000,0.1,0.27730617
1666872000,0.1,0.27738965
1667372000,0.1,0.27746668
1667872000,0.08,0.27751315
1668372000,0.1,0.2776379
1668872000,0.1,0.27768487
1669372000,0.1,0.27774698
1669872000,0.1,0.27780935
1670372000,0.08,0.27788538
1670872000,0.1,0.27794802
1671372000,0.08,0.27799496
1671872000,0.1,0.2780044
1672372000,0.1,0.2780407
1672872000,0.08,0.278072
1673372000,0.1,0.27810332
1673872000,0.1,0.2781346
1674372000,0.08,0.2781955
1674872000,0.1,0.27818084
1675372000,0.1,0.27824345
1675872000,0.08,0.27841443
1676372000,0.1,0.27850613
1676872000,0.1,0.27855283
1677372000,0.08,0.2785998
1677872000,0.1,0.27864626
1678372000,0.1,0.27869323
1678872000,0.08,0.27873996
1679372000,0.1,0.27878493
1679872000,0.08,0.27886096
1680372000,0.1,0.27890792
1680872000,0.08,0.27898347
1681372000,0.1,0.27890196
1681872000,0.1,0.27893302
1682372000,0.1,0.27898
1682872000,0.08,0.2790426
1683372000,0.08,0.27910498
1683872000,0.1,0.2791353
1684372000,0.08,0.27918202
1684872000,0.1,0.27922872
1685372000,0.08,0.27929085
1685872000,0.12,0.27944764
1686372000,0.08,0.2794946
1686872000,0.1,0.27954158
1687372000,0.08,0.27949038
1687872000,0.1,0.2795217
1688372000,0.1,0.27959698
1688872000,0.08,0.27967477
1689372000,0.12,0.27972147
1689872000,0.08,0.27978384
1690372000,0.1,0.27905405
1690872000,0.1,0.27910075
1691372000,0.06,0.27917877
1691872000,0.08,0.2792389
1692372000,0.1,0.2779674
1692872000,0.08,0.27802753
1693372000,0.1,0.27801162
1693872000,0.08,0.27806628
1694372000,0.08,0.27809736
1694872000,0.1,0.27822235
1695372000,0.1,0.2782847
1695872000,0.08,0.27834684
1696372000,0.1,0.27854264
1696872000,0.08,0.2785598
1697372000,0.08,0.2786065
1697872000,0.1,0.27866963
1698372000,0.1,0.2786674
1698872000,0.1,0.2787417
1699372000,0.1,0.27877074
1699872000,0.08,0.27883288
1700372000,0.1,0.27873546
1700872000,0.08,0.27876627
1701372000,0.1,0.2788443
1701872000,0.08,0.27890694
1702372000,0.08,0.27894568
1702872000,0.08,0.27897528
1703372000,0.08,0.2790374
1703872000,0.08,0.27911493
1704372000,0.1,0.279146
1704872000,0.08,0.2791728
1705372000,0.1,0.27921656
1705872000,0.08,0.27924687
1706372000,0.1,0.27928066
1706872000,0.1,0.27932787
1707372000,0.08,0.27939025
1707872000,0.1,0.27945188
1708372000,0.1,0.27949113
1708872000,0.08,0.27956668
1709372000,0.08,0.2796124
1709872000,0.08,0.27965885
1710372000,0.12,0.27968994
1710872000,0.08,0.2797518
1711372000,0.08,0.27979878
1711872000,0.08,0.27985963
1712372000,0.1,0.2799066
1712872000,0.08,0.27995133
1713372000,0.08,0.28001124
1713872000,0.1,0.280086
1714372000,0.1,0.28013298
1714872000,0.08,0.2801792
1715372000,0.1,0.28022516
1715872000,0.08,0.28028706
1716372000,0.08,0.28036457
1716872000,0.1,0.28054348
1717372000,0.1,0.2805897
1717872000,0.08,0.2806496
1718372000,0.1,0.28071147
1718872000,0.1,0.28077236
1719372000,0.1,0.2808347
1719872000,0.08,0.28088045
1720372000,0.08,0.28096244
1720872000,0.1,0.28102458
1721372000,0.1,0.28107154
1721872000,0.08,0.28114906
1722372000,0.12,0.28111327
1722872000,0.09615385,0.2812107
1723372000,0.1,0.28125766
1723872000,0.1,0.28130463
1724372000,0.1,0.28132075
1724872000,0.1,0.2813973
1725372000,0.1,0.28144425
1725872000,0.08,0.28149122
1726372000,0.1,0.2815377
1726872000,0.08,0.28174716
1727372000,0.1,0.2817929
1727872000,0.08,0.28183985
1728372000,0.1,0.28187066
1728872000,0.08,0.28191814
1729372000,0.1,0.2819646
1729872000,0.1,0.28194547
1730372000,0.08,0.28199244
1730872000,0.1,0.28205407
1731372000,0.08,0.28210077
1731872000,0.1,0.28215668
1732372000,0.08,0.28221932
1732872000,0.08,0.28223544
1733372000,0.1,0.28223646
1733872000,0.1,0.28223646
1734372000,0.08,0.28229907
1734872000,0.08,0.28229782
1735372000,0.1,0.28232914
1735872000,0.08,0.28238976
1736372000,0.1,0.2824524
1736872000,0.08,0.282641
1737372000,0.06,0.2827036
1737872000,0.08,0.28275058
1738372000,0.08,0.28282887
1738872000,0.08,0.28286016
1739372000,0.1,0.28292277
1739872000,0.1,0.2829695
1740372000,0.08,0.28301647
1740872000,0.1,0.28294888
1741372000,0.1,0.28299534
1741872000,0.1,0.28307164
1742372000,0.08,0.28308678
1742872000,0.1,0.28317848
1743372000,0.1,0.28322494
1743872000,0.08,0.28327167
1744372000,0.1,0.28331813
1744872000,0.1,0.2834103
1745372000,0.1,0.2834866
1745872000,0.1,0.28351766
1746372000,0.08,0.28360936
1746872000,0.1,0.28364018
1747372000,0.08,0.2843034
1747872000,0.08,0.28434986
1748372000,0.1,0.28441247
1748872000,0.12,0.2844823
1749372000,0.1,0.28454491
1749872000,0.1,0.2845914
1750372000,0.08,0.28463835
1750872000,0.1,0.28469875
1751372000,0.08,0.2847457
1751872000,0.1,0.28480783
1752372000,0.08,0.28483915
1752872000,0.1,0.28486994
1753372000,0.1,0.28481802
1753872000,0.1,0.2848804
1754372000,0.1,0.28495568
1754872000,0.08,0.2850168
1755372000,0.08,0.28513956
1755872000,0.1,0.2851863
1756372000,0.08,0.2852315
1756872000,0.1,0.28529412
1757372000,0.1,0.28539875
1757872000,0.1,0.28544545
1758372000,0.1,0.28556
1758872000,0.08,0.28559083
1759372000,0.08,0.28566834
1759872000,0.08,0.28572997
1760372000,0.08,0.28582364
1760872000,0.1,0.2858234
1761372000,0.06,0.28583783
1761872000,0.06,0.2858639
1762372000,0.1,0.28594193
1762872000,0.078431375,0.2872398
1763372000,0.08,0.28725547
1763872000,0.1,0.28728676
1764372000,0.08,0.28733173
1764872000,0.1,0.28739187
1765372000,0.08,0.28742293
1765872000,0.1,0.28749847
1766372000,0.08,0.28754395
1766872000,0.1,0.2876195
1767372000,0.08,0.28766572
1767872000,0.1,0.28652066
1768372000,0.1,0.2865356
1768872000,0.08,0.2865833
1769372000,0.08,0.2866285
1769872000,0.1,0.2866894
1770372000,0.08,0.28672022
1770872000,0.1,0.28676718
1771372000,0.08,0.28681314
1771872000,0.1,0.28684446
1772372000,0.08,0.28693143
1772872000,0.1,0.2869779
1773372000,0.1,0.28704002
1773872000,0.1,0.28708574
1774372000,0.1,0.2871317
1774872000,0.08,0.28720826
1775372000,0.1,0.28710836
1775872000,0.08,0.28715533
1776372000,0.1,0.28718588
1776872000,0.1,0.28723285
1777372000,0.1,0.28729448
1777872000,0.1,0.28746644
1778372000,0.08,0.28752804
1778872000,0.08,0.287575
1779372000,0.1,0.28762123
1779872000,0.1,0.28766695
1780372000,0.1,0.28774273
1780872000,0.08,0.2876749
1781372000,0.1,0.2877209
1781872000,0.1,0.28779864
1782372000,0.1,0.28782997
1782872000,0.12,0.2878906
1783372000,0.1,0.2879368
1783872000,0.08,0.28799918
1784372000,0.08,0.28806105
1784872000,0.1,0.28810778
1785372000,0.1,0.28821662
1785872000,0.12,0.28823128
1786372000,0.1,0.28828844
1786872000,0.08,0.2883349
1787372000,0.1,0.28839478
1787872000,0.08,0.2884405
1788372000,0.1,0.28862813
1788872000,0.06,0.28864774
1789372000,0.08,0.2885809
1789872000,0.08,0.28865668
1790372000,0.08,0.28871906
1790872000,0.1,0.2887501
1791372000,0.08,0.28884032
1791872000,0.08,0.28894767
1792372000,0.1,0.2890093
1792872000,0.08,0.28908658
1793372000,0.1,0.28914896
1793872000,0.1,0.28919417
1794372000,0.08,0.2892414
1794872000,0.1,0.2892712
1795372000,0.08,0.28931692
1795872000,0.1,0.2893788
1796372000,0.1,0.28942204
1796872000,0.1,0.289801
1797372000,0.1,0.28986335
1797872000,0.08,0.28992525
1798372000,0.08,0.2901096
1798872000,0.08,0.2901874
1799372000,0.06,0.29029673
1799872000,0.08,0.2902965
1800372000,0.1,0.29034072
1800872000,0.1,0.290254
1801372000,0.08,0.29031587
1801872000,0.12,0.29037574
1802372000,0.08,0.2911637
1802872000,0.1,0.29027736
1803372000,0.1,0.29033798
1803872000,0.08,0.2904001
1804372000,0.1,0.29100195
1804872000,0.1,0.29104868
1805372000,0.1,0.29107922
1805872000,0.06,0.29117116
1806372000,0.1,0.2912174
1806872000,0.08,0.29124796
1807372000,0.1,0.29132548
1807872000,0.1,0.29138735
1808372000,0.1,0.29145718
1808872000,0.1,0.29149097
1809372000,0.1,0.29156676
1809872000,0.08,0.29162863
1810372000,0.1,0.29168928
1810872000,0.1,0.29173476
1811372000,0.1,0.29181102
1811872000,0.12,0.29187042
1812372000,0.1,0.29202646
1812872000,0.08,0.29207245
1813372000,0.1,0.2921194
1813872000,0.12,0.29216513
1814372000,0.1,0.2922275
1814872000,0.1,0.29228765
1815372000,0.1,0.2923659
1815872000,0.12,0.29236642
1816372000,0.08,0.29237983
1816872000,0.12,0.29242605
1817372000,0.1,0.29247302
1817872000,0.1,0.29253513
1818372000,0.1,0.2925821
1818872000,0.06,0.29278958
1819372000,0.08,0.2928522
1819872000,0.1,0.2929183
1820372000,0.1,0.29298043
1820872000,0.1,0.29292053
1821372000,0.1,0.29298216
1821872000,0.08,0.29307163
1822372000,0.1,0.29310268
1822872000,0.1,0.293134
1823372000,0.08,0.29316506
1823872000,0.08,0.29318047
1824372000,0.1,0.29321128
1824872000,0.1,0.29320928
1825372000,0.1,0.2932714
1825872000,0.08,0.2933308
1826372000,0.08,0.29340833
1826872000,0.06,0.29348534
1827372000,0.08,0.29353157
1827872000,0.1,0.2935947
1828372000,0.08,0.2936255
1828872000,0.12,0.2936782
1829372000,0.08,0.29369184
1829872000,0.1,0.29376763
1830372000,0.08,0.29381412
1830872000,0.08,0.29386106
1831372000,0.1,0.2939078
1831872000,0.1,0.2939704
1832372000,0.08,0.29403228
1832872000,0.1,0.29409316
1833372000,0.08,0.29416946
1833872000,0.1,0.29423007
1834372000,0.1,0.2942763
1834872000,0.1,0.2943389
1835372000,0.08,0.29438537
1835872000,0.1,0.29341155
1836372000,0.08,0.293458
1836872000,0.08,0.29353556
1837372000,0.1,0.2936133
1837872000,0.08,0.29369807
1838372000,0.1,0.29372093
1838872000,0.08,0.2937679
1839372000,0.1,0.29392916
1839872000,0.08,0.29384667
1840372000,0.12,0.2938929
1840872000,0.06,0.2939699
1841372000,0.1,0.2940713
1841872000,0.1,0.29411826
1842372000,0.1,0.2941804
1842872000,0.08,0.29422635
1843372000,0.12,0.29427257
1843872000,0.1,0.29431954
1844372000,0.08,0.29439583
1844872000,0.1,0.2943809
1845372000,0.1,0.29442665
1845872000,0.1,0.29454815
1846372000,0.1,0.29460979
1846872000,0.08,0.29465675
1847372000,0.12,0.29470322
1847872000,0.08,0.29473403
1848372000,0.08,0.29479665
1848872000,0.1,0.2948431
1849372000,0.08,0.29490572
1849872000,0.1,0.29510826
1850372000,0.1,0.29504114
1850872000,0.08,0.2950869
1851372000,0.08,0.2951336
1851872000,0.1,0.29506004
1852372000,0.1,0.2950881
1852872000,0.08,0.29515025
1853372000,0.1,0.29518154
1853872000,0.08,0.29521236
1854372000,0.12,0.29524145
1854872000,0.08,0.2952561
1855372000,0.06,0.2953028
1855872000,0.1,0.29531723
1856372000,0.08,0.29536393
1856872000,0.12,0.29544345
1857372000,0.08,0.29544345
1857872000,0.1,0.29550582
1858372000,0.08,0.29556796
1858872000,0.1,0.295644
1859372000,0.08,0.29568923
1859872000,0.08,0.2958778
1860372000,0.1,0.2959402
1860872000,0.1,0.29598618
1861372000,0.08,0.2960331
1861872000,0.08,0.2960791
1862372000,0.1,0.2961258
1862872000,0.08,0.29618794
1863372000,0.12,0.29624906
1863872000,0.08,0.2963107
1864372000,0.1,0.2963713
1864872000,0.08,0.2964178
1865372000,0.1,0.29647744
1865872000,0.12,0.29653978
1866372000,0.08,0.29645905
1866872000,0.1,0.29651916
1867372000,0.08,0.29656366
1867872000,0.08,0.2966069
1868372000,0.1,0.29663745
1868872000,0.08,0.29668394
1869372000,0.1,0.29673088
1869872000,0.1,0.29677635
1870372000,0.08,0.2967913
1870872000,0.12,0.29691303
1871372000,0.08,0.29695976
1871872000,0.1,0.29702014
1872372000,0.1,0.2970671
1872872000,0.1,0.29712772
1873372000,0.08,0.29723457
1873872000,0.1,0.29722065
1874372000,0.08,0.29730788
1874872000,0.12,0.29733893
1875372000,0.1,0.29785556
1875872000,0.08,0.29801807
1876372000,0.08,0.29804865
1876872000,0.1,0.29807994
1877372000,0.08,0.2981264
1877872000,0.1,0.298189
1878372000,0.08,0.2982355
1878872000,0.1,0.29813087
1879372000,0.1,0.29814553
1879872000,0.1,0.29830682
1880372000,0.08,0.29847008
1880872000,0.1,0.2985307
1881372000,0.08,0.2985307
1881872000,0.08,0.29845813
1882372000,0.08,0.2980449
1882872000,0.1,0.29812244
1883372000,0.06,0.2981843
1883872000,0.08,0.29824495
1884372000,0.1,0.29829165
1884872000,0.08,0.2982889
1885372000,0.1,0.29833588
1885872000,0.08,0.2983667
1886372000,0.1,0.29840943
1886872000,0.08,0.2984405
1887372000,0.1,0.2985138
1887872000,0.08,0.29854313
1888372000,0.12,0.2985697
1888872000,0.08,0.29861617
1889372000,0.1,0.2986629
1889872000,0.1,0.2987096
1890372000,0.08,0.2987859
1890872000,0.08,0.29895687
1891372000,0.08,0.29900357
1891872000,0.1,0.29893848
1892372000,0.08,0.29896903
1892872000,0.1,0.29899985
1893372000,0.08,0.29904607
1893872000,0.1,0.2990923
1894372000,0.08,0.2991375
1894872000,0.1,0.2991529
1895372000,0.08,0.2992297
1895872000,0.1,0.29926077
1896372000,0.12,0.2993199
1896872000,0.08,0.29938078
1897372000,0.08,0.2994275
1897872000,0.06,0.29949012
1898372000,0.1,0.29956764
1898872000,0.08,0.2996146
1899372000,0.1,0.29964593
1899872000,0.08,0.29972345
1900372000,0.08,0.29977018
1900872000,0.08,0.29998735
1901372000,0.06,0.300048
1901872000,0.08,0.30026218
1902372000,0.1,0.3001295
1902872000,0.1,0.30019212
1903372000,0.08,0.30025274
1903872000,0.1,0.30029896
1904372000,0.08,0.3003457
1904872000,0.1,0.30039188
1905372000,0.1,0.30042297
1905872000,0.1,0.30042222
1906372000,0.12,0.30046916
1906872000,0.1,0.30051515
1907372000,0.1,0.3005621
1907872000,0.08,0.30062422
1908372000,0.1,0.3007
1908872000,0.1,0.3007619
1909372000,0.12,0.30080885
1909872000,0.1,0.3008444
1910372000,0.1,0.30089137
1910872000,0.08,0.30095348
1911372000,0.1,0.30153024
1911872000,0.1,0.30155507
1912372000,0.08,0.30158588
1912872000,0.1,0.30164728
1913372000,0.1,0.3016781
1913872000,0.08,0.30170915
1914372000,0.08,0.30175585
1914872000,0.1,0.3017842
1915372000,0.1,0.30183116
1915872000,0.08,0.3018617
1916372000,0.1,0.30190867
1916872000,0.08,0.30194
1917372000,0.08,0.3019852
1917872000,0.12,0.302061
1918372000,0.08,0.30210525
1918872000,0.1,0.30216736
1919372000,0.1,0.30219868
1919872000,0.08,0.30225855
1920372000,0.1,0.30230552
1920872000,0.08,0.3023525
1921372000,0.1,0.3025699
1921872000,0.08,0.30260098
1922372000,0.08,0.30264768
1922872000,0.1,0.30258408
1923372000,0.08,0.30264497
1923872000,0.1,0.30269143
1924372000,0.12,0.3027384
1924872000,0.1,0.30278486
1925372000,0.08,0.30286238
1925872000,0.08,0.30297148
1926372000,0.08,0.30303112
1926872000,0.1,0.3030935
1927372000,0.1,0.30317125
1927872000,0.1,0.30318666
1928372000,0.08,0.30324805
1928872000,0.1,0.30323312
1929372000,0.1,0.30327812
1929872000,0.1,0.30332482
1930372000,0.08,0.30338645
1930872000,0.1,0.30343318
1931372000,0.1,0.30349505
1931872000,0.1,0.30368164
1932372000,0.1,0.30375943
1932872000,0.08,0.30380565
1933372000,0.1,0.3037085
1933872000,0.1,0.3037629
1934372000,0.1,0.30382553
1934872000,0.1,0.30385685
1935372000,0.08,0.30388767
1935872000,0.1,0.30393437
1936372000,0.08,0.30401164
1936872000,0.08,0.30408794
1937372000,0.08,0.30413467
1937872000,0.1,0.30601224
