t_sec,x,y,z,solve_ms,n_passed_gate,n_rejected_gate,trace_P
4.604,0.0045,1.0243,0.0006,1.886,2,2,0.006103
4.701,0.0020,1.0027,-0.0084,0.350,2,2,0.002365
4.802,0.0014,1.0027,0.0006,0.609,2,2,0.001558
4.902,0.0011,1.0069,0.0015,0.644,2,2,0.001242
5.002,0.0009,1.0140,0.0047,0.532,2,2,0.001093
5.102,0.0007,1.0145,0.0057,0.470,2,2,0.001016
5.201,0.0006,0.9939,0.0024,0.378,2,2,0.000974
5.301,0.0005,0.9872,0.0014,0.423,2,2,0.000951
5.402,0.0005,1.0089,-0.0019,0.634,2,2,0.000938
5.502,0.0004,1.0188,-0.0059,0.492,2,2,0.000931
5.601,0.0004,1.0155,-0.0129,0.462,2,2,0.000927
5.701,0.0003,1.0115,-0.0082,0.415,2,2,0.000924
5.801,0.0003,1.0219,-0.0006,0.424,2,2,0.000923
5.905,0.0002,1.0224,0.0035,0.607,2,2,0.000922
6.001,0.0002,1.0180,0.0057,0.538,2,2,0.000922
6.102,0.0002,1.0312,0.0059,0.533,2,2,0.000922
6.202,0.0002,1.0191,0.0066,0.507,2,2,0.000921
6.301,0.0001,1.0328,0.0023,0.431,2,2,0.000921
6.407,0.0001,1.0333,0.0053,0.469,2,2,0.000921
6.502,0.0001,1.0298,0.0061,0.594,2,2,0.000921
6.602,0.0001,1.0327,0.0071,0.371,2,2,0.000921
6.702,0.0001,1.0190,0.0060,0.546,2,2,0.000921
6.802,0.0001,1.0206,0.0058,0.581,2,2,0.000921
6.902,0.0001,1.0200,0.0038,0.762,2,2,0.000921
7.002,0.0000,1.0196,0.0061,0.582,2,2,0.000921
7.102,0.0000,1.0259,0.0079,0.626,2,2,0.000921
7.201,0.0000,1.0213,0.0049,0.565,2,2,0.000921
7.301,0.0000,1.0368,0.0028,0.466,2,2,0.000921
7.403,0.0000,1.0283,0.0031,0.488,2,2,0.000921
7.502,0.0000,1.0249,0.0021,0.528,2,2,0.000921
7.602,0.0000,1.0447,0.0018,0.638,2,2,0.000921
7.701,0.0000,1.0368,0.0040,0.530,2,2,0.000921
7.802,0.0000,1.0461,-0.0030,0.488,2,2,0.000921
7.902,0.0000,1.0446,0.0009,0.729,2,2,0.000921
8.002,0.0000,1.0393,-0.0001,0.755,2,2,0.000921
8.101,0.0000,1.0285,0.0000,0.313,2,2,0.000921
8.201,0.0000,1.0284,0.0029,0.399,2,2,0.000921
8.302,0.0000,1.0331,0.0036,0.489,2,2,0.000921
8.403,0.0000,1.0187,-0.0003,0.928,2,2,0.000921
8.501,0.0000,1.0171,-0.0045,0.441,2,2,0.000921
8.603,0.0000,1.0242,-0.0007,0.423,2,2,0.000921
8.701,0.0000,1.0278,-0.0038,0.501,2,2,0.000921
8.802,0.0000,1.0259,-0.0019,0.627,2,2,0.000921
8.902,0.0000,1.0343,0.0055,0.586,2,2,0.000921
9.002,0.0000,1.0352,0.0015,0.534,2,2,0.000921
9.105,0.0000,1.0256,0.0020,0.577,2,2,0.000921
9.202,0.0000,1.0268,0.0025,0.612,2,2,0.000921
9.302,0.0000,1.0221,0.0064,0.560,2,2,0.000921
9.401,0.0000,1.0274,0.0080,0.602,2,2,0.000921
9.502,0.0000,1.0330,0.0036,0.469,2,2,0.000921
9.602,0.0000,1.0480,0.0033,0.501,2,2,0.000921
9.701,0.0000,1.0372,-0.0001,0.504,2,2,0.000921
9.801,0.0000,1.0355,0.0003,0.493,2,2,0.000921
9.901,0.0000,1.0254,0.0064,0.474,2,2,0.000921
10.001,0.0000,1.0281,0.0097,0.489,2,2,0.000921
10.101,0.0000,1.0123,0.0084,0.498,2,2,0.000921
10.202,0.0000,1.0028,0.0075,0.557,2,2,0.000921
10.301,0.0000,1.0150,0.0054,0.400,2,2,0.000921
10.402,0.0000,1.0362,0.0041,0.615,2,2,0.000921
10.502,0.0000,1.0430,0.0030,0.645,2,2,0.000921
10.602,0.0000,1.0367,0.0032,0.634,2,2,0.000921
13.183,0.0000,1.0272,0.0027,0.522,2,2,0.000921
13.283,0.0000,1.0277,0.0033,0.672,2,2,0.000921
13.382,0.0000,1.0369,0.0010,0.658,2,2,0.000921
13.484,0.0000,1.0385,0.0037,0.636,2,2,0.000921
13.582,0.0000,1.0344,0.0063,0.511,2,2,0.000921
13.684,0.0000,1.0414,0.0039,0.774,2,2,0.000921
13.783,0.0000,1.0490,0.0049,0.551,2,2,0.000921
13.882,0.0000,1.0452,0.0021,0.388,2,2,0.000921
13.984,0.0000,1.0360,0.0079,0.825,2,2,0.000921
14.084,0.0000,1.0384,0.0057,1.754,2,2,0.000921
14.182,0.0000,1.0430,0.0071,0.465,2,2,0.000921
14.284,0.0000,1.0515,0.0059,0.674,2,2,0.000921
14.382,0.0000,1.0499,0.0092,0.528,2,2,0.000921
14.483,0.0000,1.0576,0.0093,0.655,2,2,0.000921
14.585,0.0000,1.0352,0.0075,0.799,2,2,0.000921
14.684,0.0000,1.0371,0.0106,1.218,2,2,0.000921
14.782,0.0000,1.0364,0.0080,0.579,2,2,0.000921
14.883,0.0000,1.0220,0.0077,0.506,2,2,0.000921
14.982,0.0000,1.0259,0.0110,0.491,2,2,0.000921
15.084,0.0000,1.0336,0.0092,2.231,2,2,0.000921
15.183,0.0000,1.0425,0.0076,0.661,2,2,0.000921
15.283,0.0000,1.0476,0.0124,0.801,2,2,0.000921
15.383,0.0000,1.0412,0.0134,0.680,2,2,0.000921
15.483,0.0000,1.0271,0.0130,0.671,2,2,0.000921
15.584,0.0000,1.0221,0.0146,0.607,2,2,0.000921
15.683,0.0000,1.0195,0.0140,0.438,2,2,0.000921
15.785,0.0000,1.0210,0.0152,1.865,2,2,0.000921
15.884,0.0000,1.0123,0.0129,0.790,2,2,0.000921
15.983,0.0000,1.0111,0.0179,0.530,2,2,0.000921
16.083,0.0000,1.0114,0.0189,0.592,2,2,0.000921
16.183,0.0000,1.0126,0.0191,0.650,2,2,0.000921
16.284,0.0000,1.0131,0.0210,0.514,2,2,0.000921
16.383,0.0000,1.0155,0.0210,0.455,2,2,0.000921
16.482,0.0000,1.0139,0.0161,0.487,2,2,0.000921
16.582,0.0000,1.0021,0.0164,0.427,2,2,0.000921
16.684,0.0000,0.9913,0.0147,1.171,2,2,0.000921
16.782,0.0000,0.9884,0.0152,0.453,2,2,0.000921
16.882,0.0000,0.9891,0.0137,0.529,2,2,0.000921
16.983,0.0000,0.9781,0.0107,0.570,2,2,0.000921
17.084,0.0000,0.9880,0.0096,1.642,2,2,0.000921
17.183,0.0000,1.0055,0.0064,0.502,2,2,0.000921
17.283,0.0000,1.0231,0.0076,0.499,2,2,0.000921
17.382,0.0000,1.0064,0.0086,0.412,2,2,0.000921
17.483,0.0000,0.9990,0.0108,0.689,2,2,0.000921
17.583,0.0000,1.0000,0.0067,0.712,2,2,0.000921
17.683,0.0000,0.9782,0.0106,0.475,2,2,0.000921
17.782,0.0000,0.9839,0.0088,0.538,2,2,0.000921
17.883,0.0000,0.9944,0.0094,0.701,2,2,0.000921
17.983,0.0000,0.9970,0.0082,0.564,2,2,0.000921
18.083,0.0000,0.9912,0.0071,0.657,2,2,0.000921
18.183,0.0000,0.9907,0.0068,0.968,2,2,0.000921
18.284,0.0000,0.9747,0.0066,0.745,2,2,0.000921
18.382,0.0000,0.9897,0.0096,0.523,2,2,0.000921
18.482,0.0000,0.9827,0.0123,0.448,1,3,0.001050
18.583,0.0000,0.9785,0.0134,0.504,2,2,0.000993
18.684,0.0000,0.9887,0.0127,1.090,2,2,0.000961
18.783,0.0000,0.9758,0.0163,0.598,2,2,0.000944
18.891,0.0000,0.9907,0.0155,0.574,2,2,0.000934
18.984,0.0000,0.9820,0.0149,0.428,2,2,0.000928
19.083,0.0000,0.9713,0.0138,0.545,2,2,0.000925
19.187,0.0000,0.9617,0.0136,1.308,2,2,0.000924
19.283,0.0000,0.9620,0.0158,0.626,2,2,0.000923
19.383,0.0000,0.9598,0.0143,0.858,2,2,0.000922
19.485,0.0000,0.9660,0.0150,0.573,2,2,0.000922
19.583,0.0000,0.9732,0.0119,0.967,2,2,0.000921
19.682,0.0000,0.9474,0.0148,0.653,2,2,0.000921
19.783,0.0000,0.9458,0.0117,0.595,2,2,0.000921
19.884,0.0000,0.9603,0.0119,1.207,2,2,0.000921
19.984,0.0000,0.9506,0.0068,1.131,2,2,0.000921
20.083,0.0000,0.9475,0.0124,0.735,2,2,0.000921
20.184,0.0000,0.9542,0.0120,0.735,2,2,0.000921
20.283,0.0000,0.9660,0.0132,0.696,2,2,0.000921
20.382,0.0000,0.9806,0.0082,0.530,2,2,0.000921
20.482,0.0000,0.9777,0.0109,0.519,2,2,0.000921
20.583,0.0000,0.9656,0.0045,0.714,2,2,0.000921
20.683,0.0000,0.9605,0.0074,0.664,2,2,0.000921
20.783,0.0000,0.9634,0.0085,0.400,2,2,0.000921
20.883,0.0000,0.9622,0.0078,0.646,2,2,0.000921
20.983,0.0000,0.9823,0.0117,0.528,2,2,0.000921
21.083,0.0000,0.9771,0.0156,0.674,2,2,0.000921
21.182,0.0000,0.9637,0.0164,0.396,2,2,0.000921
21.282,0.0000,0.9524,0.0231,0.520,2,2,0.000921
21.383,0.0000,0.9562,0.0212,1.097,2,2,0.000921
21.483,0.0000,0.9450,0.0247,0.798,2,2,0.000921
21.585,0.0000,0.9457,0.0238,0.637,2,2,0.000921
21.683,0.0000,0.9470,0.0180,0.548,2,2,0.000921
21.783,0.0000,0.9421,0.0198,0.550,2,2,0.000921
21.884,0.0000,0.9382,0.0178,0.849,2,2,0.000921
21.982,0.0000,0.9392,0.0180,0.397,2,2,0.000921
22.085,0.0000,0.9430,0.0188,0.633,2,2,0.000921
22.183,0.0000,0.9472,0.0195,0.566,2,2,0.000921
22.283,0.0000,0.9278,0.0181,0.640,2,2,0.000921
22.383,0.0000,0.9232,0.0190,0.573,2,2,0.000921
22.485,0.0000,0.9313,0.0208,0.674,2,2,0.000921
22.583,0.0000,0.9256,0.0210,0.697,2,2,0.000921
22.682,0.0000,0.9045,0.0186,0.572,2,2,0.000921
22.783,0.0000,0.9076,0.0198,0.572,2,2,0.000921
22.883,0.0000,0.9064,0.0227,0.542,2,2,0.000921
22.983,0.0000,0.9012,0.0267,1.089,2,2,0.000921
23.083,0.0000,0.9151,0.0248,0.735,2,2,0.000921
23.183,0.0000,0.9165,0.0292,0.559,2,2,0.000921
23.283,0.0000,0.9241,0.0353,0.568,2,2,0.000921
23.384,0.0000,0.9299,0.0321,1.720,2,2,0.000921
23.483,0.0000,0.9214,0.0317,0.545,2,2,0.000921
23.583,0.0000,0.9197,0.0309,0.560,2,2,0.000921
23.684,0.0000,0.9143,0.0332,0.538,2,2,0.000921
23.784,0.0000,0.8999,0.0365,0.572,2,2,0.000921
23.884,0.0000,0.8875,0.0344,0.738,2,2,0.000921
23.983,0.0000,0.8918,0.0340,0.675,2,2,0.000921
24.082,0.0000,0.8891,0.0306,0.448,2,2,0.000921
24.183,0.0000,0.8782,0.0289,0.623,2,2,0.000921
24.282,0.0000,0.8813,0.0281,0.471,2,2,0.000921
24.382,0.0000,0.8757,0.0248,0.510,2,2,0.000921
24.483,0.0000,0.8769,0.0220,1.273,2,2,0.000921
24.583,0.0000,0.8799,0.0269,0.773,2,2,0.000921
24.690,0.0000,0.8688,0.0275,0.623,2,2,0.000921
24.783,0.0000,0.8844,0.0277,0.696,2,2,0.000921
24.883,0.0000,0.8986,0.0226,0.723,2,2,0.000921
24.988,0.0000,0.9010,0.0217,2.920,2,2,0.000921
25.083,0.0000,0.9047,0.0242,0.581,2,2,0.000921
25.182,0.0000,0.8984,0.0265,0.474,2,2,0.000921
25.282,0.0000,0.8965,0.0242,0.483,2,2,0.000921
25.383,0.0000,0.9124,0.0222,0.557,2,2,0.000921
25.482,0.0000,0.9027,0.0258,0.413,2,2,0.000921
25.582,0.0000,0.9153,0.0272,0.437,2,2,0.000921
25.682,0.0000,0.9099,0.0283,0.501,2,2,0.000921
25.782,0.0000,0.9245,0.0276,0.360,2,2,0.000921
25.883,0.0000,0.9056,0.0284,0.434,2,2,0.000921
25.984,0.0000,0.9016,0.0285,0.661,2,2,0.000921
26.083,0.0000,0.9135,0.0279,1.195,2,2,0.000921
26.183,0.0000,0.9063,0.0344,0.676,2,2,0.000921
26.283,0.0000,0.9172,0.0307,0.562,2,2,0.000921
26.384,0.0000,0.9190,0.0332,0.454,2,2,0.000921
26.483,0.0000,0.9328,0.0326,0.546,2,2,0.000921
26.582,0.0000,0.9304,0.0365,0.508,2,2,0.000921
26.683,0.0000,0.9181,0.0364,0.744,2,2,0.000921
26.783,0.0000,0.9437,0.0353,0.691,2,2,0.000921
26.882,0.0000,0.9423,0.0302,0.683,2,2,0.000921
26.983,0.0000,0.9461,0.0268,0.583,2,2,0.000921
27.083,0.0000,0.9349,0.0249,0.453,2,2,0.000921
27.183,0.0000,0.9348,0.0226,0.732,2,2,0.000921
27.282,0.0000,0.9405,0.0230,0.575,2,2,0.000921
27.383,0.0000,0.9406,0.0204,0.593,2,2,0.000921
27.482,0.0000,0.9418,0.0231,0.569,2,2,0.000921
27.583,0.0000,0.9556,0.0257,0.686,2,2,0.000921
27.683,0.0000,0.9441,0.0256,0.703,2,2,0.000921
27.783,0.0000,0.9409,0.0272,0.810,2,2,0.000921
27.884,0.0000,0.9498,0.0258,0.550,2,2,0.000921
27.983,0.0000,0.9511,0.0270,0.695,2,2,0.000921
28.083,0.0000,0.9667,0.0236,0.590,2,2,0.000921
28.183,0.0000,0.9669,0.0196,0.577,2,2,0.000921
28.283,0.0000,0.9599,0.0196,0.746,2,2,0.000921
28.383,0.0000,0.9567,0.0213,0.640,2,2,0.000921
28.482,0.0000,0.9542,0.0233,0.467,2,2,0.000921
28.583,0.0000,0.9476,0.0212,0.779,2,2,0.000921
28.683,0.0000,0.9592,0.0242,0.982,2,2,0.000921
28.783,0.0000,0.9503,0.0216,0.567,2,2,0.000921
28.884,0.0000,0.9473,0.0206,0.491,2,2,0.000921
28.983,0.0000,0.9593,0.0208,0.592,2,2,0.000921
29.086,0.0000,0.9569,0.0197,0.559,2,2,0.000921
29.183,0.0000,0.9627,0.0163,0.665,2,2,0.000921
29.283,0.0000,0.9588,0.0144,0.850,2,2,0.000921
29.383,0.0000,0.9663,0.0169,0.626,2,2,0.000921
29.483,0.0000,0.9588,0.0187,0.771,2,2,0.000921
29.583,0.0000,0.9556,0.0199,0.780,2,2,0.000921
29.684,0.0000,0.9435,0.0219,1.511,2,2,0.000921
29.784,0.0000,0.9398,0.0238,2.048,2,2,0.000921
29.883,0.0000,0.9341,0.0225,0.508,2,2,0.000921
29.984,0.0000,0.9428,0.0199,0.714,2,2,0.000921
30.083,0.0000,0.9379,0.0221,0.555,2,2,0.000921
30.183,0.0000,0.9397,0.0208,0.743,2,2,0.000921
30.282,0.0000,0.9347,0.0230,0.534,2,2,0.000921
30.382,0.0000,0.9449,0.0280,0.619,2,2,0.000921
30.483,0.0000,0.9505,0.0313,0.670,2,2,0.000921
30.584,0.0000,0.9526,0.0317,0.473,2,2,0.000921
30.683,0.0000,0.9479,0.0332,0.414,2,2,0.000921
30.782,0.0000,0.9463,0.0369,0.465,2,2,0.000921
30.883,0.0000,0.9487,0.0363,0.615,2,2,0.000921
30.983,0.0000,0.9433,0.0354,0.517,2,2,0.000921
31.083,0.0000,0.9468,0.0413,0.835,2,2,0.000921
31.182,0.0000,0.9485,0.0452,0.477,2,2,0.000921
31.284,0.0000,0.9565,0.0402,0.633,2,2,0.000921
31.383,0.0000,0.9621,0.0362,0.729,2,2,0.000921
31.483,0.0000,0.9631,0.0283,0.645,2,2,0.000921
31.583,0.0000,0.9571,0.0332,0.650,2,2,0.000921
31.683,0.0000,0.9392,0.0367,0.686,2,2,0.000921
31.783,0.0000,0.9398,0.0337,0.746,2,2,0.000921
31.882,0.0000,0.9404,0.0349,0.636,2,2,0.000921
31.983,0.0000,0.9477,0.0432,0.496,2,2,0.000921
32.085,0.0000,0.9371,0.0441,0.907,2,2,0.000921
32.183,0.0000,0.9454,0.0458,0.595,2,2,0.000921
32.284,0.0000,0.9504,0.0449,1.113,2,2,0.000921
32.383,0.0000,0.9513,0.0450,0.574,1,3,0.001050
32.483,0.0000,0.9611,0.0507,0.479,2,2,0.000993
32.583,0.0000,0.9561,0.0520,0.576,2,2,0.000961
32.682,0.0000,0.9617,0.0488,0.410,2,2,0.000944
32.783,0.0000,0.9659,0.0468,0.703,2,2,0.000934
32.882,0.0000,0.9539,0.0471,0.439,2,2,0.000928
32.983,0.0000,0.9722,0.0488,0.532,2,2,0.000925
33.083,0.0000,0.9746,0.0512,0.503,2,2,0.000924
33.183,0.0000,0.9695,0.0493,0.531,2,2,0.000923
33.283,0.0000,0.9719,0.0473,0.633,2,2,0.000922
33.382,0.0000,0.9626,0.0460,0.559,2,2,0.000922
33.483,0.0000,0.9615,0.0493,0.557,2,2,0.000921
33.584,0.0000,0.9493,0.0538,0.572,2,2,0.000921
33.684,0.0000,0.9465,0.0533,0.773,2,2,0.000921
33.785,0.0000,0.9656,0.0502,1.393,2,2,0.000921
33.883,0.0000,0.9604,0.0510,0.523,2,2,0.000921
33.983,0.0000,0.9573,0.0484,0.630,2,2,0.000921
34.082,0.0000,0.9559,0.0450,0.566,2,2,0.000921
34.183,0.0000,0.9631,0.0438,0.790,2,2,0.000921
34.284,0.0000,0.9707,0.0441,0.639,2,2,0.000921
34.383,0.0000,0.9703,0.0411,0.744,2,2,0.000921
34.484,0.0000,0.9697,0.0443,0.567,2,2,0.000921
34.585,0.0000,0.9674,0.0435,0.534,2,2,0.000921
34.685,0.0000,0.9693,0.0466,0.457,2,2,0.000921
34.783,0.0000,0.9666,0.0478,0.597,2,2,0.000921
34.884,0.0000,0.9675,0.0435,1.087,2,2,0.000921
34.982,0.0000,0.9690,0.0454,0.461,2,2,0.000921
35.084,0.0000,0.9598,0.0445,0.551,2,2,0.000921
35.183,0.0000,0.9647,0.0507,0.569,2,2,0.000921
35.283,0.0000,0.9578,0.0461,0.527,2,2,0.000921
35.384,0.0000,0.9539,0.0509,0.635,2,2,0.000921
35.484,0.0000,0.9515,0.0467,0.465,2,2,0.000921
35.582,0.0000,0.9566,0.0470,0.614,2,2,0.000921
35.683,0.0000,0.9683,0.0503,0.573,2,2,0.000921
35.783,0.0000,0.9776,0.0504,0.626,2,2,0.000921
35.883,0.0000,0.9795,0.0483,0.619,2,2,0.000921
35.983,0.0000,0.9822,0.0467,0.720,2,2,0.000921
36.082,0.0000,0.9904,0.0499,0.459,2,2,0.000921
36.184,0.0000,0.9986,0.0522,0.771,2,2,0.000921
36.283,0.0000,0.9855,0.0490,0.701,2,2,0.000921
36.382,0.0000,0.9889,0.0479,0.453,2,2,0.000921
36.484,0.0000,0.9808,0.0444,1.689,2,2,0.000921
36.584,0.0000,0.9706,0.0433,1.038,2,2,0.000921
36.682,0.0000,0.9805,0.0403,0.424,2,2,0.000921
36.783,0.0000,0.9772,0.0385,0.713,2,2,0.000921
36.882,0.0000,0.9790,0.0364,0.630,2,2,0.000921
36.984,0.0000,0.9756,0.0350,0.442,2,2,0.000921
37.083,0.0000,0.9896,0.0408,0.522,2,2,0.000921
37.183,0.0000,1.0054,0.0439,0.745,2,2,0.000921
37.283,0.0000,0.9967,0.0458,0.833,2,2,0.000921
37.383,0.0000,0.9966,0.0449,0.792,2,2,0.000921
37.484,0.0000,0.9992,0.0495,1.333,2,2,0.000921
37.585,0.0000,0.9859,0.0485,0.570,2,2,0.000921
37.683,0.0000,0.9641,0.0488,0.570,2,2,0.000921
37.783,0.0000,0.9676,0.0514,0.571,2,2,0.000921
37.883,0.0000,0.9623,0.0516,0.446,2,2,0.000921
37.983,0.0000,0.9878,0.0532,0.991,2,2,0.000921
38.083,0.0000,0.9826,0.0556,0.504,2,2,0.000921
38.184,0.0000,0.9805,0.0538,0.659,2,2,0.000921
38.283,0.0000,0.9787,0.0533,0.753,2,2,0.000921
38.382,0.0000,0.9596,0.0549,0.446,2,2,0.000921
38.482,0.0000,0.9680,0.0509,0.426,2,2,0.000921
38.583,0.0000,0.9815,0.0447,0.474,2,2,0.000921
38.683,0.0000,0.9679,0.0449,0.414,2,2,0.000921
38.783,0.0000,0.9736,0.0440,0.651,2,2,0.000921
38.883,0.0000,0.9601,0.0416,0.765,2,2,0.000921
38.982,0.0000,0.9506,0.0415,0.524,2,2,0.000921
39.083,0.0000,0.9601,0.0357,0.627,2,2,0.000921
39.182,0.0000,0.9687,0.0333,0.597,2,2,0.000921
39.284,0.0000,0.9856,0.0327,0.899,2,2,0.000921
39.383,0.0000,0.9703,0.0333,0.770,2,2,0.000921
39.483,0.0000,0.9583,0.0353,0.534,2,2,0.000921
39.583,0.0000,0.9681,0.0363,0.504,2,2,0.000921
39.683,0.0000,0.9614,0.0314,0.497,2,2,0.000921
39.783,0.0000,0.9747,0.0321,0.777,2,2,0.000921
39.883,0.0000,0.9628,0.0270,0.556,2,2,0.000921
39.983,0.0000,0.9775,0.0254,0.631,2,2,0.000921
40.084,0.0000,0.9638,0.0248,0.873,2,2,0.000921
40.183,0.0000,0.9572,0.0277,0.556,2,2,0.000921
40.283,0.0000,0.9685,0.0300,0.702,2,2,0.000921
40.383,0.0000,0.9804,0.0345,0.721,2,2,0.000921
40.483,0.0000,0.9742,0.0333,0.612,2,2,0.000921
40.583,0.0000,0.9657,0.0337,0.741,2,2,0.000921
40.683,0.0000,0.9710,0.0292,0.684,2,2,0.000921
40.783,0.0000,0.9584,0.0289,0.678,2,2,0.000921
40.884,0.0000,0.9442,0.0308,1.324,2,2,0.000921
40.985,0.0000,0.9341,0.0343,3.039,2,2,0.000921
41.082,0.0000,0.9334,0.0308,0.423,2,2,0.000921
41.183,0.0000,0.9604,0.0315,0.490,2,2,0.000921
41.287,0.0000,0.9702,0.0320,2.599,2,2,0.000921
41.382,0.0000,0.9604,0.0314,0.341,2,2,0.000921
41.482,0.0000,0.9722,0.0322,0.497,2,2,0.000921
41.586,0.0000,0.9711,0.0262,1.033,2,2,0.000921
41.683,0.0000,0.9535,0.0256,0.439,2,2,0.000921
41.783,0.0000,0.9648,0.0263,0.508,2,2,0.000921
41.883,0.0000,0.9716,0.0268,0.532,2,2,0.000921
41.983,0.0000,0.9583,0.0257,1.088,2,2,0.000921
42.085,0.0000,0.9514,0.0230,0.764,2,2,0.000921
42.183,0.0000,0.9565,0.0250,0.550,2,2,0.000921
42.283,0.0000,0.9395,0.0291,0.604,2,2,0.000921
42.384,0.0000,0.9439,0.0304,0.492,2,2,0.000921
42.483,0.0000,0.9475,0.0330,0.541,2,2,0.000921
42.584,0.0000,0.9703,0.0358,0.682,2,2,0.000921
42.683,0.0000,0.9694,0.0405,0.533,2,2,0.000921
42.783,0.0000,0.9736,0.0370,0.739,2,2,0.000921
42.882,0.0000,0.9693,0.0341,0.381,2,2,0.000921
45.464,0.0000,0.9726,0.0366,0.993,2,2,0.000921
45.564,0.0000,0.9688,0.0381,0.751,2,2,0.000921
45.664,0.0000,0.9660,0.0364,0.516,2,2,0.000921
45.764,0.0000,0.9569,0.0354,0.466,2,2,0.000921
45.864,0.0000,0.9656,0.0356,0.620,2,2,0.000921
45.965,0.0000,0.9652,0.0288,1.032,2,2,0.000921
46.064,0.0000,0.9562,0.0325,0.568,2,2,0.000921
46.164,0.0000,0.9576,0.0335,0.452,2,2,0.000921
46.263,0.0000,0.9629,0.0322,0.312,2,2,0.000921
46.363,0.0000,0.9730,0.0382,0.413,2,2,0.000921
46.464,0.0000,0.9553,0.0333,0.693,2,2,0.000921
46.564,0.0000,0.9627,0.0317,0.512,2,2,0.000921
46.663,0.0000,0.9655,0.0336,0.509,2,2,0.000921
46.765,0.0000,0.9637,0.0346,0.727,2,2,0.000921
46.864,0.0000,0.9788,0.0374,0.612,2,2,0.000921
46.964,0.0000,0.9952,0.0347,0.625,2,2,0.000921
47.064,0.0000,1.0026,0.0358,0.373,2,2,0.000921
47.165,0.0000,1.0078,0.0360,0.541,2,2,0.000921
47.263,0.0000,0.9964,0.0356,0.405,2,2,0.000921
47.364,0.0000,0.9869,0.0308,0.753,2,2,0.000921
47.463,0.0000,0.9934,0.0288,0.407,2,2,0.000921
47.563,0.0000,0.9915,0.0298,0.483,2,2,0.000921
47.664,0.0000,0.9959,0.0322,0.538,2,2,0.000921
47.764,0.0000,1.0028,0.0350,0.517,2,2,0.000921
47.863,0.0000,1.0135,0.0386,0.450,2,2,0.000921
47.964,0.0000,1.0127,0.0412,0.536,2,2,0.000921
48.063,0.0000,1.0058,0.0392,0.480,2,2,0.000921
48.165,0.0000,1.0009,0.0344,0.792,2,2,0.000921
48.264,0.0000,0.9908,0.0343,0.670,2,2,0.000921
48.363,0.0000,1.0060,0.0345,0.569,2,2,0.000921
48.464,0.0000,1.0151,0.0385,0.415,2,2,0.000921
48.564,0.0000,1.0094,0.0371,0.549,2,2,0.000921
48.664,0.0000,1.0125,0.0408,0.443,2,2,0.000921
48.764,0.0000,1.0158,0.0430,0.612,2,2,0.000921
48.864,0.0000,1.0193,0.0395,0.589,2,2,0.000921
48.963,0.0000,1.0033,0.0422,0.401,2,2,0.000921
49.064,0.0000,0.9943,0.0405,0.856,1,3,0.001050
49.164,0.0000,0.9796,0.0434,0.468,2,2,0.000993
49.264,0.0000,0.9851,0.0426,0.519,2,2,0.000961
49.364,0.0000,0.9742,0.0439,0.487,2,2,0.000944
49.466,0.0000,0.9788,0.0427,0.551,2,2,0.000934
49.564,0.0000,0.9728,0.0428,0.656,2,2,0.000928
49.664,0.0000,0.9663,0.0431,0.592,2,2,0.000925
49.765,0.0000,0.9630,0.0398,1.150,2,2,0.000924
49.864,0.0000,0.9595,0.0382,0.745,2,2,0.000923
49.964,0.0000,0.9744,0.0375,0.475,2,2,0.000922
50.064,0.0000,0.9680,0.0357,0.725,2,2,0.000922
50.164,0.0000,0.9547,0.0342,0.390,2,2,0.000921
50.263,0.0000,0.9471,0.0376,0.463,2,2,0.000921
50.364,0.0000,0.9655,0.0319,0.705,2,2,0.000921
50.464,0.0000,0.9679,0.0311,0.560,2,2,0.000921
50.564,0.0000,0.9693,0.0337,0.834,2,2,0.000921
50.664,0.0000,0.9676,0.0353,0.962,2,2,0.000921
50.764,0.0000,0.9736,0.0360,1.027,2,2,0.000921
50.864,0.0000,0.9549,0.0364,0.533,2,2,0.000921
50.964,0.0000,0.9540,0.0365,0.613,2,2,0.000921
51.064,0.0000,0.9641,0.0359,0.387,2,2,0.000921
51.164,0.0000,0.9693,0.0347,1.033,2,2,0.000921
51.263,0.0000,0.9675,0.0332,0.345,2,2,0.000921
51.363,0.0000,0.9608,0.0316,0.438,2,2,0.000921
51.463,0.0000,0.9854,0.0327,0.466,2,2,0.000921
51.564,0.0000,0.9740,0.0367,0.391,2,2,0.000921
51.664,0.0000,0.9703,0.0411,0.538,2,2,0.000921
51.764,0.0000,0.9756,0.0402,0.693,2,2,0.000921
51.865,0.0000,0.9838,0.0383,0.553,2,2,0.000921
51.964,0.0000,0.9710,0.0434,0.484,2,2,0.000921
52.064,0.0000,0.9735,0.0446,0.516,2,2,0.000921
52.164,0.0000,0.9634,0.0452,0.575,2,2,0.000921
52.264,0.0000,0.9671,0.0497,0.558,2,2,0.000921
52.363,0.0000,0.9718,0.0456,0.400,2,2,0.000921
52.464,0.0000,0.9821,0.0482,0.440,2,2,0.000921
52.563,0.0000,0.9740,0.0502,0.456,2,2,0.000921
52.664,0.0000,0.9721,0.0502,0.544,2,2,0.000921
52.765,0.0000,0.9721,0.0495,0.978,2,2,0.000921
52.864,0.0000,0.9637,0.0477,0.458,2,2,0.000921
52.964,0.0000,0.9623,0.0478,0.521,2,2,0.000921
53.064,0.0000,0.9608,0.0468,0.516,2,2,0.000921
53.164,0.0000,0.9492,0.0422,0.535,2,2,0.000921
53.263,0.0000,0.9512,0.0450,0.494,2,2,0.000921
53.364,0.0000,0.9372,0.0463,0.980,2,2,0.000921
53.466,0.0000,0.9394,0.0417,0.435,2,2,0.000921
53.564,0.0000,0.9276,0.0419,0.544,2,2,0.000921
53.664,0.0000,0.9275,0.0426,0.531,2,2,0.000921
53.765,0.0000,0.9417,0.0465,0.652,2,2,0.000921
53.864,0.0000,0.9455,0.0455,0.629,2,2,0.000921
53.964,0.0000,0.9521,0.0456,0.553,2,2,0.000921
54.064,0.0000,0.9499,0.0430,0.558,2,2,0.000921
54.163,0.0000,0.9520,0.0398,0.483,2,2,0.000921
54.263,0.0000,0.9400,0.0396,0.336,2,2,0.000921
54.364,0.0000,0.9543,0.0415,0.499,2,2,0.000921
54.465,0.0000,0.9507,0.0415,1.480,2,2,0.000921
54.564,0.0000,0.9499,0.0399,0.478,2,2,0.000921
54.664,0.0000,0.9461,0.0400,0.312,1,3,0.001050
54.764,0.0000,0.9503,0.0428,0.556,2,2,0.000993
54.864,0.0000,0.9410,0.0394,0.936,2,2,0.000961
54.964,0.0000,0.9354,0.0400,0.788,2,2,0.000944
55.064,0.0000,0.9444,0.0420,0.461,2,2,0.000934
55.164,0.0000,0.9421,0.0450,0.697,2,2,0.000928
55.264,0.0000,0.9397,0.0485,0.483,2,2,0.000925
55.365,0.0000,0.9226,0.0478,0.494,2,2,0.000924
55.464,0.0000,0.9199,0.0518,0.540,2,2,0.000923
55.564,0.0000,0.9270,0.0477,0.515,2,2,0.000922
55.663,0.0000,0.9362,0.0476,0.489,2,2,0.000922
55.764,0.0000,0.9273,0.0531,0.619,2,2,0.000921
55.864,0.0000,0.9321,0.0523,0.548,2,2,0.000921
55.963,0.0000,0.9343,0.0530,0.528,2,2,0.000921
56.064,0.0000,0.9434,0.0551,0.322,2,2,0.000921
56.164,0.0000,0.9465,0.0562,0.623,2,2,0.000921
56.264,0.0000,0.9403,0.0559,0.529,2,2,0.000921
56.364,0.0000,0.9256,0.0531,0.482,2,2,0.000921
56.464,0.0000,0.9169,0.0534,0.410,2,2,0.000921
56.564,0.0000,0.9168,0.0566,0.677,2,2,0.000921
56.663,0.0000,0.9184,0.0552,0.456,2,2,0.000921
56.764,0.0000,0.9173,0.0525,0.606,2,2,0.000921
56.863,0.0000,0.9261,0.0527,0.312,2,2,0.000921
56.964,0.0000,0.9205,0.0542,0.617,2,2,0.000921
57.064,0.0000,0.9244,0.0491,0.516,2,2,0.000921
57.164,0.0000,0.9337,0.0477,0.607,2,2,0.000921
57.264,0.0000,0.9306,0.0456,0.586,2,2,0.000921
57.364,0.0000,0.9273,0.0473,0.552,2,2,0.000921
57.464,0.0000,0.9331,0.0484,0.663,2,2,0.000921
57.566,0.0000,0.9525,0.0451,0.739,2,2,0.000921
57.664,0.0000,0.9526,0.0449,0.534,2,2,0.000921
57.764,0.0000,0.9475,0.0481,0.478,2,2,0.000921
57.864,0.0000,0.9596,0.0489,0.532,2,2,0.000921
57.966,0.0000,0.9600,0.0491,0.538,2,2,0.000921
58.064,0.0000,0.9735,0.0468,0.744,2,2,0.000921
58.163,0.0000,0.9722,0.0431,0.486,2,2,0.000921
58.264,0.0000,0.9593,0.0458,0.551,2,2,0.000921
58.366,0.0000,0.9561,0.0449,1.633,2,2,0.000921
58.464,0.0000,0.9550,0.0475,0.539,2,2,0.000921
58.564,0.0000,0.9628,0.0452,0.408,2,2,0.000921
58.664,0.0000,0.9497,0.0436,0.532,2,2,0.000921
58.766,0.0000,0.9397,0.0414,0.570,2,2,0.000921
58.864,0.0000,0.9462,0.0495,0.556,2,2,0.000921
58.964,0.0000,0.9551,0.0516,0.693,2,2,0.000921
59.063,0.0000,0.9472,0.0527,0.412,2,2,0.000921
59.163,0.0000,0.9357,0.0515,0.405,2,2,0.000921
59.267,0.0000,0.9320,0.0476,1.551,2,2,0.000921
59.367,0.0000,0.9396,0.0472,1.905,2,2,0.000921
59.463,0.0000,0.9488,0.0465,0.448,2,2,0.000921
59.564,0.0000,0.9504,0.0443,0.560,2,2,0.000921
59.664,0.0000,0.9507,0.0421,0.538,2,2,0.000921
59.763,0.0000,0.9626,0.0390,0.456,2,2,0.000921
59.864,0.0000,0.9669,0.0393,0.934,2,2,0.000921
59.964,0.0000,0.9800,0.0391,0.585,2,2,0.000921
60.064,0.0000,0.9881,0.0368,0.506,2,2,0.000921
60.164,0.0000,0.9894,0.0384,0.652,2,2,0.000921
60.264,0.0000,0.9792,0.0418,0.527,2,2,0.000921
60.364,0.0000,0.9862,0.0403,0.522,2,2,0.000921
60.464,0.0000,0.9979,0.0375,0.532,2,2,0.000921
60.563,0.0000,0.9909,0.0390,0.517,2,2,0.000921
60.664,0.0000,0.9952,0.0408,0.402,2,2,0.000921
60.764,0.0000,0.9874,0.0432,0.344,2,2,0.000921
60.863,0.0000,0.9920,0.0403,0.349,2,2,0.000921
60.963,0.0000,0.9832,0.0431,0.418,2,2,0.000921
61.063,0.0000,0.9823,0.0468,0.481,2,2,0.000921
61.164,0.0000,0.9848,0.0455,0.512,2,2,0.000921
61.265,0.0000,0.9735,0.0450,0.397,2,2,0.000921
61.364,0.0000,0.9744,0.0468,0.517,2,2,0.000921
61.464,0.0000,0.9836,0.0514,0.657,2,2,0.000921
61.564,0.0000,0.9739,0.0510,0.564,2,2,0.000921
61.664,0.0000,0.9846,0.0536,0.445,2,2,0.000921
61.764,0.0000,0.9904,0.0514,0.454,2,2,0.000921
61.865,0.0000,0.9771,0.0504,0.489,2,2,0.000921
61.966,0.0000,0.9625,0.0539,0.444,2,2,0.000921
62.064,0.0000,0.9569,0.0570,0.538,2,2,0.000921
62.173,0.0000,0.9796,0.0526,0.532,2,2,0.000921
62.264,0.0000,0.9732,0.0534,0.521,2,2,0.000921
62.364,0.0000,0.9764,0.0575,0.656,2,2,0.000921
62.466,0.0000,0.9840,0.0544,1.073,2,2,0.000921
62.567,0.0000,0.9679,0.0543,0.577,2,2,0.000921
62.664,0.0000,0.9620,0.0542,0.636,2,2,0.000921
62.764,0.0000,0.9550,0.0569,0.603,2,2,0.000921
62.865,0.0000,0.9551,0.0548,0.989,2,2,0.000921
62.964,0.0000,0.9690,0.0550,0.834,2,2,0.000921
63.064,0.0000,0.9556,0.0542,0.400,2,2,0.000921
63.164,0.0000,0.9449,0.0517,0.420,2,2,0.000921
63.263,0.0000,0.9502,0.0537,0.453,2,2,0.000921
63.364,0.0000,0.9430,0.0528,0.872,2,2,0.000921
63.464,0.0000,0.9713,0.0495,0.550,2,2,0.000921
63.564,0.0000,0.9652,0.0488,0.550,2,2,0.000921
63.664,0.0000,0.9587,0.0511,0.539,2,2,0.000921
63.764,0.0000,0.9575,0.0507,0.530,2,2,0.000921
63.864,0.0000,0.9468,0.0536,0.590,2,2,0.000921
63.965,0.0000,0.9443,0.0517,0.603,2,2,0.000921
64.064,0.0000,0.9380,0.0489,0.512,2,2,0.000921
64.164,0.0000,0.9444,0.0502,0.443,2,2,0.000921
64.264,0.0000,0.9422,0.0522,0.549,2,2,0.000921
64.364,0.0000,0.9457,0.0540,0.620,2,2,0.000921
64.464,0.0000,0.9479,0.0548,0.544,2,2,0.000921
64.564,0.0000,0.9544,0.0519,0.580,2,2,0.000921
64.664,0.0000,0.9619,0.0532,0.697,2,2,0.000921
64.764,0.0000,0.9598,0.0574,0.527,2,2,0.000921
64.864,0.0000,0.9486,0.0599,0.718,2,2,0.000921
64.963,0.0000,0.9686,0.0643,0.458,2,2,0.000921
65.063,0.0000,0.9729,0.0621,0.467,2,2,0.000921
65.164,0.0000,0.9794,0.0605,0.826,2,2,0.000921
65.264,0.0000,0.9844,0.0614,0.507,2,2,0.000921
65.363,0.0000,0.9773,0.0603,0.372,1,3,0.001050
65.464,0.0000,0.9797,0.0580,0.561,2,2,0.000993
65.564,0.0000,0.9824,0.0606,0.366,2,2,0.000961
65.664,0.0000,0.9718,0.0627,0.752,2,2,0.000944
65.766,0.0000,0.9679,0.0686,0.476,2,2,0.000934
65.864,0.0000,0.9650,0.0648,0.985,2,2,0.000928
65.964,0.0000,0.9735,0.0681,0.499,2,2,0.000925
66.064,0.0000,0.9940,0.0636,0.661,2,2,0.000924
66.165,0.0000,0.9962,0.0637,1.854,2,2,0.000923
66.264,0.0000,0.9951,0.0615,0.579,2,2,0.000922
66.364,0.0000,0.9769,0.0629,0.613,2,2,0.000922
66.464,0.0000,0.9728,0.0614,0.349,2,2,0.000921
66.564,0.0000,0.9797,0.0638,0.649,2,2,0.000921
66.664,0.0000,0.9851,0.0643,0.546,2,2,0.000921
66.764,0.0000,0.9891,0.0607,0.652,2,2,0.000921
66.864,0.0000,0.9906,0.0641,0.582,2,2,0.000921
66.963,0.0000,0.9791,0.0674,0.365,2,2,0.000921
67.063,0.0000,0.9897,0.0694,0.666,2,2,0.000921
67.163,0.0000,0.9884,0.0725,0.412,2,2,0.000921
67.265,0.0000,0.9893,0.0701,0.647,2,2,0.000921
67.364,0.0000,0.9901,0.0686,0.515,2,2,0.000921
67.464,0.0000,0.9664,0.0685,0.492,2,2,0.000921
67.564,0.0000,0.9558,0.0674,0.484,2,2,0.000921
67.664,0.0000,0.9648,0.0669,0.540,2,2,0.000921
67.764,0.0000,0.9766,0.0685,0.383,2,2,0.000921
67.863,0.0000,0.9635,0.0697,0.431,2,2,0.000921
67.964,0.0000,0.9742,0.0693,0.686,2,2,0.000921
68.064,0.0000,0.9758,0.0729,0.460,2,2,0.000921
68.163,0.0000,0.9485,0.0747,0.464,2,2,0.000921
68.264,0.0000,0.9659,0.0761,0.462,2,2,0.000921
68.364,0.0000,0.9670,0.0728,0.552,2,2,0.000921
68.464,0.0000,0.9610,0.0761,0.478,2,2,0.000921
68.565,0.0000,0.9746,0.0751,1.500,2,2,0.000921
68.664,0.0000,0.9703,0.0733,0.698,2,2,0.000921
68.765,0.0000,0.9696,0.0682,0.544,2,2,0.000921
68.864,0.0000,0.9923,0.0668,0.740,2,2,0.000921
68.964,0.0000,0.9908,0.0714,0.648,2,2,0.000921
69.064,0.0000,0.9980,0.0702,0.573,2,2,0.000921
69.165,0.0000,1.0130,0.0704,1.949,2,2,0.000921
69.264,0.0000,1.0287,0.0671,0.480,2,2,0.000921
69.364,0.0000,1.0307,0.0708,0.426,2,2,0.000921
69.463,0.0000,1.0277,0.0680,0.649,2,2,0.000921
69.564,0.0000,1.0441,0.0691,0.488,2,2,0.000921
69.664,0.0000,1.0501,0.0682,0.421,2,2,0.000921
69.764,0.0000,1.0440,0.0648,0.571,2,2,0.000921
69.864,0.0000,1.0357,0.0618,0.536,2,2,0.000921
69.963,0.0000,1.0369,0.0601,0.396,2,2,0.000921
70.063,0.0000,1.0384,0.0642,0.443,2,2,0.000921
70.164,0.0000,1.0423,0.0629,0.439,2,2,0.000921
70.263,0.0000,1.0469,0.0640,0.461,2,2,0.000921
70.365,0.0000,1.0510,0.0613,1.918,2,2,0.000921
70.464,0.0000,1.0446,0.0588,0.625,2,2,0.000921
70.564,0.0000,1.0391,0.0601,0.329,2,2,0.000921
70.664,0.0000,1.0374,0.0578,0.486,2,2,0.000921
70.764,0.0000,1.0539,0.0583,0.659,2,2,0.000921
70.863,0.0000,1.0543,0.0608,0.488,2,2,0.000921
70.964,0.0000,1.0638,0.0603,0.543,2,2,0.000921
71.063,0.0000,1.0680,0.0584,0.497,2,2,0.000921
71.163,0.0000,1.0726,0.0535,0.531,2,2,0.000921
71.265,0.0000,1.0584,0.0562,0.553,2,2,0.000921
71.364,0.0000,1.0753,0.0590,0.645,2,2,0.000921
71.465,0.0000,1.0631,0.0585,0.391,2,2,0.000921
71.566,0.0000,1.0782,0.0588,0.604,2,2,0.000921
71.664,0.0000,1.0962,0.0590,0.592,2,2,0.000921
71.765,0.0000,1.1051,0.0592,0.592,2,2,0.000921
71.864,0.0000,1.1137,0.0590,0.473,2,2,0.000921
71.964,0.0000,1.1139,0.0577,0.574,2,2,0.000921
72.063,0.0000,1.0997,0.0589,0.467,2,2,0.000921
72.164,0.0000,1.0977,0.0626,0.576,2,2,0.000921
72.263,0.0000,1.1011,0.0638,0.555,2,2,0.000921
72.364,0.0000,1.0902,0.0628,0.848,2,2,0.000921
72.463,0.0000,1.0855,0.0613,0.380,2,2,0.000921
72.563,0.0000,1.0870,0.0611,0.452,2,2,0.000921
72.664,0.0000,1.0861,0.0622,0.477,2,2,0.000921
72.763,0.0000,1.0764,0.0602,0.429,2,2,0.000921
72.864,0.0000,1.0718,0.0620,0.610,2,2,0.000921
72.964,0.0000,1.0754,0.0603,0.519,2,2,0.000921
73.063,0.0000,1.0600,0.0631,0.404,2,2,0.000921
73.165,0.0000,1.0810,0.0633,0.472,2,2,0.000921
73.264,0.0000,1.0912,0.0624,0.593,2,2,0.000921
73.363,0.0000,1.0864,0.0627,0.366,2,2,0.000921
73.464,0.0000,1.0852,0.0588,0.522,2,2,0.000921
73.563,0.0000,1.0801,0.0572,0.564,2,2,0.000921
73.664,0.0000,1.0980,0.0584,0.528,2,2,0.000921
73.763,0.0000,1.0883,0.0586,0.406,2,2,0.000921
73.864,0.0000,1.0847,0.0585,0.565,2,2,0.000921
73.963,0.0000,1.0936,0.0570,0.476,2,2,0.000921
74.064,0.0000,1.0788,0.0574,0.479,2,2,0.000921
74.163,0.0000,1.0777,0.0567,0.548,2,2,0.000921
74.263,0.0000,1.0840,0.0608,0.414,2,2,0.000921
74.363,0.0000,1.0900,0.0604,0.455,2,2,0.000921
74.464,0.0000,1.0850,0.0585,0.563,2,2,0.000921
74.565,0.0000,1.0837,0.0591,0.654,2,2,0.000921
74.663,0.0000,1.0915,0.0564,0.480,2,2,0.000921
74.766,0.0000,1.0854,0.0564,1.441,2,2,0.000921
74.864,0.0000,1.0961,0.0617,0.907,2,2,0.000921
74.964,0.0000,1.1029,0.0646,0.479,2,2,0.000921
75.064,0.0000,1.1129,0.0637,0.568,2,2,0.000921
77.645,0.0000,1.1127,0.0666,0.435,2,2,0.000921
77.745,0.0000,1.1105,0.0675,0.449,2,2,0.000921
77.845,0.0000,1.0961,0.0643,0.501,2,2,0.000921
77.945,0.0000,1.1099,0.0650,0.689,2,2,0.000921
78.045,0.0000,1.0875,0.0624,0.459,2,2,0.000921
78.145,0.0000,1.0799,0.0679,0.559,2,2,0.000921
78.245,0.0000,1.0894,0.0678,0.640,2,2,0.000921
78.350,0.0000,1.0716,0.0675,1.016,2,2,0.000921
78.445,0.0000,1.0806,0.0663,0.457,2,2,0.000921
78.545,0.0000,1.0833,0.0649,0.600,2,2,0.000921
78.646,0.0000,1.0845,0.0643,0.947,2,2,0.000921
78.745,0.0000,1.0786,0.0632,0.567,2,2,0.000921
78.845,0.0000,1.0763,0.0594,0.587,2,2,0.000921
78.945,0.0000,1.0870,0.0656,0.571,2,2,0.000921
79.045,0.0000,1.0841,0.0655,0.508,2,2,0.000921
79.145,0.0000,1.0904,0.0664,0.565,2,2,0.000921
79.245,0.0000,1.1017,0.0624,0.487,2,2,0.000921
79.345,0.0000,1.1031,0.0590,0.609,2,2,0.000921
79.445,0.0000,1.1029,0.0574,0.436,2,2,0.000921
79.545,0.0000,1.1117,0.0582,0.534,2,2,0.000921
79.645,0.0000,1.1235,0.0578,0.362,2,2,0.000921
79.745,0.0000,1.1071,0.0595,0.454,2,2,0.000921
79.844,0.0000,1.1099,0.0627,0.333,2,2,0.000921
79.945,0.0000,1.1137,0.0579,0.601,2,2,0.000921
80.046,0.0000,1.1132,0.0604,0.513,2,2,0.000921
80.145,0.0000,1.1112,0.0618,0.585,2,2,0.000921
80.245,0.0000,1.1066,0.0652,0.455,2,2,0.000921
80.345,0.0000,1.1198,0.0680,0.578,2,2,0.000921
80.445,0.0000,1.1193,0.0679,0.535,2,2,0.000921
80.545,0.0000,1.1108,0.0667,0.573,2,2,0.000921
80.645,0.0000,1.1248,0.0678,0.554,2,2,0.000921
80.745,0.0000,1.1120,0.0654,0.476,2,2,0.000921
80.846,0.0000,1.1104,0.0653,0.434,2,2,0.000921
80.945,0.0000,1.1056,0.0677,0.462,2,2,0.000921
81.045,0.0000,1.1078,0.0689,0.675,2,2,0.000921
81.144,0.0000,1.1110,0.0691,0.338,2,2,0.000921
81.246,0.0000,1.1117,0.0708,0.617,2,2,0.000921
81.345,0.0000,1.1068,0.0698,0.502,2,2,0.000921
81.445,0.0000,1.1085,0.0690,0.536,2,2,0.000921
81.545,0.0000,1.1154,0.0680,0.399,2,2,0.000921
81.645,0.0000,1.1150,0.0647,0.419,2,2,0.000921
81.745,0.0000,1.1184,0.0700,0.515,2,2,0.000921
81.845,0.0000,1.1046,0.0687,0.524,2,2,0.000921
81.945,0.0000,1.1078,0.0634,0.414,2,2,0.000921
82.045,0.0000,1.1190,0.0650,0.540,2,2,0.000921
82.145,0.0000,1.1385,0.0613,0.607,2,2,0.000921
82.245,0.0000,1.1466,0.0665,0.499,2,2,0.000921
82.345,0.0000,1.1567,0.0655,0.543,2,2,0.000921
82.445,0.0000,1.1673,0.0620,0.549,2,2,0.000921
82.545,0.0000,1.1525,0.0588,0.446,2,2,0.000921
82.645,0.0000,1.1625,0.0555,0.481,2,2,0.000921
82.746,0.0000,1.1659,0.0547,0.602,2,2,0.000921
82.845,0.0000,1.1610,0.0515,0.440,2,2,0.000921
82.945,0.0000,1.1567,0.0486,0.555,2,2,0.000921
83.045,0.0000,1.1692,0.0528,0.508,2,2,0.000921
83.145,0.0000,1.1594,0.0539,0.533,2,2,0.000921
83.247,0.0000,1.1730,0.0543,0.540,2,2,0.000921
83.345,0.0000,1.1695,0.0582,0.419,2,2,0.000921
83.445,0.0000,1.1799,0.0574,0.562,2,2,0.000921
83.545,0.0000,1.1773,0.0621,0.551,2,2,0.000921
83.646,0.0000,1.1722,0.0629,0.590,2,2,0.000921
83.745,0.0000,1.1605,0.0608,0.467,2,2,0.000921
83.846,0.0000,1.1565,0.0619,0.383,2,2,0.000921
83.945,0.0000,1.1481,0.0575,0.456,2,2,0.000921
84.045,0.0000,1.1557,0.0632,0.447,2,2,0.000921
84.145,0.0000,1.1612,0.0596,0.435,2,2,0.000921
84.245,0.0000,1.1685,0.0600,0.628,2,2,0.000921
84.345,0.0000,1.1641,0.0627,0.493,2,2,0.000921
84.445,0.0000,1.1751,0.0642,0.826,2,2,0.000921
84.546,0.0000,1.1661,0.0617,0.658,2,2,0.000921
84.653,0.0000,1.1697,0.0609,0.960,2,2,0.000921
84.745,0.0000,1.1726,0.0624,0.561,2,2,0.000921
84.845,0.0000,1.1757,0.0604,0.603,2,2,0.000921
84.947,0.0000,1.1795,0.0605,0.713,2,2,0.000921
85.048,0.0000,1.1778,0.0600,2.642,2,2,0.000921
85.145,0.0000,1.1797,0.0613,0.517,2,2,0.000921
85.245,0.0000,1.1807,0.0595,0.617,2,2,0.000921
85.346,0.0000,1.1855,0.0602,0.659,2,2,0.000921
85.445,0.0000,1.1765,0.0575,0.509,2,2,0.000921
85.545,0.0000,1.1700,0.0588,0.546,2,2,0.000921
85.645,0.0000,1.1836,0.0559,0.561,2,2,0.000921
85.745,0.0000,1.1986,0.0579,0.551,2,2,0.000921
85.845,0.0000,1.1757,0.0611,0.576,2,2,0.000921
85.945,0.0000,1.1658,0.0618,0.674,2,2,0.000921
86.045,0.0000,1.1717,0.0690,0.430,2,2,0.000921
86.147,0.0000,1.1651,0.0657,0.497,2,2,0.000921
86.245,0.0000,1.1568,0.0632,0.514,2,2,0.000921
86.345,0.0000,1.1436,0.0680,0.538,2,2,0.000921
86.445,0.0000,1.1673,0.0657,0.402,2,2,0.000921
86.545,0.0000,1.1722,0.0634,0.425,2,2,0.000921
86.645,0.0000,1.1703,0.0646,0.481,2,2,0.000921
86.745,0.0000,1.1638,0.0629,0.436,2,2,0.000921
86.845,0.0000,1.1729,0.0634,0.461,2,2,0.000921
86.945,0.0000,1.1726,0.0610,0.391,2,2,0.000921
87.045,0.0000,1.1777,0.0587,0.375,2,2,0.000921
87.145,0.0000,1.1675,0.0581,0.632,2,2,0.000921
87.245,0.0000,1.1605,0.0563,0.482,2,2,0.000921
87.345,0.0000,1.1617,0.0618,0.542,2,2,0.000921
87.445,0.0000,1.1516,0.0612,0.709,2,2,0.000921
87.546,0.0000,1.1512,0.0595,0.666,2,2,0.000921
87.645,0.0000,1.1504,0.0585,0.551,2,2,0.000921
87.745,0.0000,1.1473,0.0581,0.424,2,2,0.000921
87.845,0.0000,1.1497,0.0555,0.703,2,2,0.000921
87.945,0.0000,1.1427,0.0563,0.535,2,2,0.000921
88.045,0.0000,1.1362,0.0561,0.839,2,2,0.000921
88.145,0.0000,1.1408,0.0574,0.426,2,2,0.000921
88.245,0.0000,1.1495,0.0553,0.634,2,2,0.000921
88.345,0.0000,1.1570,0.0551,1.081,2,2,0.000921
88.445,0.0000,1.1637,0.0531,0.623,2,2,0.000921
88.545,0.0000,1.1595,0.0499,0.402,2,2,0.000921
88.645,0.0000,1.1568,0.0512,0.518,2,2,0.000921
88.745,0.0000,1.1645,0.0522,0.550,2,2,0.000921
88.846,0.0000,1.1669,0.0528,0.569,2,2,0.000921
88.945,0.0000,1.1560,0.0513,0.580,2,2,0.000921
89.045,0.0000,1.1517,0.0513,0.497,2,2,0.000921
89.145,0.0000,1.1559,0.0495,0.433,2,2,0.000921
89.245,0.0000,1.1374,0.0528,0.399,2,2,0.000921
89.345,0.0000,1.1384,0.0487,0.384,2,2,0.000921
89.446,0.0000,1.1426,0.0488,0.734,2,2,0.000921
89.545,0.0000,1.1336,0.0520,0.996,2,2,0.000921
89.647,0.0000,1.1439,0.0478,0.524,2,2,0.000921
89.745,0.0000,1.1476,0.0464,0.497,2,2,0.000921
89.845,0.0000,1.1520,0.0504,0.555,2,2,0.000921
89.946,0.0000,1.1673,0.0528,0.815,2,2,0.000921
90.045,0.0000,1.1685,0.0523,0.597,2,2,0.000921
90.145,0.0000,1.1668,0.0524,0.450,2,2,0.000921
90.245,0.0000,1.1752,0.0509,0.775,2,2,0.000921
90.345,0.0000,1.1828,0.0506,0.471,2,2,0.000921
90.445,0.0000,1.1970,0.0543,0.504,2,2,0.000921
90.545,0.0000,1.1946,0.0494,0.487,2,2,0.000921
90.646,0.0000,1.1914,0.0503,0.655,2,2,0.000921
90.745,0.0000,1.1845,0.0478,0.521,2,2,0.000921
90.845,0.0000,1.1859,0.0479,0.649,2,2,0.000921
90.945,0.0000,1.1818,0.0491,0.517,2,2,0.000921
91.050,0.0000,1.2047,0.0460,0.679,2,2,0.000921
91.145,0.0000,1.2067,0.0456,0.512,2,2,0.000921
91.245,0.0000,1.1961,0.0489,0.525,2,2,0.000921
91.345,0.0000,1.1894,0.0451,0.643,2,2,0.000921
91.445,0.0000,1.1885,0.0483,0.584,2,2,0.000921
91.545,0.0000,1.1899,0.0468,0.534,2,2,0.000921
91.645,0.0000,1.1947,0.0461,0.458,2,2,0.000921
91.745,0.0000,1.2072,0.0475,0.489,2,2,0.000921
91.845,0.0000,1.2078,0.0502,0.447,2,2,0.000921
91.945,0.0000,1.1973,0.0461,0.522,2,2,0.000921
92.045,0.0000,1.2135,0.0465,0.459,2,2,0.000921
92.145,0.0000,1.2159,0.0458,0.525,2,2,0.000921
92.247,0.0000,1.2076,0.0422,0.570,2,2,0.000921
92.352,0.0000,1.2196,0.0408,1.839,2,2,0.000921
92.446,0.0000,1.2168,0.0384,0.610,2,2,0.000921
92.545,0.0000,1.2193,0.0380,0.425,2,2,0.000921
92.645,0.0000,1.2098,0.0434,0.490,2,2,0.000921
92.745,0.0000,1.1961,0.0442,0.518,2,2,0.000921
92.845,0.0000,1.2003,0.0401,0.417,2,2,0.000921
92.945,0.0000,1.2105,0.0427,0.376,2,2,0.000921
93.046,0.0000,1.2138,0.0414,0.719,2,2,0.000921
93.145,0.0000,1.2112,0.0387,0.432,2,2,0.000921
93.245,0.0000,1.2227,0.0365,0.533,2,2,0.000921
93.345,0.0000,1.2256,0.0376,0.487,2,2,0.000921
93.445,0.0000,1.2223,0.0396,0.587,2,2,0.000921
93.545,0.0000,1.2409,0.0346,0.567,2,2,0.000921
93.646,0.0000,1.2250,0.0418,0.491,2,2,0.000921
93.745,0.0000,1.2216,0.0410,0.500,2,2,0.000921
93.846,0.0000,1.2245,0.0394,0.749,2,2,0.000921
93.945,0.0000,1.2381,0.0370,0.799,2,2,0.000921
94.045,0.0000,1.2248,0.0361,0.561,2,2,0.000921
94.145,0.0000,1.2217,0.0341,0.555,2,2,0.000921
94.245,0.0000,1.2332,0.0357,0.575,2,2,0.000921
94.345,0.0000,1.2213,0.0396,0.608,2,2,0.000921
94.445,0.0000,1.2162,0.0405,0.643,2,2,0.000921
94.545,0.0000,1.2096,0.0396,0.480,2,2,0.000921
94.645,0.0000,1.2197,0.0342,0.545,2,2,0.000921
94.745,0.0000,1.2154,0.0363,0.633,2,2,0.000921
94.845,0.0000,1.2139,0.0385,0.490,2,2,0.000921
94.945,0.0000,1.2324,0.0370,0.361,2,2,0.000921
95.045,0.0000,1.2314,0.0424,0.594,2,2,0.000921
95.145,0.0000,1.2349,0.0410,0.482,2,2,0.000921
95.245,0.0000,1.2299,0.0372,0.602,2,2,0.000921
95.345,0.0000,1.2335,0.0401,0.428,2,2,0.000921
95.445,0.0000,1.2525,0.0397,0.443,2,2,0.000921
95.545,0.0000,1.2538,0.0375,0.513,2,2,0.000921
95.645,0.0000,1.2630,0.0355,0.507,2,2,0.000921
95.745,0.0000,1.2810,0.0378,0.423,2,2,0.000921
95.845,0.0000,1.2781,0.0351,0.480,2,2,0.000921
95.947,0.0000,1.2843,0.0314,1.926,2,2,0.000921
96.044,0.0000,1.2876,0.0371,0.393,2,2,0.000921
96.145,0.0000,1.2825,0.0342,0.373,2,2,0.000921
96.246,0.0000,1.2913,0.0344,0.948,2,2,0.000921
96.345,0.0000,1.2982,0.0377,0.484,2,2,0.000921
96.445,0.0000,1.2949,0.0359,0.551,2,2,0.000921
96.545,0.0000,1.2749,0.0348,0.747,2,2,0.000921
96.647,0.0000,1.2892,0.0327,0.542,2,2,0.000921
96.745,0.0000,1.2763,0.0290,0.478,2,2,0.000921
96.846,0.0000,1.2834,0.0327,0.721,2,2,0.000921
96.945,0.0000,1.2867,0.0277,0.600,2,2,0.000921
97.046,0.0000,1.2819,0.0266,0.451,2,2,0.000921
97.145,0.0000,1.2864,0.0308,0.552,2,2,0.000921
97.245,0.0000,1.2844,0.0311,0.417,2,2,0.000921
97.345,0.0000,1.2895,0.0326,0.512,2,2,0.000921
97.445,0.0000,1.2922,0.0322,0.523,2,2,0.000921
97.545,0.0000,1.2822,0.0318,0.565,2,2,0.000921
97.646,0.0000,1.3041,0.0306,0.465,2,2,0.000921
97.745,0.0000,1.3033,0.0315,0.585,2,2,0.000921
97.845,0.0000,1.2957,0.0309,0.354,2,2,0.000921
97.945,0.0000,1.2971,0.0341,0.609,2,2,0.000921
98.045,0.0000,1.2917,0.0308,0.442,2,2,0.000921
98.145,0.0000,1.3061,0.0359,0.452,2,2,0.000921
98.245,0.0000,1.3099,0.0364,0.582,2,2,0.000921
98.345,0.0000,1.2905,0.0294,0.439,2,2,0.000921
98.445,0.0000,1.3003,0.0305,0.464,2,2,0.000921
98.545,0.0000,1.2981,0.0317,0.476,2,2,0.000921
98.645,0.0000,1.3065,0.0312,0.527,2,2,0.000921
98.746,0.0000,1.2912,0.0321,0.529,2,2,0.000921
98.845,0.0000,1.3001,0.0356,0.435,2,2,0.000921
98.945,0.0000,1.2929,0.0356,0.529,2,2,0.000921
99.045,0.0000,1.2890,0.0342,0.497,2,2,0.000921
99.145,0.0000,1.2870,0.0326,0.420,2,2,0.000921
99.245,0.0000,1.2786,0.0300,0.734,2,2,0.000921
99.345,0.0000,1.2834,0.0316,0.645,2,2,0.000921
99.445,0.0000,1.2710,0.0319,0.681,2,2,0.000921
99.545,0.0000,1.2810,0.0362,0.479,2,2,0.000921
99.645,0.0000,1.2965,0.0376,0.503,2,2,0.000921
99.745,0.0000,1.2986,0.0389,0.515,2,2,0.000921
99.846,0.0000,1.2891,0.0404,1.178,2,2,0.000921
99.945,0.0000,1.2749,0.0416,0.611,2,2,0.000921
100.045,0.0000,1.2802,0.0400,0.553,2,2,0.000921
100.145,0.0000,1.2665,0.0426,0.833,2,2,0.000921
100.245,0.0000,1.2794,0.0377,0.581,2,2,0.000921
100.345,0.0000,1.2870,0.0403,0.428,2,2,0.000921
100.445,0.0000,1.2890,0.0434,0.477,2,2,0.000921
100.545,0.0000,1.2731,0.0422,0.505,2,2,0.000921
100.645,0.0000,1.2820,0.0395,0.594,2,2,0.000921
100.745,0.0000,1.2721,0.0384,0.549,2,2,0.000921
100.845,0.0000,1.2634,0.0371,0.576,2,2,0.000921
100.945,0.0000,1.2681,0.0379,0.579,2,2,0.000921
101.045,0.0000,1.2647,0.0349,0.777,2,2,0.000921
101.146,0.0000,1.2483,0.0300,0.569,2,2,0.000921
101.246,0.0000,1.2430,0.0280,0.523,2,2,0.000921
101.345,0.0000,1.2505,0.0233,0.540,2,2,0.000921
101.445,0.0000,1.2403,0.0267,1.020,2,2,0.000921
101.545,0.0000,1.2558,0.0314,0.906,2,2,0.000921
101.645,0.0000,1.2460,0.0300,0.558,2,2,0.000921
101.745,0.0000,1.2616,0.0295,0.573,2,2,0.000921
101.845,0.0000,1.2623,0.0305,0.800,2,2,0.000921
101.945,0.0000,1.2605,0.0313,0.372,2,2,0.000921
102.045,0.0000,1.2565,0.0313,0.566,2,2,0.000921
102.146,0.0000,1.2545,0.0317,1.145,2,2,0.000921
102.245,0.0000,1.2319,0.0343,0.468,2,2,0.000921
102.345,0.0000,1.2267,0.0334,0.584,2,2,0.000921
102.446,0.0000,1.2275,0.0276,1.085,2,2,0.000921
102.545,0.0000,1.2331,0.0290,0.388,2,2,0.000921
102.645,0.0000,1.2458,0.0322,0.524,2,2,0.000921
102.744,0.0000,1.2568,0.0324,0.421,2,2,0.000921
102.845,0.0000,1.2585,0.0356,0.543,2,2,0.000921
102.945,0.0000,1.2488,0.0372,0.947,2,2,0.000921
103.046,0.0000,1.2485,0.0414,1.773,2,2,0.000921
103.145,0.0000,1.2512,0.0389,0.553,2,2,0.000921
103.245,0.0000,1.2563,0.0409,0.546,2,2,0.000921
103.345,0.0000,1.2476,0.0398,0.549,2,2,0.000921
103.446,0.0000,1.2350,0.0438,1.423,2,2,0.000921
103.545,0.0000,1.2385,0.0417,0.545,2,2,0.000921
103.646,0.0000,1.2399,0.0379,0.556,2,2,0.000921
103.745,0.0000,1.2392,0.0347,0.447,2,2,0.000921
103.847,0.0000,1.2473,0.0365,0.527,2,2,0.000921
103.947,0.0000,1.2366,0.0422,0.769,2,2,0.000921
104.045,0.0000,1.2398,0.0392,0.540,2,2,0.000921
104.145,0.0000,1.2394,0.0379,0.556,2,2,0.000921
104.245,0.0000,1.2453,0.0382,0.499,2,2,0.000921
104.345,0.0000,1.2443,0.0408,0.505,2,2,0.000921
104.445,0.0000,1.2529,0.0399,0.494,2,2,0.000921
104.546,0.0000,1.2509,0.0426,1.267,2,2,0.000921
104.645,0.0000,1.2506,0.0458,0.437,2,2,0.000921
104.745,0.0000,1.2473,0.0498,0.811,2,2,0.000921
104.845,0.0000,1.2393,0.0485,0.769,2,2,0.000921
104.945,0.0000,1.2484,0.0468,0.458,2,2,0.000921
105.045,0.0000,1.2586,0.0549,0.411,2,2,0.000921
105.145,0.0000,1.2363,0.0555,0.463,2,2,0.000921
105.245,0.0000,1.2393,0.0526,0.409,2,2,0.000921
105.345,0.0000,1.2516,0.0516,0.441,2,2,0.000921
105.445,0.0000,1.2561,0.0535,0.561,2,2,0.000921
105.545,0.0000,1.2532,0.0535,0.421,2,2,0.000921
105.645,0.0000,1.2610,0.0548,0.514,2,2,0.000921
105.745,0.0000,1.2683,0.0564,0.437,2,2,0.000921
105.844,0.0000,1.2586,0.0597,0.349,2,2,0.000921
105.946,0.0000,1.2631,0.0589,0.967,2,2,0.000921
106.045,0.0000,1.2525,0.0554,0.410,2,2,0.000921
106.145,0.0000,1.2500,0.0571,0.866,2,2,0.000921
106.245,0.0000,1.2435,0.0573,0.430,2,2,0.000921
106.345,0.0000,1.2517,0.0593,0.491,2,2,0.000921
106.446,0.0000,1.2437,0.0514,0.444,2,2,0.000921
106.546,0.0000,1.2433,0.0524,0.495,2,2,0.000921
106.645,0.0000,1.2445,0.0528,0.412,2,2,0.000921
106.745,0.0000,1.2473,0.0546,0.810,2,2,0.000921
106.845,0.0000,1.2396,0.0529,0.579,2,2,0.000921
106.945,0.0000,1.2454,0.0561,0.512,2,2,0.000921
107.045,0.0000,1.2647,0.0558,0.830,2,2,0.000921
107.145,0.0000,1.2660,0.0517,0.458,2,2,0.000921
107.245,0.0000,1.2833,0.0510,0.493,2,2,0.000921
107.345,0.0000,1.2874,0.0511,0.417,2,2,0.000921
