t_sec,x,y,z,solve_ms,n_zero_weights
3.011,4.0062,0.0084,0.0020,7.025,0
3.104,4.0464,-0.0205,-0.0304,2.790,0
3.205,4.0221,-0.0192,0.0247,2.540,0
3.307,4.0301,0.0221,-0.0132,2.340,0
3.407,3.9539,0.0181,0.0131,3.968,0
3.505,4.0085,0.0092,-0.0078,2.336,0
3.606,4.0111,-0.0015,-0.0077,4.568,0
3.708,4.0099,0.0040,-0.0166,4.355,0
3.805,3.9908,0.0252,0.0061,3.874,0
3.908,3.9735,0.0026,0.0078,5.549,0
4.005,4.0000,0.0263,-0.0116,4.218,0
4.106,4.0013,0.0062,0.0113,4.353,0
4.204,3.9768,0.0074,-0.0062,3.168,0
4.308,3.9895,-0.0226,-0.0182,4.296,0
4.404,4.0060,-0.0387,-0.0086,2.586,0
4.508,3.9967,-0.0448,0.0008,3.473,0
4.604,3.9916,-0.0395,-0.0102,3.060,0
4.705,4.0082,-0.0111,-0.0003,3.297,0
4.803,4.0571,0.0141,-0.0112,2.518,0
4.907,4.0639,-0.0264,0.0003,4.082,0
5.006,4.0177,0.0300,0.0137,4.625,0
5.106,3.9798,0.0188,0.0040,4.722,0
5.206,3.9846,0.0430,0.0131,3.993,0
5.303,3.9786,0.0201,0.0075,2.041,0
5.417,4.0403,0.0226,0.0007,9.939,0
5.505,4.0759,0.0203,-0.0001,4.164,0
5.606,4.0345,0.0409,-0.0116,3.594,0
5.707,4.0317,0.0253,-0.0010,4.224,0
5.810,4.0511,0.0297,0.0040,5.212,0
5.904,4.0363,0.0346,0.0193,2.427,0
6.007,4.0322,0.0258,0.0029,2.493,0
6.106,4.0122,0.0299,0.0064,4.031,0
6.208,4.0155,0.0115,0.0360,3.236,0
6.310,4.0112,-0.0046,0.0099,4.527,0
6.405,4.0174,0.0150,0.0347,3.490,0
6.504,3.9517,0.0114,0.0228,2.509,0
6.608,4.0451,-0.0239,0.0053,2.996,0
6.705,3.9890,-0.0105,-0.0037,3.734,0
6.809,4.0662,-0.0089,0.0010,4.002,0
6.909,3.9889,0.0223,-0.0016,3.400,0
7.006,4.0403,0.0118,0.0005,4.675,0
7.107,4.0205,-0.0070,0.0058,5.271,0
7.207,4.0061,0.0059,-0.0061,4.948,0
7.306,3.9839,-0.0138,-0.0213,4.107,0
7.405,3.9951,-0.0023,-0.0121,3.706,0
7.505,4.0121,0.0084,0.0024,3.628,0
7.605,4.0200,-0.0085,-0.0161,3.803,0
7.707,4.0488,-0.0013,0.0015,5.065,0
7.814,4.0413,-0.0117,-0.0155,5.136,0
7.908,4.0245,-0.0288,-0.0038,5.717,0
8.003,4.0160,0.0173,-0.0126,2.232,0
8.103,3.9748,-0.0033,-0.0097,2.252,0
8.204,3.9799,-0.0066,-0.0337,2.466,0
8.304,3.9824,0.0375,-0.0216,2.815,0
8.405,3.9509,-0.0096,-0.0320,4.250,0
8.509,3.9849,-0.0380,-0.0239,5.278,0
8.613,3.9631,-0.0334,-0.0180,4.158,0
8.704,4.0405,-0.0108,-0.0154,2.630,0
8.806,3.9659,0.0110,-0.0241,5.019,0
8.909,4.0145,-0.0069,0.0170,6.440,0
9.005,4.0370,-0.0236,-0.0107,3.849,0
9.106,4.0082,0.0188,-0.0402,3.161,0
9.204,3.9989,0.0040,-0.0048,2.567,0
9.305,4.0027,-0.0140,-0.0021,2.811,0
9.405,3.9334,0.0086,0.0111,3.763,0
9.509,4.0211,0.0079,0.0029,7.019,0
9.606,3.9751,0.0219,0.0192,4.001,0
9.706,3.9813,0.0352,-0.0037,3.050,0
9.804,3.9925,-0.0038,0.0053,3.534,0
9.907,4.0205,0.0270,0.0052,4.983,0
10.013,4.0220,-0.0027,-0.0280,9.197,0
10.116,4.0105,0.0349,-0.0246,7.506,0
10.207,4.0300,0.0487,-0.0410,3.936,0
10.308,4.0085,0.0486,-0.0448,5.628,0
10.407,4.0198,0.0311,-0.0422,5.586,0
10.505,4.0104,0.0455,-0.0445,3.673,0
10.604,3.9953,0.0332,-0.0486,2.524,0
10.705,4.0256,0.0231,-0.0542,2.954,0
10.817,4.0518,-0.0029,-0.0127,13.825,0
10.906,4.0342,-0.0262,-0.0447,2.783,0
11.006,3.9640,-0.0210,-0.0131,4.010,0
11.107,3.9859,0.0063,-0.0506,3.808,0
11.208,3.9631,-0.0132,-0.0402,3.460,0
11.306,3.9470,-0.0210,-0.0748,2.580,0
11.407,3.9755,-0.0417,-0.0668,5.680,0
11.506,3.9421,-0.0392,-0.0654,2.932,0
11.605,3.9437,-0.0265,-0.0608,3.048,0
11.705,3.9289,-0.0245,-0.0521,3.007,0
11.811,3.9165,-0.0463,-0.0734,6.689,0
11.912,3.9262,-0.0293,-0.0495,3.192,0
12.005,3.9571,0.0046,-0.0578,3.410,0
12.104,3.9741,0.0162,-0.0639,2.252,0
12.209,4.0010,0.0072,-0.0747,4.646,0
12.306,4.0206,-0.0307,-0.0752,4.203,0
12.404,3.9487,-0.0183,-0.0775,2.848,0
12.505,3.9752,-0.0325,-0.0614,3.185,0
12.610,3.9012,-0.0534,-0.0729,8.941,0
12.708,3.9074,-0.0176,-0.0616,6.518,0
12.805,3.8972,-0.0007,-0.0406,3.888,0
12.904,3.9462,-0.0251,-0.0548,2.757,0
13.005,3.9351,-0.0086,-0.0451,3.240,0
13.105,3.9690,-0.0091,-0.0566,3.486,0
13.205,3.9172,-0.0300,-0.0722,3.607,0
13.308,3.9506,-0.0557,-0.0649,4.765,0
13.405,3.9332,-0.0433,-0.0415,3.607,0
13.506,3.9326,-0.0177,-0.0401,4.607,0
13.605,3.9272,-0.0470,-0.0293,3.304,0
13.705,3.9528,-0.0045,-0.0133,3.791,0
13.810,3.9707,-0.0458,-0.0333,3.401,0
13.905,3.9383,-0.0154,-0.0395,3.904,0
14.005,3.9363,-0.0539,-0.0522,3.505,0
14.111,3.9775,-0.0411,-0.0243,9.208,0
14.205,3.9743,-0.0351,-0.0576,3.998,0
14.306,3.9544,-0.0222,-0.0535,4.163,0
14.408,3.9392,-0.0736,-0.0523,4.772,0
14.507,3.9210,-0.0403,-0.0185,3.734,0
14.605,3.8994,-0.0543,-0.0381,3.647,0
14.706,3.9599,-0.0588,-0.0184,4.397,0
14.805,3.9343,-0.0485,-0.0194,3.674,0
14.908,3.9354,-0.0661,-0.0390,6.694,0
15.007,3.9320,-0.0423,0.0017,4.032,0
15.106,3.9328,-0.0428,0.0241,3.911,0
15.207,3.9614,-0.0616,0.0138,3.497,0
15.304,3.9160,-0.0534,0.0022,2.731,0
15.407,3.9525,-0.0804,0.0162,4.104,0
15.505,3.9228,-0.0966,0.0134,3.230,0
15.605,3.9629,-0.0822,0.0160,2.752,0
15.705,3.9632,-0.0738,-0.0010,3.088,0
15.805,3.9767,-0.0713,0.0235,3.177,0
15.906,3.9863,-0.0755,0.0300,3.299,0
16.005,4.0253,-0.0330,0.0046,3.364,0
16.106,4.0223,-0.0726,0.0469,2.291,0
16.207,4.0315,-0.0865,0.0309,5.360,0
16.308,4.0354,-0.0737,0.0370,4.494,0
16.405,4.0532,-0.0556,0.0499,3.305,0
16.508,4.0457,-0.0376,0.0350,3.189,0
16.604,4.0660,-0.0252,0.0212,3.243,0
16.711,4.0685,-0.0199,0.0170,7.694,0
16.804,4.0661,-0.0067,0.0242,2.619,0
16.908,4.0913,-0.0115,0.0271,6.192,0
17.004,4.0450,-0.0053,0.0145,2.618,0
17.107,4.0705,-0.0065,0.0213,6.307,0
17.204,4.0954,0.0114,0.0262,2.809,0
17.312,4.1515,0.0225,0.0288,4.125,0
17.404,4.1160,0.0275,0.0064,3.488,0
17.510,4.1050,0.0048,0.0034,8.808,0
17.615,4.1453,0.0169,-0.0112,10.155,0
17.707,4.1232,0.0480,0.0027,4.322,0
17.808,4.1472,0.0295,-0.0266,2.841,0
17.915,4.1071,0.0358,0.0134,4.253,0
18.005,4.1057,0.0080,0.0317,2.570,0
18.106,4.1200,-0.0059,0.0017,4.316,0
18.208,4.1013,-0.0222,-0.0173,5.362,0
18.307,4.1307,-0.0071,-0.0204,2.691,0
18.405,4.0783,-0.0229,-0.0234,2.627,0
18.511,4.0950,-0.0332,-0.0132,2.626,0
18.605,4.0826,-0.0261,-0.0197,3.728,0
18.707,4.0528,-0.0216,0.0094,4.819,0
18.808,4.0923,-0.0232,-0.0298,6.307,0
18.907,4.1035,-0.0107,0.0012,3.404,0
19.015,4.1275,-0.0465,-0.0332,6.529,0
19.107,4.1008,-0.0389,-0.0364,4.235,0
19.208,4.1013,-0.0562,-0.0376,3.913,0
19.309,4.0524,-0.0576,-0.0211,6.298,0
19.412,4.1021,-0.0725,-0.0420,10.796,0
19.504,4.0844,-0.0377,-0.0233,3.170,0
19.615,4.1074,-0.0361,-0.0439,13.445,0
19.715,4.0670,-0.0198,-0.0496,2.913,0
19.807,4.0298,-0.0403,-0.0625,5.412,0
19.905,4.0461,-0.0406,-0.0521,3.008,0
20.006,4.0263,-0.0129,-0.0278,4.299,0
20.111,4.0053,-0.0238,-0.0387,6.703,0
20.204,4.0326,-0.0308,-0.0055,2.643,0
20.305,4.0803,-0.0300,-0.0378,3.216,0
20.416,4.0880,-0.0050,-0.0186,12.859,0
20.508,4.0890,-0.0249,-0.0365,4.551,0
20.616,4.1246,-0.0340,-0.0416,3.261,0
20.709,4.1073,-0.0380,-0.0214,3.654,0
20.804,4.1201,-0.0159,-0.0376,3.163,0
20.910,4.1343,-0.0079,-0.0685,7.314,0
21.011,4.1239,-0.0277,-0.0333,4.158,0
21.105,4.1298,-0.0389,-0.0253,3.378,0
21.215,4.1316,-0.0669,-0.0527,10.467,0
21.306,4.1139,-0.0246,-0.0518,4.650,0
21.405,4.0856,-0.0375,-0.0432,3.776,0
21.510,4.1092,-0.0324,-0.0648,2.905,0
21.605,4.0749,-0.0417,-0.0628,2.644,0
21.704,4.0531,-0.0000,-0.0438,2.646,0
21.807,4.0730,-0.0725,-0.0657,4.145,0
21.904,3.9959,-0.0230,-0.0566,2.958,0
22.007,4.0253,0.0068,-0.0390,5.040,0
22.105,4.0631,-0.0304,-0.0261,3.226,0
22.207,4.0039,-0.0319,-0.0163,4.378,0
22.306,4.0578,-0.0023,-0.0108,3.063,0
22.409,4.0500,0.0009,-0.0031,4.845,0
22.506,4.0163,0.0146,0.0140,3.989,0
22.621,4.0084,0.0042,0.0220,3.575,0
22.705,4.0148,0.0174,0.0187,3.549,0
22.810,3.9951,-0.0098,-0.0096,5.338,0
22.908,4.0174,-0.0090,0.0100,3.390,0
23.022,3.9989,0.0318,0.0160,14.756,0
23.106,4.0179,0.0305,0.0272,3.285,0
23.218,4.0270,0.0399,0.0196,14.782,0
23.307,3.9938,0.0360,0.0238,4.667,0
23.405,3.9977,0.0316,0.0120,2.355,0
23.505,3.9382,0.0040,0.0087,2.998,0
23.605,3.9831,-0.0177,0.0220,2.655,0
23.704,3.9514,-0.0007,0.0280,2.550,0
23.805,4.0113,-0.0091,0.0309,2.580,0
23.906,3.9640,-0.0357,0.0297,4.457,0
24.004,3.9568,-0.0039,0.0335,2.509,0
24.105,3.9670,-0.0322,0.0573,3.137,0
24.207,3.9731,-0.0114,0.0310,3.919,0
24.312,3.9199,-0.0113,0.0201,6.311,0
24.412,3.9477,0.0070,0.0463,5.634,0
24.504,3.9350,0.0005,0.0150,2.579,0
24.604,3.9640,-0.0068,0.0124,2.542,0
24.715,3.9512,0.0069,0.0256,13.837,0
24.814,3.9500,0.0209,0.0060,3.645,0
24.907,4.0054,-0.0053,0.0106,5.094,0
25.006,4.0161,0.0047,-0.0089,3.508,0
25.105,4.0175,0.0151,0.0040,3.057,0
25.204,4.0211,0.0129,-0.0078,3.090,0
25.305,3.9982,0.0076,-0.0271,2.834,0
25.414,4.0065,0.0053,-0.0042,3.608,0
25.506,4.0278,0.0244,-0.0371,4.146,0
25.607,4.0639,0.0384,-0.0146,3.600,0
25.705,4.0517,0.0356,-0.0168,3.396,0
25.809,4.0544,0.0677,0.0134,2.468,0
25.905,4.0495,0.0758,0.0098,3.410,0
28.445,4.0597,0.0650,-0.0073,3.304,0
28.544,3.9991,0.0619,0.0060,2.363,0
28.646,4.0101,0.0289,-0.0036,2.477,0
28.749,4.0064,0.0351,0.0112,6.899,0
28.845,4.0001,0.0483,-0.0070,3.479,0
28.947,4.0514,0.0260,-0.0070,3.951,0
29.045,4.0456,0.0206,0.0014,3.013,0
29.147,4.0343,0.0129,0.0027,4.247,0
29.245,4.0412,-0.0154,-0.0036,2.564,0
29.345,4.0304,-0.0144,-0.0138,2.964,0
29.445,4.0046,-0.0147,0.0049,3.122,0
29.547,3.9844,-0.0214,-0.0000,3.308,0
29.645,3.9951,-0.0459,0.0056,2.736,0
29.746,4.0021,-0.0367,0.0000,3.523,0
29.845,3.9785,-0.0369,-0.0170,3.431,0
29.948,3.9773,-0.0036,-0.0309,4.367,0
30.047,3.9838,-0.0472,-0.0086,4.947,0
30.156,3.9592,-0.0276,0.0093,5.191,0
30.246,3.9543,-0.0215,-0.0162,3.397,0
30.347,3.9855,-0.0419,0.0235,3.216,0
30.445,3.9731,-0.0319,0.0252,3.188,0
30.544,3.9806,-0.0275,0.0286,2.403,0
30.645,4.0097,-0.0164,0.0407,2.941,0
30.750,4.0349,-0.0119,0.0321,6.008,0
30.846,4.0225,0.0082,0.0330,4.199,0
30.945,4.0399,-0.0311,0.0368,2.406,0
31.045,4.0229,0.0108,0.0381,2.610,0
31.146,4.0099,0.0092,0.0367,3.364,0
31.253,4.0255,0.0001,0.0400,9.376,0
31.345,4.0239,-0.0130,0.0499,3.527,0
31.452,4.0570,-0.0252,0.0253,2.672,0
31.546,3.9682,0.0060,0.0185,4.084,0
31.646,3.9688,0.0050,0.0510,3.507,0
31.748,3.9603,-0.0030,0.0394,6.097,0
31.847,3.9725,0.0097,0.0134,4.569,0
31.950,3.9828,0.0249,0.0555,8.160,0
32.044,3.9585,-0.0130,0.0611,2.615,0
32.148,4.0152,0.0023,0.0540,5.512,0
32.247,3.9833,-0.0102,0.0383,3.556,0
32.347,3.9827,0.0013,0.0090,4.276,0
32.445,4.0349,-0.0131,0.0002,2.466,0
32.550,4.0124,-0.0092,-0.0029,4.587,0
32.656,4.0258,-0.0135,-0.0029,14.302,0
32.750,4.0221,-0.0162,0.0146,4.439,0
32.846,4.0237,0.0045,0.0233,3.599,0
32.944,4.0470,0.0188,0.0131,2.165,0
33.045,4.0256,0.0310,0.0047,3.108,0
33.148,4.0381,0.0414,0.0343,3.381,0
33.250,4.0039,0.0103,0.0376,5.038,0
33.346,4.0535,0.0230,0.0127,3.726,0
33.444,4.0490,0.0321,0.0371,2.162,0
33.544,4.0461,0.0066,0.0220,2.470,0
33.645,4.0488,0.0388,0.0353,2.602,0
33.747,4.0324,0.0002,0.0300,4.419,0
33.845,4.0356,0.0268,-0.0158,3.123,0
33.947,4.0507,0.0342,0.0128,2.450,0
34.048,4.0044,0.0046,-0.0351,6.982,0
34.145,4.0162,0.0225,-0.0388,2.643,0
34.244,4.0495,-0.0127,-0.0328,2.698,0
34.348,3.9840,0.0145,0.0169,3.199,0
34.448,3.9989,0.0190,0.0105,6.420,0
34.552,3.9840,0.0571,-0.0005,10.082,0
34.647,4.0031,0.0624,0.0215,4.334,0
34.745,3.9796,0.0599,-0.0073,2.978,0
34.846,4.0132,0.0737,-0.0229,3.830,0
34.948,4.0420,0.0747,-0.0311,5.048,0
35.047,3.9640,0.0741,-0.0230,4.103,0
35.145,3.9920,0.0718,-0.0103,2.429,0
35.251,4.0096,0.0712,-0.0280,8.491,0
35.352,4.0085,0.0589,-0.0197,4.515,0
35.445,4.0070,0.0573,0.0079,3.338,0
35.546,4.0455,0.0362,0.0053,3.021,0
35.647,4.0302,0.0385,-0.0209,4.346,0
35.745,4.0310,0.0754,-0.0434,2.802,0
35.845,4.0592,0.0772,0.0008,2.666,0
35.946,4.0076,0.0428,-0.0090,4.179,0
36.046,4.0073,0.0276,-0.0141,2.715,0
36.146,4.0033,0.0337,-0.0014,3.822,0
36.248,4.0173,0.0317,-0.0076,4.879,0
36.345,4.0003,0.0095,-0.0061,2.136,0
36.449,4.0554,0.0042,0.0001,3.009,0
36.545,4.0660,-0.0279,0.0055,3.195,0
36.645,4.0396,0.0007,0.0018,3.125,0
36.754,4.0518,-0.0064,0.0018,12.139,0
36.846,4.0217,0.0029,-0.0271,3.835,0
36.945,4.0215,-0.0027,-0.0206,2.498,0
37.048,4.0155,0.0064,-0.0325,4.336,0
37.147,4.0161,0.0139,-0.0167,2.682,0
37.246,4.0437,0.0260,0.0167,3.661,0
37.347,4.0189,0.0113,0.0110,5.120,0
37.447,4.0344,0.0297,0.0195,3.179,0
37.544,4.0750,-0.0051,0.0030,2.458,0
37.645,4.0654,0.0223,0.0255,2.942,0
37.745,4.0281,0.0626,0.0184,3.457,0
37.844,4.0817,0.0761,0.0393,2.594,0
37.951,4.1059,0.1048,0.0583,6.486,0
38.048,4.0870,0.0401,0.0161,3.601,0
38.146,4.0877,0.0459,0.0466,3.609,0
38.247,4.0716,0.0622,0.0055,3.340,0
38.348,4.0877,0.0470,0.0535,4.979,0
38.444,4.0997,0.0551,0.0268,2.358,0
38.545,4.0418,0.0210,0.0245,2.833,0
38.645,4.0511,0.0225,0.0073,2.675,0
38.747,4.0808,0.0010,-0.0220,4.576,0
38.845,4.0867,0.0127,0.0221,3.275,0
38.946,4.0749,0.0022,-0.0098,4.076,0
39.047,4.0786,0.0034,-0.0055,4.458,0
39.145,4.0338,0.0311,-0.0219,3.381,0
39.248,4.0265,0.0652,-0.0277,2.708,0
39.347,4.0339,0.0665,-0.0250,2.752,0
39.446,4.0123,0.0827,-0.0008,3.698,0
39.545,3.9904,0.0294,-0.0146,2.400,0
39.646,3.9851,0.0357,-0.0158,3.720,0
39.747,3.9606,0.0221,-0.0397,4.443,0
39.846,3.9977,0.0328,-0.0341,4.030,0
39.947,4.0457,0.0302,-0.0205,4.618,0
40.046,4.0319,0.0250,-0.0048,3.853,0
40.146,4.0524,0.0220,-0.0355,4.570,0
40.246,4.0773,0.0304,-0.0105,2.580,0
40.346,4.0957,0.0509,-0.0176,3.926,0
40.446,4.1217,0.0813,-0.0071,4.472,0
40.546,4.0982,0.0911,-0.0218,3.243,0
40.647,4.1177,0.0654,-0.0309,2.687,0
40.752,4.1184,0.0852,-0.0306,3.436,0
40.846,4.0622,0.0769,-0.0434,3.273,0
40.945,4.0832,0.0625,-0.0167,2.433,0
41.045,4.0384,0.0818,0.0063,2.289,0
41.148,4.0296,0.0851,0.0112,2.382,0
41.245,4.0182,0.0906,0.0359,2.628,0
41.346,4.0580,0.0497,0.0447,4.164,0
41.446,4.0826,0.0731,0.0430,2.547,0
41.544,4.0897,0.0183,-0.0003,2.321,0
41.645,4.0508,0.0283,0.0005,2.551,0
41.747,4.0259,0.0206,-0.0093,4.654,0
41.848,4.0321,0.0258,-0.0251,5.388,0
41.946,4.0435,0.0262,0.0115,3.802,0
42.047,4.0482,0.0012,-0.0064,4.932,0
42.149,4.0426,0.0189,0.0072,4.744,0
42.245,4.0500,0.0122,0.0025,3.355,0
42.348,4.0528,0.0049,0.0060,5.447,0
42.446,4.0660,0.0087,-0.0032,3.943,0
42.544,4.0703,0.0131,0.0282,2.635,0
42.645,3.9761,0.0186,0.0192,2.847,0
42.748,4.0040,0.0323,0.0265,3.428,0
42.845,4.0059,0.0391,0.0554,2.911,0
42.951,4.0073,0.0576,0.0482,7.095,0
43.045,3.9810,0.0732,0.0502,2.846,0
43.146,4.0199,0.0244,0.0448,3.402,0
43.245,3.9825,0.0477,0.0215,2.940,0
43.348,4.0289,0.0637,0.0108,5.125,0
43.451,4.0249,0.0307,-0.0042,5.534,0
43.547,4.0260,0.0451,-0.0191,3.133,0
43.645,4.0353,0.0272,-0.0194,2.861,0
43.746,4.0110,0.0293,-0.0147,3.846,0
43.844,4.0181,0.0066,0.0142,2.577,0
43.948,4.0649,0.0363,0.0013,4.691,0
44.048,4.0177,0.0618,-0.0086,4.656,0
44.149,4.0676,0.0819,-0.0122,3.627,0
44.247,4.0761,0.0468,-0.0160,4.180,0
44.347,4.0933,0.0578,-0.0214,4.804,0
44.454,4.0809,0.0444,-0.0354,5.383,0
44.545,4.0270,0.0480,-0.0559,3.130,0
44.647,4.0185,0.0431,-0.0348,3.778,0
44.746,4.0408,0.0654,-0.0297,3.251,0
44.845,3.9822,0.0718,-0.0498,2.617,0
44.948,3.9813,0.0909,0.0120,4.973,0
45.045,3.9825,0.0773,0.0107,2.512,0
45.146,3.9942,0.1172,0.0051,3.359,0
45.247,4.0025,0.1044,-0.0198,3.407,0
45.346,4.0399,0.0718,-0.0162,4.215,0
45.446,4.0921,0.0845,-0.0003,2.912,0
45.547,4.1044,0.0481,-0.0021,2.638,0
45.646,4.1098,0.0723,0.0155,3.759,0
45.746,4.1223,0.0951,-0.0049,3.232,0
45.847,4.1205,0.0660,0.0033,4.338,0
45.945,4.1017,0.0698,-0.0108,3.008,0
46.045,4.0739,0.0592,-0.0081,2.856,0
46.145,4.0765,0.0224,-0.0230,2.658,0
46.247,4.0407,0.0381,-0.0101,4.421,0
46.346,4.0488,0.0227,-0.0307,2.687,0
46.448,4.0834,0.0325,-0.0269,4.249,0
46.546,4.0355,0.0684,-0.0152,3.736,0
46.648,4.0905,0.0251,-0.0025,5.579,0
46.745,4.0767,0.0788,-0.0088,2.590,0
46.847,4.0836,0.0817,-0.0042,2.736,0
46.946,4.0772,0.0508,-0.0197,2.940,0
47.047,4.1080,0.0766,-0.0035,4.826,0
47.146,4.0992,0.0364,-0.0030,3.406,0
47.247,4.0984,0.0484,-0.0090,3.326,0
47.352,4.0699,-0.0034,-0.0195,7.801,0
47.446,4.0638,0.0542,-0.0366,2.542,0
47.547,4.0836,0.0850,-0.0331,5.070,0
47.646,4.1089,0.0491,-0.0332,2.946,0
47.746,4.1143,0.0336,-0.0239,2.980,0
47.847,4.0703,0.0276,-0.0259,3.635,0
47.948,4.0834,0.0448,-0.0340,4.055,0
48.047,4.1251,0.0317,-0.0180,3.528,0
48.150,4.1300,0.0361,-0.0068,5.510,0
48.248,4.1195,0.0373,0.0087,5.627,0
48.348,4.1493,0.0346,0.0080,5.323,0
48.455,4.0989,0.0173,-0.0189,12.500,0
48.546,4.0992,0.0394,-0.0218,3.842,0
48.648,4.0866,0.0554,-0.0026,3.525,0
48.747,4.1048,0.0513,-0.0025,3.425,0
48.850,4.0950,0.0838,-0.0040,4.190,0
48.947,4.1110,0.0523,-0.0194,5.239,0
49.055,4.1179,0.0276,-0.0260,9.532,0
49.145,4.1185,0.0538,-0.0248,2.796,0
49.245,4.1539,0.0165,-0.0311,2.607,0
49.346,4.1345,0.0278,-0.0082,3.541,0
49.444,4.1260,0.0238,-0.0109,2.557,0
49.548,4.1415,0.0258,-0.0030,5.509,0
49.646,4.0859,0.0652,0.0077,4.208,0
49.745,4.1175,0.0519,0.0170,3.073,0
49.846,4.1382,0.0478,0.0040,3.072,0
49.959,4.1713,0.0395,0.0003,4.003,0
50.046,4.1314,0.1044,-0.0236,2.882,0
50.146,4.1334,0.1049,-0.0113,4.059,0
50.247,4.1437,0.1048,-0.0157,2.774,0
50.345,4.1527,0.1058,-0.0020,2.714,0
50.445,4.1465,0.1149,0.0298,2.755,0
50.548,4.0961,0.1084,0.0103,4.357,0
50.645,4.0875,0.0700,0.0169,3.061,0
50.746,4.0653,0.0789,0.0012,3.154,0
50.854,4.1040,0.0654,-0.0004,5.632,0
50.946,4.0673,0.0819,0.0111,2.726,0
51.047,4.0908,0.0701,-0.0008,3.824,0
51.145,4.0990,0.0524,-0.0223,2.569,0
51.248,4.0644,0.0547,-0.0136,5.330,0
51.345,4.1028,0.0184,-0.0111,2.794,0
51.445,4.0910,0.0678,-0.0118,2.944,0
51.546,4.0735,0.0794,-0.0154,3.318,0
51.647,4.0911,0.0596,-0.0077,4.665,0
51.746,4.1216,0.0781,-0.0158,3.297,0
51.845,4.1144,0.0713,0.0035,2.931,0
51.950,4.0829,0.0799,-0.0062,7.174,0
52.048,4.0860,0.0756,-0.0119,6.178,0
52.149,4.0845,0.0751,-0.0252,5.692,0
52.246,4.0817,0.0969,-0.0055,4.004,0
52.344,4.0883,0.0934,0.0170,2.355,0
52.444,4.0804,0.0806,0.0011,2.203,0
52.548,4.0856,0.0900,-0.0053,4.899,0
52.647,4.0795,0.0896,0.0228,4.061,0
52.745,4.0318,0.0815,0.0188,3.013,0
52.851,4.0681,0.0708,-0.0062,3.955,0
52.955,4.0445,0.0910,0.0212,3.809,0
53.047,4.1162,0.0747,0.0146,3.860,0
53.147,4.0938,0.1011,-0.0053,3.776,0
53.246,4.0994,0.0629,-0.0072,2.707,0
53.345,4.0937,0.0671,0.0078,3.049,0
53.444,4.0885,0.0745,-0.0116,2.627,0
53.545,4.0812,0.0553,0.0107,3.223,0
53.647,4.0637,0.0949,-0.0025,4.283,0
53.750,4.0553,0.0736,0.0227,2.739,0
53.852,4.0385,0.0689,-0.0002,3.837,0
53.946,4.0100,0.0642,0.0048,3.569,0
54.045,4.0016,0.0689,0.0164,2.422,0
54.146,4.0022,0.1087,0.0230,3.970,0
54.245,4.0223,0.1297,0.0040,2.845,0
54.349,4.0617,0.1003,0.0103,6.185,0
54.445,4.0810,0.1049,0.0011,2.825,0
54.552,4.0607,0.0912,0.0253,7.509,0
54.659,4.0791,0.1058,-0.0037,4.484,0
54.750,4.0519,0.0810,-0.0085,7.187,0
54.852,4.0828,0.0976,-0.0173,6.563,0
54.945,4.0281,0.1214,-0.0071,2.655,0
55.052,4.0923,0.1364,-0.0208,3.980,0
55.145,4.0842,0.1434,0.0094,2.420,0
55.245,4.1036,0.1229,0.0321,2.859,0
55.349,4.1735,0.1215,0.0082,5.397,0
55.447,4.1701,0.1090,-0.0079,3.669,0
55.547,4.1523,0.1095,0.0283,3.777,0
55.648,4.1397,0.1058,0.0008,5.513,0
55.745,4.1500,0.1033,0.0115,2.997,0
55.845,4.1340,0.0793,0.0213,2.589,0
55.947,4.1195,0.0843,0.0261,4.367,0
56.048,4.1307,0.1020,0.0303,4.276,0
56.150,4.1131,0.1263,0.0094,7.391,0
56.248,4.1569,0.0976,0.0189,3.920,0
56.347,4.1170,0.1319,-0.0133,3.484,0
56.447,4.1042,0.1195,0.0019,3.985,0
56.546,4.0691,0.1233,-0.0147,4.022,0
56.646,4.0661,0.0804,-0.0191,3.938,0
56.744,4.0799,0.1120,-0.0034,2.402,0
56.845,4.0980,0.1531,-0.0043,2.543,0
56.944,4.0882,0.1185,-0.0009,2.398,0
57.045,4.1197,0.0970,-0.0008,3.462,0
57.146,4.1115,0.1458,0.0009,3.789,0
57.246,4.1030,0.1371,0.0289,3.429,0
57.358,4.0658,0.1296,0.0482,5.108,0
57.447,4.1423,0.1208,0.0607,3.368,0
57.545,4.1139,0.1436,0.0551,3.390,0
57.645,4.1029,0.1568,0.0344,2.821,0
57.746,4.1116,0.1460,0.0342,4.040,0
57.848,4.1149,0.1572,0.0410,5.390,0
57.950,4.1837,0.1212,-0.0143,5.328,0
58.047,4.1245,0.1268,0.0153,4.258,0
58.150,4.0916,0.1273,0.0447,7.013,0
60.727,4.1116,0.1020,0.0225,3.371,0
60.828,4.1094,0.1431,0.0351,5.144,0
60.926,4.1358,0.0966,0.0414,2.632,0
61.027,4.1588,0.1187,0.0279,4.536,0
61.127,4.1274,0.1182,0.0295,3.204,0
61.226,4.1148,0.1158,0.0247,2.697,0
61.327,4.1206,0.1008,0.0146,3.545,0
61.427,4.1178,0.1128,0.0114,4.019,0
61.526,4.1484,0.1722,-0.0003,2.643,0
61.627,4.1527,0.1649,0.0047,4.072,0
61.730,4.2038,0.1654,0.0090,6.154,0
61.827,4.1628,0.1376,0.0043,4.092,0
61.927,4.1715,0.1476,-0.0076,3.398,0
62.027,4.1625,0.1516,0.0069,3.868,0
62.128,4.1514,0.1394,0.0082,4.682,0
62.230,4.1101,0.1494,0.0219,6.367,0
62.325,4.1062,0.1645,0.0149,2.298,0
62.427,4.0899,0.1673,-0.0003,3.686,0
62.529,4.0363,0.1489,-0.0004,5.412,0
62.628,4.0524,0.1301,-0.0102,3.767,0
62.728,4.0365,0.1318,-0.0142,4.324,0
62.827,4.1230,0.1405,-0.0089,3.898,0
62.928,4.0883,0.1490,-0.0248,2.798,0
63.027,4.1755,0.1047,-0.0404,3.872,0
63.132,4.1848,0.1208,-0.0295,9.020,0
63.238,4.1588,0.1177,-0.0262,4.907,0
63.328,4.1538,0.1447,-0.0321,2.839,0
63.429,4.1613,0.1640,-0.0510,4.197,0
63.530,4.1533,0.1206,-0.0272,7.002,0
63.628,4.1271,0.1756,-0.0351,4.875,0
63.727,4.1566,0.1748,-0.0296,3.981,0
63.825,4.1713,0.1658,-0.0303,2.705,0
63.929,4.1772,0.1317,-0.0339,5.665,0
64.030,4.1325,0.1835,-0.0386,7.225,0
64.136,4.0864,0.1602,-0.0173,11.640,0
64.232,4.0724,0.1721,-0.0374,5.335,0
64.328,4.1123,0.1770,-0.0154,4.710,0
64.428,4.1287,0.1609,0.0123,4.299,0
64.527,4.1093,0.1684,0.0110,3.615,0
64.626,4.0948,0.1208,-0.0044,2.823,0
64.725,4.1162,0.1410,-0.0039,2.070,0
64.829,4.1082,0.1488,-0.0180,4.825,0
64.933,4.0987,0.1558,-0.0143,4.708,0
65.026,4.1166,0.1293,-0.0346,2.810,0
65.127,4.1316,0.1329,-0.0174,3.282,0
65.228,4.1469,0.1032,-0.0182,4.738,0
65.335,4.1666,0.1158,-0.0124,3.941,0
65.428,4.1533,0.1288,-0.0084,4.122,0
65.527,4.1698,0.1301,0.0372,2.982,0
65.632,4.1408,0.1121,0.0051,3.168,0
65.732,4.1823,0.1351,0.0213,2.880,0
65.827,4.1564,0.1579,0.0162,3.835,0
65.926,4.1500,0.1601,-0.0276,2.234,0
66.025,4.1320,0.1632,0.0085,2.145,0
66.127,4.1395,0.1364,0.0222,3.502,0
66.229,4.1327,0.1454,0.0261,5.858,0
66.327,4.1120,0.1657,0.0070,2.893,0
66.427,4.0732,0.1712,0.0089,4.313,0
66.528,4.1384,0.1469,0.0219,4.569,0
66.626,4.1248,0.1697,0.0278,3.555,0
66.726,4.1261,0.1552,0.0059,2.976,0
66.828,4.1113,0.1497,0.0256,4.842,0
66.925,4.1286,0.1694,0.0349,2.397,0
67.026,4.1109,0.1676,0.0563,2.805,0
67.127,4.1232,0.2084,0.0256,4.278,0
67.229,4.1486,0.2080,0.0015,4.309,0
67.330,4.1902,0.1853,0.0144,4.329,0
67.429,4.1722,0.1516,-0.0266,3.980,0
67.528,4.1902,0.1463,-0.0054,3.656,0
67.626,4.1773,0.1365,-0.0131,2.949,0
67.727,4.1205,0.1300,-0.0285,4.605,0
67.826,4.1498,0.1469,-0.0126,3.188,0
67.928,4.1715,0.1794,-0.0131,4.164,0
68.038,4.1633,0.1485,-0.0156,5.085,0
68.133,4.1605,0.1875,-0.0187,3.120,0
68.227,4.1437,0.1828,-0.0266,3.607,0
68.326,4.1816,0.2134,-0.0065,3.321,0
68.426,4.1634,0.1936,0.0022,2.669,0
68.526,4.1708,0.1807,0.0155,2.651,0
68.629,4.1607,0.1905,0.0088,3.954,0
68.726,4.2050,0.1554,0.0135,3.064,0
68.826,4.1332,0.1794,-0.0053,2.344,0
68.930,4.1595,0.1873,0.0090,4.548,0
69.026,4.1412,0.1742,0.0029,2.578,0
69.125,4.1891,0.1288,0.0105,2.574,0
69.228,4.1504,0.1398,0.0008,3.684,0
69.327,4.1944,0.1523,0.0000,3.746,0
69.430,4.1629,0.1499,0.0205,3.882,0
69.530,4.1962,0.1526,0.0129,6.418,0
69.626,4.1834,0.1591,-0.0011,2.694,0
69.732,4.1862,0.1684,-0.0165,4.576,0
69.830,4.2210,0.1448,-0.0047,3.014,0
69.927,4.2114,0.1528,-0.0064,3.773,0
70.026,4.2249,0.1472,0.0072,2.524,0
70.132,4.1673,0.1843,-0.0094,5.878,0
70.226,4.2101,0.1957,-0.0123,3.172,0
70.327,4.2013,0.1905,-0.0123,2.363,0
70.425,4.1785,0.1950,-0.0181,2.348,0
70.527,4.1602,0.1827,-0.0064,3.379,0
70.628,4.1769,0.2026,0.0106,4.835,0
70.729,4.1709,0.1411,-0.0060,5.890,0
70.828,4.1352,0.1624,0.0271,3.310,0
70.927,4.1441,0.1316,0.0278,4.029,0
71.032,4.1597,0.1562,0.0148,3.460,0
71.126,4.1793,0.1634,0.0307,2.300,0
71.229,4.1904,0.1686,0.0266,5.644,0
71.329,4.1690,0.1707,0.0406,4.764,0
71.427,4.1569,0.1731,0.0398,2.184,0
71.531,4.1344,0.1964,0.0484,7.225,0
71.627,4.1686,0.1608,0.0433,3.870,0
71.726,4.1243,0.1509,0.0358,3.222,0
71.829,4.1436,0.1435,0.0266,4.849,0
71.928,4.1607,0.1506,0.0166,4.730,0
72.027,4.1991,0.1922,0.0038,3.145,0
72.127,4.1227,0.1887,-0.0014,3.190,0
72.227,4.1538,0.1827,-0.0016,3.829,0
72.327,4.0973,0.1630,0.0021,2.925,0
72.426,4.1198,0.1867,0.0105,2.131,0
72.528,4.1283,0.1919,-0.0059,5.134,0
72.629,4.1411,0.2171,-0.0147,5.052,0
72.733,4.1346,0.1931,-0.0056,5.863,0
72.832,4.0900,0.2039,-0.0220,7.864,0
72.926,4.1214,0.2019,0.0110,2.850,0
73.026,4.1456,0.2174,-0.0140,2.268,0
73.126,4.1802,0.2143,-0.0193,2.794,0
73.227,4.1706,0.2151,-0.0336,2.818,0
73.329,4.1786,0.2058,-0.0192,4.796,0
73.429,4.1783,0.2274,-0.0444,5.549,0
73.527,4.2043,0.1946,-0.0014,3.166,0
73.627,4.2346,0.1720,-0.0005,3.714,0
73.729,4.2094,0.1746,0.0179,5.614,0
73.828,4.2104,0.1692,-0.0004,4.082,0
73.927,4.1907,0.1674,0.0265,4.388,0
74.025,4.2415,0.1568,0.0095,2.413,0
74.125,4.2349,0.1485,-0.0058,2.298,0
74.226,4.2013,0.0986,0.0160,2.654,0
74.325,4.2226,0.1301,0.0044,2.524,0
74.428,4.2035,0.1333,0.0063,3.143,0
74.526,4.2631,0.1565,-0.0039,2.834,0
74.636,4.2316,0.1924,0.0193,2.913,0
74.734,4.2403,0.1925,-0.0019,2.862,0
74.827,4.2099,0.1608,0.0294,3.913,0
74.927,4.2049,0.1860,0.0362,2.850,0
75.026,4.2044,0.1591,0.0308,2.538,0
75.128,4.2117,0.1909,0.0262,3.691,0
75.230,4.2127,0.1869,-0.0040,6.133,0
75.325,4.2118,0.1789,-0.0104,2.465,0
75.431,4.2201,0.1818,0.0200,4.473,0
75.526,4.1967,0.1960,0.0039,3.275,0
75.631,4.1850,0.2042,0.0028,4.041,0
75.727,4.1417,0.1744,-0.0068,3.907,0
75.826,4.1930,0.1594,0.0006,2.730,0
75.934,4.1584,0.1461,0.0203,4.634,0
76.026,4.1769,0.1874,0.0263,2.689,0
76.126,4.1569,0.1800,0.0133,2.828,0
76.226,4.1535,0.1690,-0.0166,2.813,0
76.329,4.1430,0.1579,-0.0023,3.855,0
76.426,4.1424,0.1828,-0.0117,3.411,0
76.533,4.1911,0.1854,-0.0064,9.934,0
76.625,4.2064,0.1906,-0.0033,2.449,0
76.729,4.2239,0.1829,-0.0038,4.956,0
76.827,4.1864,0.1624,-0.0235,4.472,0
76.929,4.2284,0.1742,0.0059,5.415,0
77.025,4.2298,0.1683,0.0024,2.718,0
77.127,4.1931,0.1888,-0.0043,3.668,0
77.238,4.1859,0.1890,-0.0131,4.741,0
77.327,4.2310,0.1930,-0.0262,3.040,0
77.431,4.2089,0.1746,-0.0322,6.451,0
77.526,4.1809,0.1806,-0.0334,3.331,0
77.627,4.1996,0.1895,-0.0254,2.252,0
77.729,4.1818,0.1940,-0.0257,5.076,0
77.828,4.1716,0.1603,0.0045,4.410,0
77.927,4.1415,0.1807,-0.0023,3.777,0
78.030,4.1408,0.1880,-0.0124,6.397,0
78.126,4.1459,0.1957,-0.0011,3.198,0
78.226,4.1670,0.1874,-0.0155,3.480,0
78.329,4.1728,0.1671,0.0088,4.363,0
78.427,4.1642,0.1708,-0.0019,3.446,0
78.526,4.1867,0.1782,-0.0147,3.613,0
78.630,4.1736,0.1590,0.0005,4.178,0
78.727,4.2102,0.1542,0.0152,2.916,0
78.826,4.1815,0.1581,-0.0025,2.122,0
78.930,4.2213,0.1361,0.0163,6.612,0
79.029,4.2298,0.1375,0.0295,5.652,0
79.131,4.1854,0.1644,0.0187,7.029,0
79.228,4.1929,0.1555,0.0382,2.938,0
79.328,4.1626,0.1492,0.0007,3.345,0
79.427,4.1935,0.1292,0.0267,3.468,0
79.527,4.1834,0.1433,0.0185,2.920,0
79.630,4.1762,0.1784,0.0155,7.350,0
79.730,4.2072,0.1842,0.0205,7.100,0
79.829,4.2354,0.1364,-0.0032,5.515,0
79.928,4.1875,0.1661,-0.0001,3.081,0
80.026,4.1617,0.1589,-0.0109,3.195,0
80.131,4.1982,0.1625,-0.0011,7.702,0
80.229,4.1935,0.1736,-0.0078,4.682,0
80.327,4.1834,0.1720,0.0038,2.966,0
80.426,4.2076,0.1448,-0.0102,3.482,0
80.525,4.1597,0.2000,-0.0006,2.463,0
80.626,4.1447,0.1998,-0.0006,2.136,0
80.727,4.1268,0.2047,-0.0130,3.789,0
80.825,4.1436,0.1922,0.0080,2.342,0
80.933,4.1978,0.1701,-0.0133,7.613,0
81.029,4.1763,0.2038,-0.0006,4.561,0
81.128,4.2063,0.1709,-0.0157,3.237,0
81.229,4.1943,0.2045,0.0414,4.923,0
81.326,4.2531,0.1550,0.0114,2.544,0
81.427,4.2336,0.1909,0.0002,3.381,0
81.526,4.1641,0.1925,0.0163,2.840,0
81.627,4.2252,0.1750,0.0072,3.600,0
81.728,4.1964,0.1950,0.0021,4.742,0
81.826,4.2095,0.1877,0.0264,3.605,0
81.930,4.2122,0.2219,-0.0014,3.528,0
82.027,4.1553,0.2232,-0.0032,3.735,0
82.125,4.1765,0.1609,0.0172,2.342,0
82.229,4.1788,0.1988,-0.0020,4.926,0
82.327,4.1597,0.1797,0.0041,4.145,0
82.433,4.1872,0.2056,-0.0205,5.442,0
82.527,4.1742,0.2091,-0.0327,3.126,0
82.628,4.1762,0.2469,-0.0001,2.771,0
82.727,4.2009,0.1999,-0.0069,4.083,0
82.828,4.2037,0.1919,-0.0232,2.845,0
82.927,4.1323,0.1728,0.0015,4.288,0
83.029,4.1507,0.1903,0.0132,3.924,0
83.126,4.1645,0.1934,-0.0215,3.209,0
83.227,4.1731,0.2146,0.0013,4.177,0
83.328,4.1599,0.1904,-0.0088,4.799,0
83.426,4.1580,0.1981,-0.0264,2.754,0
83.529,4.1668,0.2018,-0.0189,5.263,0
83.626,4.1658,0.1896,-0.0161,2.765,0
83.728,4.1710,0.2100,-0.0147,4.305,0
83.827,4.2078,0.2017,0.0069,4.084,0
83.927,4.2188,0.2031,0.0101,2.808,0
84.032,4.2174,0.2125,0.0038,4.500,0
84.130,4.1706,0.2041,-0.0100,3.958,0
84.233,4.1853,0.1929,-0.0062,3.091,0
84.326,4.1727,0.1988,-0.0074,3.495,0
84.425,4.1571,0.1768,-0.0062,2.411,0
84.529,4.1670,0.2022,0.0036,5.468,0
84.627,4.1542,0.1819,0.0208,2.981,0
84.727,4.1739,0.1927,-0.0112,3.865,0
84.827,4.1913,0.1843,0.0109,2.815,0
84.928,4.1685,0.1462,0.0159,3.235,0
85.028,4.1850,0.1684,-0.0426,4.773,0
85.127,4.1829,0.2107,-0.0302,3.621,0
85.226,4.1866,0.2250,-0.0398,2.566,0
85.331,4.1816,0.2197,-0.0521,5.783,0
85.427,4.1855,0.2118,-0.0085,2.438,0
85.528,4.2179,0.2111,-0.0421,5.239,0
85.628,4.2683,0.2114,-0.0117,4.185,0
85.727,4.2282,0.2382,0.0045,3.082,0
85.827,4.2322,0.1818,-0.0387,3.619,0
85.927,4.2287,0.1474,-0.0178,3.313,0
86.027,4.1997,0.1623,-0.0118,3.749,0
86.133,4.1986,0.1524,0.0021,9.794,0
86.229,4.2367,0.1485,-0.0015,3.615,0
86.332,4.2236,0.1520,0.0111,4.124,0
86.428,4.1931,0.1753,0.0051,4.107,0
86.529,4.2193,0.1620,0.0252,5.616,0
86.626,4.1507,0.1619,0.0158,2.534,0
86.727,4.1666,0.1570,0.0081,4.044,0
86.826,4.1527,0.1587,-0.0013,3.208,0
86.926,4.1757,0.1662,-0.0063,2.701,0
87.026,4.1787,0.1764,0.0086,2.998,0
87.141,4.1704,0.1870,-0.0266,3.347,0
87.227,4.1990,0.2160,-0.0246,3.497,0
87.328,4.1921,0.2149,0.0053,3.238,0
87.427,4.1815,0.2265,0.0002,2.643,0
87.526,4.1646,0.2361,0.0355,2.693,0
87.629,4.1512,0.1927,0.0449,4.348,0
87.728,4.1363,0.2081,0.0450,5.006,0
87.828,4.1716,0.1742,0.0192,2.862,0
87.926,4.2189,0.1475,0.0152,3.230,0
88.028,4.2275,0.1581,0.0171,4.637,0
88.128,4.2238,0.1655,0.0161,4.617,0
88.226,4.2184,0.1559,-0.0038,3.012,0
88.327,4.2635,0.1804,-0.0014,2.993,0
88.432,4.1991,0.1920,0.0061,3.249,0
88.527,4.1650,0.1655,0.0044,3.229,0
88.625,4.1975,0.1725,0.0331,2.740,0
88.727,4.2010,0.2015,0.0116,3.665,0
88.836,4.1809,0.1903,0.0064,10.357,0
88.926,4.1544,0.1699,0.0078,2.497,0
89.028,4.1811,0.1727,0.0109,3.277,0
89.127,4.2200,0.2083,0.0269,2.571,0
89.225,4.1852,0.2443,0.0015,2.536,0
89.328,4.2059,0.2289,0.0207,3.444,0
89.426,4.2041,0.2270,0.0321,3.031,0
89.538,4.1878,0.2378,0.0259,4.024,0
89.628,4.1806,0.2430,0.0424,4.988,0
89.728,4.2253,0.2026,0.0201,4.175,0
89.832,4.2207,0.1971,0.0143,8.809,0
89.926,4.2003,0.2045,0.0280,3.491,0
90.027,4.1748,0.2081,-0.0030,3.004,0
90.126,4.1949,0.1785,-0.0016,3.087,0
90.227,4.2503,0.2068,0.0052,3.364,0
90.329,4.2374,0.2169,0.0070,5.933,0
90.427,4.2191,0.1995,0.0106,3.690,0
92.989,4.2090,0.2307,0.0253,5.623,0
93.093,4.1960,0.2268,0.0128,12.030,0
93.182,4.1914,0.2188,0.0372,3.294,0
93.283,4.1935,0.1885,0.0200,3.341,0
93.390,4.1653,0.2042,0.0516,11.378,0
93.483,4.1713,0.1952,0.0574,3.728,0
93.586,4.1703,0.2310,0.0155,5.228,0
93.682,4.1806,0.2227,0.0197,3.179,0
93.782,4.1266,0.2015,-0.0117,3.137,0
93.891,4.1460,0.1944,-0.0136,4.074,0
93.983,4.1675,0.1975,-0.0065,3.865,0
94.082,4.2085,0.1909,-0.0140,3.261,0
94.182,4.1635,0.2030,-0.0028,2.556,0
94.281,4.2037,0.1906,0.0069,2.822,0
94.384,4.1875,0.1875,-0.0348,2.968,0
94.485,4.2042,0.1940,-0.0332,5.284,0
94.582,4.1840,0.2139,-0.0302,3.316,0
94.685,4.1901,0.2027,0.0085,5.423,0
94.782,4.1752,0.2008,-0.0059,3.397,0
94.881,4.1701,0.1776,0.0083,2.448,0
94.981,4.1797,0.1827,-0.0109,2.632,0
95.086,4.1759,0.1581,0.0027,6.822,0
95.182,4.1703,0.1784,0.0099,2.400,0
95.288,4.2190,0.1991,-0.0011,3.845,0
95.387,4.2467,0.1776,0.0286,8.596,0
95.481,4.2310,0.1652,0.0038,2.128,0
95.587,4.2446,0.1859,0.0201,4.020,0
95.682,4.2105,0.1691,0.0201,4.079,0
95.781,4.2478,0.1922,0.0019,2.565,0
95.883,4.2035,0.1480,-0.0123,4.513,0
95.982,4.2453,0.1967,-0.0171,3.291,0
96.083,4.2169,0.1914,-0.0181,4.909,0
96.183,4.1659,0.2009,-0.0288,3.315,0
96.291,4.1682,0.2089,-0.0028,4.856,0
96.382,4.2262,0.2486,-0.0281,2.938,0
96.484,4.1517,0.2439,-0.0163,3.245,0
96.583,4.1555,0.2305,-0.0273,4.315,0
96.683,4.1468,0.2287,-0.0195,4.045,0
96.781,4.1470,0.2156,-0.0031,2.739,0
96.889,4.1416,0.2105,0.0023,4.102,0
96.984,4.1650,0.2116,0.0077,3.615,0
97.086,4.1396,0.1950,0.0296,6.904,0
97.184,4.0969,0.2271,0.0166,4.986,0
97.281,4.1061,0.1933,-0.0094,2.785,0
97.384,4.1369,0.1855,-0.0103,4.826,0
97.482,4.1693,0.1850,-0.0269,3.854,0
97.592,4.1610,0.1634,-0.0285,3.571,0
97.682,4.1582,0.2022,-0.0190,2.975,0
97.788,4.1311,0.2189,-0.0099,3.805,0
97.886,4.1436,0.2120,0.0038,7.509,0
97.986,4.1305,0.1968,0.0007,3.694,0
98.082,4.1379,0.1981,0.0169,2.976,0
98.182,4.1538,0.1967,0.0315,3.375,0
98.283,4.0983,0.2068,0.0068,3.414,0
98.382,4.0435,0.1934,0.0184,3.596,0
98.489,4.1441,0.2018,0.0330,9.654,0
98.582,4.1595,0.2122,0.0356,2.675,0
98.682,4.1779,0.2018,0.0222,2.393,0
98.784,4.1780,0.2162,0.0256,4.651,0
98.881,4.1940,0.1853,0.0033,2.708,0
98.984,4.2330,0.1701,0.0013,5.743,0
99.085,4.1891,0.2168,-0.0140,3.233,0
99.182,4.2040,0.2093,-0.0020,3.189,0
99.282,4.2213,0.1958,-0.0040,3.057,0
99.387,4.1682,0.2310,0.0200,8.176,0
99.484,4.1680,0.1976,-0.0049,2.913,0
99.581,4.2029,0.1918,0.0219,2.678,0
99.683,4.2256,0.2050,0.0088,4.222,0
99.783,4.2206,0.1926,0.0185,2.646,0
99.884,4.2322,0.1912,0.0239,3.942,0
99.982,4.1798,0.1995,0.0005,3.166,0
100.082,4.2279,0.2037,0.0307,3.569,0
100.181,4.2138,0.1951,-0.0060,3.117,0
100.291,4.1967,0.2300,0.0152,5.527,0
100.388,4.2206,0.2061,-0.0077,5.201,0
100.485,4.2013,0.2426,-0.0207,3.848,0
100.587,4.2086,0.2220,-0.0017,6.172,0
100.692,4.1873,0.2272,-0.0446,3.935,0
100.782,4.2267,0.2141,-0.0430,2.813,0
100.890,4.1798,0.1986,-0.0289,4.950,0
100.991,4.1960,0.2291,-0.0312,3.820,0
101.090,4.1692,0.2028,-0.0371,8.430,0
101.188,4.1237,0.2228,-0.0325,4.857,0
101.288,4.1561,0.2325,-0.0101,5.899,0
101.382,4.1419,0.2191,0.0133,3.100,0
101.484,4.1766,0.2131,-0.0108,5.613,0
101.587,4.1832,0.1925,0.0014,5.202,0
101.682,4.1685,0.2027,-0.0089,3.177,0
101.788,4.1264,0.1681,0.0184,4.318,0
101.882,4.1640,0.1470,0.0266,2.424,0
101.982,4.1848,0.1816,0.0070,3.036,0
102.090,4.1900,0.1561,0.0058,8.381,0
102.181,4.1732,0.1764,-0.0185,2.726,0
102.283,4.1385,0.1811,-0.0217,3.896,0
102.390,4.1857,0.1739,-0.0144,8.988,0
102.488,4.1835,0.1685,-0.0148,7.359,0
102.582,4.2277,0.1344,0.0020,3.265,0
102.682,4.2047,0.1534,-0.0062,3.067,0
102.782,4.2039,0.1624,-0.0227,3.218,0
102.882,4.2268,0.1138,-0.0222,3.542,0
102.985,4.1952,0.1297,-0.0178,3.956,0
103.081,4.1880,0.1333,-0.0199,2.251,0
103.184,4.2221,0.1665,-0.0520,4.072,0
103.282,4.1753,0.1946,-0.0114,3.343,0
103.381,4.1943,0.2085,-0.0219,2.628,0
103.486,4.1698,0.2067,-0.0180,4.519,0
103.583,4.1871,0.1750,-0.0136,4.220,0
103.688,4.1903,0.1983,0.0057,3.609,0
103.784,4.1919,0.1644,-0.0177,3.324,0
103.882,4.2051,0.1903,0.0255,2.506,0
103.982,4.2072,0.1564,0.0349,3.666,0
104.082,4.2281,0.1502,-0.0032,3.390,0
104.183,4.1881,0.1569,-0.0073,4.070,0
104.282,4.1311,0.1679,0.0006,2.938,0
104.388,4.1859,0.1960,0.0050,9.848,0
104.482,4.1775,0.1863,0.0115,3.351,0
104.581,4.2084,0.1889,-0.0147,2.748,0
104.681,4.1883,0.1991,0.0033,3.038,0
104.782,4.1765,0.2063,0.0226,3.175,0
104.881,4.2035,0.2114,0.0519,1.712,0
104.987,4.1442,0.2425,0.0305,8.175,0
105.084,4.2129,0.2157,0.0529,2.877,0
105.183,4.1630,0.2229,0.0185,4.022,0
105.284,4.1948,0.2340,0.0044,3.510,0
105.385,4.2020,0.2235,0.0269,5.446,0
105.483,4.1679,0.2382,0.0154,4.093,0
105.583,4.1757,0.2185,0.0314,4.446,0
105.691,4.1331,0.2179,0.0278,7.818,0
105.785,4.1476,0.2004,0.0228,6.095,0
105.891,4.1622,0.2171,0.0134,4.729,0
105.986,4.1492,0.2161,0.0060,6.373,0
106.082,4.1816,0.1981,0.0011,3.734,0
106.183,4.1872,0.1807,0.0312,3.217,0
106.286,4.1593,0.1781,0.0208,6.972,0
106.383,4.1699,0.1759,0.0147,4.567,0
106.483,4.1932,0.1611,0.0189,3.558,0
106.584,4.2295,0.1760,0.0115,4.545,0
106.683,4.1973,0.1887,0.0393,4.101,0
106.781,4.1989,0.1940,0.0517,2.617,0
106.885,4.2085,0.1702,0.0230,2.506,0
106.982,4.1700,0.1945,0.0368,4.024,0
107.083,4.1638,0.1848,0.0281,2.892,0
107.183,4.1433,0.1795,0.0155,4.289,0
107.287,4.1386,0.1698,0.0097,4.644,0
107.385,4.1708,0.2009,-0.0041,4.926,0
107.481,4.1566,0.1809,-0.0176,2.944,0
